Date,AAPL,ABBV,COST,JPM,LMT,MSFT,MU,NEE,NFLX,TSLA,^GSPC
2021-07-02,0.019407013124627944,0.007932576542207895,0.011116146730099143,-0.0009609573491237249,0.0033345575596811774,0.022030532983277708,0.0027427621563379323,0.0012124598592640169,0.0008243165693560475,0.001444593124038416,0.007472095894691671
2021-07-06,0.014611162424533359,0.00485079193377125,-0.0002007484548666218,-0.016934109040348283,-0.007419656581666635,3.619075367858e-05,0.009293083971228815,0.011378265030235072,0.014243238372891159,-0.028870583198134143,-0.0020239027700217787
2021-07-07,0.017795881232490852,0.008774777264481802,0.01448606891663367,0.001172605861091215,0.012622643775297704,0.008142060788118393,-0.03591107799027525,0.002658541738633398,-0.010542057212009905,-0.02289574720602526,0.0033533465536629346
2021-07-08,-0.009242145318610373,-0.0034319553117484183,0.006085278840281569,-0.017404206373752035,-0.009326784047422045,-0.009006874079939305,-0.01429233149326003,-0.002658541738633397,-0.009749598254125892,0.01257859403128338,-0.008597881009556396
2021-07-09,0.012970409873532804,0.001974907948345637,0.012739307187622886,0.03149804450764365,0.00836134358824144,0.0018725889540544944,0.020918361552437106,-0.0018651013987500708,0.009786893277408393,0.006321812249024031,0.011214825902413766
2021-07-12,-0.004212501178792034,0.008966394098303493,-0.010948079847136699,0.014214304302414693,-0.01060109326750399,-0.002233148677340829,0.010360087815015495,0.0013325208494557761,0.0024783514244878335,0.042832279170544656,0.0034452326955940497
2021-07-13,0.007858022266598694,0.0023775743824119054,-0.0020123000138450296,-0.014984909234295305,-0.0032501873078067643,0.01311127425146582,-0.014049811709245734,-0.0030678259852583547,0.006252430895811933,-0.02534398967789286,-0.0035230111811655838
2021-07-14,0.023814955647437026,0.0064111950119610725,0.007074397819474224,-0.0034107100186538367,-0.0027034160656979832,0.0054306328260971546,0.0005094969441193335,0.011158364224352851,0.013356387202149116,-0.02293732311171139,0.0011642565654693257
2021-07-15,-0.0045021893747323365,-0.0015349858331949306,0.004551219531631853,0.00218911949926251,0.0037880777278534615,-0.005252288954423981,-0.02020544141399231,0.014686965559870254,-0.009166807554222209,-0.004263873629526309,-0.0032675735627459117
2021-07-16,-0.014175974831901375,0.00272709055436324,-0.0035270478216990523,-0.02310018802550503,-0.002938990615691082,-0.000997028864369467,-0.025144364982290366,0.014217667471221395,-0.023555493099894312,-0.009854715165981626,-0.007567415006813217
2021-07-19,-0.02728339743300891,-0.017860611781880687,0.009168936481411705,-0.03305950105850895,-0.013668850672906673,-0.013411093890441157,-0.005748993596291024,-0.012007001487803405,0.003707970876788758,0.003099673103658058,-0.015996781399983978
2021-07-20,0.025642544677786858,0.005443481935954234,0.0050336326960402945,0.018471194230979836,0.021170904745651066,0.008304316724493551,0.010802091519492883,0.0023351931273042723,-0.0023135085680416998,0.021857165705963834,0.0150488060047999
2021-07-21,-0.005144925831681219,0.008067121140902474,-0.002959109995322728,0.020822885239407538,0.0023919855441276766,0.007418901752553448,0.023595610760347937,-0.016857656585671132,-0.033353028464006236,-0.007919294852611359,0.008208041662144044
2021-07-22,0.009582670770382728,0.004690227516318425,0.006077606163459992,-0.012706803162895644,-0.002523747877393617,0.01670424023689788,-0.021739995547106348,0.003157838020270325,-0.003627872698205831,-0.00924460786068585,0.0020146392092429753
2021-07-23,0.011917571802561937,0.005514916101245218,0.014007849231603172,-0.001922864803471724,0.0022087186102277283,0.012261351104869004,0.0054133779733943534,0.014088487804549655,0.007087438555810639,-0.009097683584931696,0.010094332386254415
2021-07-26,0.0028905905229220977,-0.003390181787954842,-0.0004724520917869705,0.006682156482734443,-0.0339768382632746,-0.0021427316620400852,0.004729512629141785,-0.0037634415052133475,0.002093186067573675,0.02189168871378688,0.0023793669227295928
2021-07-27,-0.01501249590438721,0.0014422511280701433,0.0026191472413453704,-0.001319938945931439,0.017987033978012223,-0.008721560302247711,-0.027639343337348958,0.012276277940267852,0.004674541767041259,-0.019718078031379437,-0.004723583382178003
2021-07-28,-0.012270866841581735,0.004989298457775047,-0.00500833548120366,0.001649537647393779,-0.005136800825925589,-0.0011173800263709205,0.017760875109924978,-0.00012836751871175652,0.000751321351160075,0.0034062276545409947,-0.000186279231552706
2021-07-29,0.004541516796202218,0.0026956179149507887,0.009094203902332615,0.008532899069764437,-0.0005634592506145957,0.0009777619094393265,0.020049040130017865,0.003974292511552884,-0.009772243029846856,0.04587275846182932,0.004197331845272641
2021-07-30,0.0015097678881469752,-0.021857344133591864,0.010385905045001108,-0.008005721432769678,-0.002499222945338318,-0.005565388196774861,0.0064660634200272215,-0.0033321760987120785,0.006435267405693039,0.014437208664382839,-0.005420713608261166
2021-08-02,-0.002333760206897567,-0.0073355168439117125,-0.0018632500101843242,-0.0040271956263539166,-0.009108414071797709,-0.0003157984477553048,0.0007730166379864631,0.011613757509399178,-0.0046866725597541035,0.03217472594711166,-0.001844505670060361
2021-08-03,0.01256496704899535,0.006905474556316116,0.014236391453223385,0.011313843547535484,0.003117520519347192,0.008042969207887803,0.040636758850672576,0.007710443162501812,-0.008440816545190482,9.862134908657855e-05,0.008169961338918062
2021-08-04,-0.0027861424995916724,-0.010115627752682666,-6.895079033597438e-05,-0.010850788000558529,-0.021366020992104016,-0.0021268207125603243,0.013755785632471089,0.005650089159865308,0.012702347850761473,0.001661168327351945,-0.004643150661295458
2021-08-05,0.0007482794953038653,0.00034737201325607813,0.018560584785723762,0.012550066190970228,-0.0023808878715002465,0.010450884792191507,-0.005994766589062413,0.007732459174689566,0.014469046747038198,0.005205072568156722,0.005987485990419113
2021-08-06,-0.00477839227257055,-0.005836863717567081,-0.00806520687430583,0.028007419382232907,0.003514014541826495,-0.00020716871945072911,0.006238769074575154,0.0014900518623602638,-0.00830273581232432,-0.021971130346089583,0.0016738645485288822
2021-08-09,-0.0003422119666911997,-0.003413302515062248,0.0019089275843538088,-0.001080058440446492,-0.0027938098772193826,-0.003911185212295138,-0.022071093281696128,-0.000620522595532982,-0.0011148014866515495,0.02075293960905606,-0.0009403502649549345
2021-08-10,-0.003359867814431494,0.006641097789698954,0.005795299168780791,0.012192717833519842,0.00331832578621984,-0.006576734412867155,-0.05509960126630118,-0.0003724555593816188,-0.007974516517778422,-0.005295892009324611,0.0009921869538634502
2021-08-11,0.0017841183490180264,-0.009626450039131611,0.002862417483393035,0.011859698686799064,0.0029219975763336028,0.0017792105969985002,-0.011660435736845904,0.022591434195818723,-0.006691029999354331,-0.003061037245157465,0.0012749307180154837
2021-08-12,0.02056068334322312,0.01674269057736239,0.0023829431398102634,0.0039014823635870207,-0.00981983068352952,0.009917173829507941,-0.06582772455706452,0.0076194840458466044,-0.003284135445006786,0.020181504916966016,0.00413780773547866
2021-08-13,0.0014092147631753914,0.0072375611623751845,0.005508374199437255,-0.011250477521573104,-0.004931922362523996,0.01043489589634623,0.009492081249588355,0.005406836289117833,0.01013022903053968,-0.0070584091033222005,0.0016060163209228441
2021-08-16,0.013457143604795814,0.01643367416965981,0.011191756703464603,-0.006585078383117682,0.006321040494100746,0.00595787997298775,0.00014131039546802837,0.005973690014286123,0.0038690902774586727,-0.04418754471286682,0.0026174222619943593
2021-08-17,-0.006173307738355566,0.010501262593591635,-0.001149101581104623,-0.012154311493635267,0.0037404523381342047,-0.005173008127790971,-0.002117333953860927,0.00011904060692880138,0.0019096487332556328,-0.03027123516946714,-0.007085743507137991
2021-08-18,-0.025831600462200947,-0.020004877707706436,-0.01364415774447312,-0.009149204978715552,-0.013924092273191167,-0.006137657672485953,-0.0022627402167447737,0.005463879988129285,0.005688084608073018,0.03437259258571844,-0.01080665284525433
2021-08-19,0.0023204305654497383,0.005441438017094961,0.017879897362899123,-0.008390911765479812,-0.007232879052819695,0.020562362246733887,-0.004826295067324095,0.0015389445810033014,0.04099746674667654,-0.022783267048393844,0.001255903256156918
2021-08-20,0.010105674331083558,0.007518669100608683,0.010358714747905215,0.0028476822535533548,0.008830105293882583,0.025253544615630487,-0.0007117310805672969,0.02025463349841086,0.0058134081744118495,0.010031571629142592,0.00810860389074176
2021-08-23,0.010204736643204966,0.004534436319216687,-0.00888493277341012,0.01271631887637999,0.0005038168015849827,0.0009526584736573628,0.021272584600372204,-0.02203037593497259,0.011725176972153023,0.03756503320848795,0.008487667984412181
2021-08-24,-0.0006014542758326155,0.0026772733832317874,-0.0069260550313211995,0.006170597047067885,0.004606853245266481,-0.006685754382084717,0.0033398137287519443,-0.00308523092294496,0.00014455825569486034,0.0030958501857263057,0.0014946188019620721
2021-08-25,-0.008456985274406362,0.005998050381504557,-0.0012402459166283135,0.020403381284084712,-0.0006970262976035704,-0.0020178052376879614,0.02821749428825227,0.004624130935855052,-0.010590570984009824,0.0038177489873267093,0.00221765740325088
2021-08-26,-0.005542302129165065,0.0,-0.004264243186739052,0.005144651910657111,0.007968485871021232,-0.009715806524702074,-0.017301625653397636,-0.003988963417424499,0.004627895959014999,-0.014217568331421088,-0.0058419498276026565
2021-08-27,0.007158630063515828,-0.006833861996268995,0.0022900097075689526,0.008005053665428655,0.001022688476558842,0.0021043064301100468,0.0167612869011343,-0.004783979706467885,0.015869864527895877,0.015229452832627683,0.008769071540452218
2021-08-30,0.02996387230441945,0.008244870382817581,0.012336141970884852,-0.016137108444510377,0.00016579466378504777,0.012829381109535371,-0.011416261241712512,0.006452847143220075,0.012905729749881684,0.026324794631827943,0.0042973241068746
2021-08-31,-0.008460310159279455,0.0017401863071034229,-0.0009656541642257479,-0.003058623802779545,0.0009729384444847572,-0.005648740413710223,0.007353856483162563,0.00047636666264612757,0.005302225639933846,0.0065592749200010505,-0.0013500269158932096
2021-09-01,0.004468447727380706,-0.07306406364054419,0.0022589748010086097,-0.0014386855637050523,-0.008765119822549522,-0.00016560282225054146,0.0002713056409470834,0.015945532926535545,0.022376452970619427,-0.002217981262751364,0.00031164006095334113
2021-09-02,0.00744723989975989,-0.0022292367817405468,0.009700311421570192,0.004621895476178256,0.003889490761013135,-0.002255557656949901,0.0036558630546016145,0.01327016235214576,0.011071149084533816,-0.00231847373209337,0.002838605754404257
2021-09-03,0.004221361020628806,-0.0035772456221196364,0.0034218144602912587,-0.0060633043711595105,-0.00574200226289667,-3.256628834024071e-05,-0.0024355797285364835,-0.009177054887120138,0.003358585441308119,0.0016098361025145228,-0.0003350872611813474
2021-09-07,0.015370857357989917,-0.023477077015148378,-0.006397974390430658,-0.0017570055889417394,-0.01928563401970245,-0.003193268669769253,-0.0023059478101356626,-0.007731992739893696,0.027030478542334643,0.026035942688487673,-0.0034013524523203464
2021-09-08,-0.010134812712564969,0.012124829316013167,0.013185135949600857,-0.004469397700862933,0.006450815396260869,0.00010001683166847416,-0.018779244086921984,0.016446201234820258,-0.00108845770102287,0.0012609548743898497,-0.001319436813816666
2021-09-09,-0.006727686346972085,-0.028398921326589582,0.0005151755689920947,0.004343616155217772,-0.007224352856789389,-0.00990876443230772,0.008267935836057057,-0.006965221110545595,-0.014141229123511956,0.001312369553312357,-0.004616247150002522
2021-09-10,-0.033662211173051244,-0.005515313779651624,-0.001675430145522163,-0.011562309069151665,-0.008779455050810405,-0.005194439277070996,0.008608341712615212,-0.010657742375331831,0.0019728163704873713,-0.024935356375548032,-0.0077525522862761
2021-09-13,0.003885874652716781,0.007471217787917199,-0.011894422914933232,0.01576264253172032,0.0012424687390857824,0.004319474705596663,0.01149813976598797,-0.00412940395505986,-0.01587563369560123,0.009099139444443169,0.002273900346369644
2021-09-14,-0.009607799659186293,-0.009347605715908376,-0.0027230785367827882,-0.01760708344283124,-0.005704834075214417,0.00938353505422537,-0.011634189408348969,0.0007090431959222544,-0.019759862482951782,0.002003341828722264,-0.005763213966258604
2021-09-15,0.006124439399800362,0.01204213309026467,0.005048257793474032,0.006915718721655781,0.0021178367697122576,0.016639527946492594,0.004480317838184644,-0.0003546111938835799,0.008805581024871863,0.015117058319369688,0.008438294222079725
2021-09-16,-0.0016114508000243473,0.0028723970406110324,0.005584119366158247,-0.0004429002184322522,-0.010399786813260469,0.0013111794714019635,0.010912697796790577,-0.00723555013911416,0.006208538653637791,0.0015335851645735571,-0.0015523447127638308
2021-09-17,-0.018518490111089306,-0.0032436333517345843,-0.008235721577269126,-0.0025966038176711117,-0.0015237028020497912,-0.017683635890519463,-0.004431583383044447,-0.028497502980663156,0.004847563864148103,0.0032970919669145526,-0.0091526302757993
2021-09-20,-0.021592383902385433,-0.012422507326023867,-0.018382802189102338,-0.030391581601669854,-0.007418011404416869,-0.018749709966228423,-0.02631895102608127,0.0006122650190003733,-0.023902683300915537,-0.03936976129858423,-0.017123077726381844
2021-09-21,0.003422285068719603,0.007024163373318313,0.0021476132840152254,0.0001311303289260383,-0.007145909246185626,0.0016975298417863543,-0.0031831699408462217,0.002811390883631863,-0.003987574080729164,0.012534643183807646,-0.0008126886585469564
2021-09-22,0.016731425326273735,-0.006929988709184367,0.00048658871068979975,0.01897159843362306,0.01676096670890627,0.012740689750242356,0.025051022744100596,-0.0002440685194852254,0.030093601551300843,0.01684451236014587,0.009474585224220084
2021-09-23,0.006696597838202384,0.008887911198270097,0.0009941967412934528,0.033242740935006086,0.007201993553715215,0.0032769985222166056,0.0009457845054434004,-0.007722037141400929,0.004409152930657919,0.002258262820491851,0.012061680369935969
2021-09-24,0.0006129858037772187,-0.0027049165230145196,0.032527711856736786,0.011473747326901637,0.015338014910718983,-0.0007013180816754767,0.0001350390807053376,-0.007038564220677532,-0.0014675800980074487,0.027160841972020323,0.0014599428113642636
2021-09-27,-0.010606172669633535,0.006052486248193278,-0.01549072177280314,0.02387839716501064,0.010926496456015605,-0.017455725889395347,0.015144708482646287,-0.02433308795064671,0.0004219560111986972,0.021677401377557137,-0.002780243920187674
2021-09-28,-0.024089099264572672,-0.0035340067027081327,-0.029102010736053018,-0.00540429513688394,-0.003430106659722054,-0.03687501863312752,-0.028056826649070502,-0.019099600539932784,-0.014943059214404348,-0.017592195347548873,-0.020574317739894057
2021-09-29,0.006462289491133883,0.013877585261331949,0.00987625389820535,-0.000783080583881391,-0.005295834901049122,0.0016917248175890088,-0.020174871076012027,0.01388014069723838,0.02571765872389875,0.0048111864344248965,0.0015679543362838073
2021-09-30,-0.009355671541968905,-0.008952128791560343,-0.005415332314727355,-0.013711994680549788,-0.014927279735968295,-0.007350928901842457,-0.007858429365053942,0.0021674279307938756,0.01865445494240039,-0.0074897880450971975,-0.011981202945014901
2021-10-01,0.008094404095717744,0.01124650635370514,-0.0022727577180563117,0.02079754670432933,0.007793303830530702,0.02514961406715811,0.00014088379509658334,0.00874940232333504,0.004593396370956901,-0.00033534501293734615,0.011425952113334161
2021-10-04,-0.02491329528498248,-0.0033055436450123653,-0.018436553909533825,-0.001077763402307783,-0.005217585844394835,-0.020937552247610146,-0.0052258542067760184,0.0018916078445942654,-0.016112137465183068,0.008106673348889567,-0.013070952048643704
2021-10-05,0.014058907483157433,0.007148043942334469,0.013764100327460015,0.01619841927541996,0.005073872839908469,0.019760419462260433,-0.0017007893390913107,0.001511190217033998,0.050828281311427366,-0.0012035741082394261,0.010469517498601526
2021-10-06,0.00628748680788089,-0.0017365186508062037,0.006922887071765879,0.0021320922348256753,0.0064207432424421285,0.014951874259708755,-0.00797459649920407,0.021163436502789967,0.0067352086117230025,0.002763320999873195,0.004094399349624824
2021-10-07,0.00904333811814382,0.014078967337986019,0.007825229283112412,0.006310626835972664,0.005101514470293371,0.005918774420732158,0.008542180028461447,-0.0032079392695842646,-0.01140888832955656,0.01377889392912291,0.008264039225065405
2021-10-08,-0.002725677288402592,0.002792359184003154,-0.002254859215417736,0.000763896137579442,0.005584320260660639,0.0,-0.005971799865929387,-0.008812927910166982,0.00128108876927588,-0.010284539562274665,-0.0019155566024214522
2021-10-11,-0.0006296884574234906,-0.007583972257026048,-0.004769442499593951,-0.02125574679434376,0.009369525154101858,-0.0021046895390227113,-0.012918483260647498,-0.030121068834050083,-0.00892282313164732,0.008177997401230774,-0.006889441644339833
2021-10-12,-0.009144891694843931,-0.01617160852022675,-0.006313136750380068,-0.007710813362449712,0.0029082787329096,-0.004599326794482398,-0.036784893491647756,0.01327391301323301,-0.0033546747502365797,0.01725061613832015,-0.0024197056865549256
2021-10-13,-0.004248861450902603,-0.00036824883841747125,-0.0035193499648573817,-0.02672071357933334,0.010112832662178826,0.01164357377728897,-0.005108924344475956,0.016598097787989666,0.0076831852189698634,0.006630349593761303,0.0030179558702319183
2021-10-14,0.020023680874391468,0.015545664519473682,0.011964924896795126,0.015225196744890607,0.0008564750159286953,0.02150090884784288,0.02116610651913144,0.01571294787165932,0.006394642063881777,0.008886865672994949,0.016919162285711567
2021-10-15,0.007484852378170138,0.003848885203523809,0.0038313448298045063,0.01902631981769912,0.009756823332255537,0.004811287280721338,-0.0017712465203213123,0.0025746677200378875,-0.008731643619897408,0.02974907491710917,0.007432520637190081
2021-10-18,0.01173700572049339,-0.017531306223778374,0.020912168989384826,-0.0003601179987713021,-0.0016970312727196308,0.010073752593841133,-0.006225290017529744,-0.008360834681950487,0.015289453678446106,0.03161711443997285,0.0033690878018038262
2021-10-19,0.014967358601823001,0.0001860582297319387,0.01104382689247855,0.012055602338955891,0.01649331228187087,0.0030542174767087273,0.0045986843624174914,0.012759291595075812,0.0016132040887749646,-0.006734486474692475,0.007366142784235753
2021-10-20,0.0033554276532435003,0.008894890067982428,0.005742576045991896,0.013375873511280598,0.00016187602466719302,-0.002663876651551556,0.010306070395713237,0.022779108540792254,-0.02192885458090007,0.0017687488821671587,0.003657333598560689
2021-10-21,0.0014729626787743455,0.0032233023722758308,0.01575539674517388,-0.007874082677700511,0.005401297836350059,0.010838621912936665,0.0054049126747952566,-0.0013118533065206404,0.043846527526549266,0.03205181901693134,0.002991393168360022
2021-10-22,-0.005299121434233174,0.003487765191465606,0.009924619417379852,0.013361508360558768,0.0039050745326133104,-0.005162062416730128,-0.016599286370822263,0.0072520986863752164,0.01763395990795108,0.017387072543931938,-0.0010731292246643565
2021-10-25,-0.0003362370168279287,-0.005881433926326343,0.016686419043023627,-0.004901930526189536,0.004607362008897513,-0.003337193811488274,0.018346236973461463,-0.001541023498289136,0.010296154447124558,0.11921843486746743,0.004736959440853509
2021-10-26,0.00456454695671045,0.009083129270132929,-0.009368480578548197,0.0026874070229840914,-0.12560252326840524,0.006405102839421916,0.0026142070183333764,0.013902172375280752,-0.004685990995241893,-0.0062938149592970775,0.0018181414322441137
2021-10-27,-0.0031525435391409973,-0.010005088314607584,0.007346420981549,-0.02104844835496528,-0.0029266766280532097,0.04125177470140235,-0.01020562661653343,-0.005396607507032812,-0.00841195806894846,0.018898727534898532,-0.0050643703711055294
2021-10-28,0.024684350134468864,0.011647813378199727,0.004515301577612647,0.014962284538467055,0.0013593300365122797,0.003644492278510635,0.01944648631152962,0.016450038870969855,0.016649957533855814,0.03705562944417333,0.009781288424184026
2021-10-29,-0.01832238852438447,0.044582628771858666,0.0020569098069858436,-0.002762312681121486,0.002801857862789114,0.022166474330796333,-0.006922428940129315,-0.012692897063885307,0.023836472391635218,0.03374062327713504,0.0019474372317175562
2021-11-01,-0.005623390533030584,0.0012200159816727345,0.0006712321847038982,-0.0005305013605041096,-0.004191372283214837,-0.0068078064264649385,0.022890735617901694,0.0030420979157471813,-0.013328886019327755,0.08149724419582528,0.0017984589459023885
2021-11-02,0.0070909428044565945,0.014870261323947415,0.010355419316286002,0.003938341066234653,-0.014058957976305735,0.011350838569325322,0.0008484608721634089,-0.001988113209977028,-0.005077590278532484,-0.03074274797958024,0.003673607120388547
2021-11-03,0.009750865281351573,0.00888512861495657,0.010687486988185526,0.0003516368691999835,0.015327373653655985,0.00260832559414236,0.006900838961320541,-0.002109182342182792,0.015476025213150228,0.03509368755165895,0.00644049461289024
2021-11-04,-0.0035046282456490884,-0.0043473085359537035,0.026112552139971698,-0.013222514399453328,0.012446562534992604,0.007278795479285802,0.013798989684736173,-0.00564734698703179,-0.029323553401970695,0.01313564628546233,0.004173222342817036
2021-11-05,0.0035757161280995146,0.0010246202651687335,-0.004860226911911482,-0.0014270576471561935,0.013000251482213614,-0.0011302186855528871,0.009369207173643819,0.009043672886090953,-0.03452079038292619,-0.006378469186125081,0.003725850045284445
2021-11-08,-0.0055679712268181985,-0.009603784646223381,-0.018310417354179896,0.005992266584932205,0.0055451203560332365,0.002763822241061069,0.022240943852799844,-0.011051273804833148,0.008834644569636878,-0.04961124617557869,0.0008873940607025194
2021-11-09,0.0024562197918965435,-0.0038849739670367336,0.00967871771427371,-0.007600221289554276,-0.01061816506191985,-0.0030911199648997914,0.013719873037831601,0.0041290192760850665,0.006944933919851139,-0.12772318728902374,-0.0035049109264001276
2021-11-10,-0.019348916152607094,0.00981253219369797,-0.006310119288411839,-0.0009541405001483973,-0.0015982958450924064,-0.015448295108632293,-0.029263601483318205,0.003056549409384184,-0.013938319520259769,0.04251283809069096,-0.008259842163861058
2021-11-11,-0.00033812819982054605,-0.0010284729764165736,0.01310826158205099,-5.93755933567807e-05,-0.005166770233144294,0.004915510876534029,0.01540990511105587,0.001993341906168697,0.01635926832926679,-0.0041661953768667185,0.0005507883329889288
2021-11-12,0.014235084119277465,0.002910905161790041,0.0096953533722523,-0.004484982604746362,0.009392887724972385,0.012822187430658685,0.03622385283003182,0.010950650886025589,0.03735723063357346,-0.028701065279561472,0.007196697564130407
2021-11-15,6.669966273362783e-05,-0.0011120403831177568,0.0052458436861667545,-0.0017994959814141467,0.005471064299927653,-0.0019321675675447196,-0.006749790242608056,0.011862736437776704,-0.004816710916156615,-0.01957254315692035,-1.0739878017001878e-05
2021-11-16,0.006644498617087314,-0.003601048545156467,0.013051714163376164,-0.007230541660787516,-0.0016146395302993979,0.010184120902621427,0.0003907770362566465,-0.004130097288739873,0.011809334773735775,0.03998366090579434,0.0038577790571266367
2021-11-17,0.016355748747254383,0.007956525196683733,-0.0008166576162347912,-0.005396806218097034,0.00474839556535991,0.0006781763139795161,-0.017732227449030215,0.009155591511253525,0.006221526498137178,0.031984216103858806,-0.0026050154828958787
2021-11-18,0.028136342589037605,-0.0023889971928383706,0.005835027350178419,-0.008671116513968805,0.00026264193565804007,0.006320004638940683,0.020462283399366604,-0.0020528100372545,-0.014078825899942388,0.006744812791821567,0.0033790647401719144
2021-11-19,0.016833536356268063,-0.007114779896354758,0.00831486207347464,-0.013149677573353141,-0.0018722254315679647,0.005377147469239013,0.07513686759636287,0.008072357184104324,-0.004732541039210318,0.03643213445735007,-0.001399644604988097
2021-11-22,0.002923150591896515,-0.005088552849400398,0.010918950757109103,0.021090947289812492,0.010314540481173275,-0.009605619678602188,0.009946825910829947,-0.010815976073383225,-0.029299542079414355,0.017272096909531555,-0.003202258316960725
2021-11-23,0.002419279231361041,0.02754585566432696,0.010341813496952791,0.023631062507984357,0.0005794412322503283,-0.006346776531409943,0.018314506988959128,-0.0005724169620070421,-0.007827887512053973,-0.04223229344871564,0.001655761383195201
2021-11-24,0.003278056206566421,-0.001852008503566987,0.008164265964313572,-0.007875121466748736,-0.004646161283932337,0.0006807932221140498,0.009322856057386439,0.0032732384481001754,0.006446536569517307,0.006265105659810634,0.0022912237766672798
2021-11-26,-0.0321910853201868,-0.018285313293210727,-0.006570270596322686,-0.03059026610860731,-0.0025059637001045576,-0.024657054608955686,-0.03289797751136944,-0.012925816455095801,0.011103428909371566,-0.031013582803841335,-0.022987011159321162
2021-11-29,0.021637853774455155,0.0032562209606782945,0.0158947750441085,-0.004332066843772037,-0.004357222858339425,0.02086191234445322,0.032085625068225314,0.02941585955964223,-0.0027078317458864762,0.04964715675134432,0.013113836082824229
2021-11-30,0.03108918566137395,-0.01386927883715317,-0.028331549915242563,-0.014997700880205439,-0.015214127066363107,-0.018105493201006746,-0.025156940303823563,-0.021432781374457775,-0.033608630687497365,0.006810578672784683,-0.019143381187850562
2021-12-01,-0.0032113176038333266,0.00545006050209405,-0.017845206264575714,-0.005935732051444807,-0.01480987097768762,-0.001543960025846468,0.01359755119115262,0.012140850982393587,-0.03831633953475239,-0.044440653310942796,-0.011885541457955926
2021-12-02,-0.006148608355097289,0.008248264354500224,-0.008206001133823533,0.020809438249296024,0.006404380080448783,-0.001788904602777192,-0.027020678361267116,0.008840719580691556,-0.002106577592937907,-0.009543130353379798,0.014094638396057768
2021-12-03,-0.011793727434134373,0.016799830452142374,0.006487040281115633,-0.018279030681017612,0.009874342540443627,-0.019862778633898202,-0.015319189334756032,-0.006679992124522048,-0.023536259604679685,-0.0663521763056877,-0.00848445514173865
2021-12-06,0.02127478847710113,0.020816835881796794,0.008040645623553205,0.0117444569839145,0.01825585708582473,0.009796819737146517,0.010117790313044337,0.012642747950892737,0.017385725214779994,-0.005889394805839068,0.011662599309686139
2021-12-07,0.03483248957813689,0.001317571543443199,0.016406091848570004,0.014935612020812531,-0.0023264242631135953,0.026411654201957825,0.04017631608893333,0.014034422773345968,0.020820083111951857,0.04148581070093519,0.020495603186252546
2021-12-08,0.022527500293788878,0.002958351606386991,-0.022218458907876996,-0.011507303120063617,0.005615659012542601,0.00014915912634400177,0.002211190714375521,-0.0009960341350770006,0.003988327564827681,0.016230761245708623,0.003080535586585806
2021-12-09,-0.0029745241276170663,0.018535494637809395,-0.010963246819210024,-0.001556972479986067,0.007361010517929989,-0.0055980500669242485,-0.012752613925480006,-0.004549598643774443,-0.027570591312853877,-0.06289341727027524,-0.007206988232523656
2021-12-10,0.027628063555574366,0.010576339938063409,0.06370640607400899,-0.00399631169763775,0.00371843283483273,0.02794565704869424,0.007156896928778106,0.0041067772700233715,0.001079644367641372,0.013093827482800639,0.009503769118209724
2021-12-13,-0.020890786730078423,0.008254791925161075,-0.0028674643204136758,-0.011959829302442762,0.0019408010498508865,-0.00920920822305453,-0.014009359600008549,0.016042637645101793,-0.011675636652128138,-0.051053775924629424,-0.009178158342793815
2021-12-14,-0.008055636965932754,0.006146522452566782,-0.02155068610656268,0.0076327723110554465,0.0002606701412073979,-0.03312950749740171,-0.012646189200671861,-0.018815697422196968,-0.01092691408320755,-0.008208173270999982,-0.0074987228546236715
2021-12-15,0.028110409828727548,0.02283389619146249,0.03626548035263834,-0.007506303388502342,-0.0035360508850899286,0.019035424045657747,0.028057416291168123,0.021645640969508766,0.011720570449981082,0.018072325435531507,0.016216267351890877
2021-12-16,-0.04005570152008311,0.011831962903834196,-0.022986207364073953,0.015517900746735973,0.0012185784288835633,-0.029567905507447936,-0.03528731872329126,0.0024969602544820117,-0.023377080223313206,-0.051585055672323236,-0.008781863311112446
2021-12-17,-0.006522675719536136,-0.017221459277092052,-0.009125451551222751,-0.02301704737241295,-0.0020318559731020832,-0.0033912349626125113,0.003741887870672476,-0.014085639760065426,-0.0073527642528024,0.006076947341899706,-0.01034096458405368
2021-12-20,-0.008155176754996931,0.01021555235338959,0.001733579139160147,-0.018152885136510602,-0.019720066730271654,-0.01208637632013182,-0.011755756997817186,-0.011057296942723959,0.011876768549260423,-0.03561605979548491,-0.01145339832325659
2021-12-21,0.018906822445081763,-0.00697817642809844,-0.005722248422200239,0.013869583329450604,0.009879119317985694,0.02280691398591158,0.10025186588433745,0.0056547195165507266,0.018654705114281522,0.04198665654283043,0.017621755385195486
2021-12-22,0.015202511577828304,0.01603076312769011,0.007743224415957154,0.0039007708336182,0.006930817007352608,0.017896543330048798,-0.0037562171140124705,0.003862094612866533,0.015289500306804305,0.07227140942458773,0.010128728029127596
2021-12-23,0.003637011292254682,0.007845001219988835,0.001272966320755884,0.0035671616223478596,0.011243977827813964,0.004461522692624102,0.04417252198397031,-0.0011021771281482684,-0.0002442241042819151,0.05602002567418564,0.006204412685251626
2021-12-27,0.022715199799326947,0.009869258745250598,0.023523506680507893,0.005706684420697293,0.009350370735726967,0.022920946085687607,0.00010582816568997533,0.006812422454171644,-0.0015808238482402906,0.02493491640225287,0.013744051573605864
2021-12-28,-0.005783964968003103,-0.00014886963647263156,0.0020742071155854165,0.003030265067250815,0.009857556296132388,-0.003510294405962789,-0.0159049617274791,0.006113683939233916,-0.0039384790668407135,-0.0050128185500081576,-0.0010106653988873737
2021-12-29,0.0005018246732028639,0.007192013311281422,0.005527991853825782,-0.0005043888656721676,0.0014689428686474261,0.00204921525287439,0.034163861695221086,0.0011964511277402477,-0.00027837528966867536,-0.002096907250306926,0.0014009134018576786
2021-12-30,-0.006599762073128824,0.004202091859202051,-0.006821817793573801,-0.0005046434021907857,-0.0019495051018896252,-0.0077208711358984685,-0.02399403543408334,0.00844337777373881,0.0025354990751950955,-0.014699782732613053,-0.002994233841904309
2021-12-31,-0.0035418486390841504,-0.003906840001744618,0.006698334911231449,-0.0008206162069378074,0.0051623194462838305,-0.008880379586570359,-0.0068470515934798745,0.006339856144820485,-0.015891257808786426,-0.012749774874751605,-0.0026296343734744394
2022-01-03,0.024696848776329865,0.00014762644691846335,-0.0017450901285686149,0.02093490555791429,-0.0029589451641422347,-0.004679164219681433,0.027529730874772774,-0.018376983765889365,-0.008451387994449567,0.1269116289226746,0.006353824170388397
2022-01-04,-0.012772864534176169,-0.0019216441798613772,-0.004385994351091207,0.03720887302809001,0.021303354660749483,-0.017295915999325215,0.006142916039636639,-0.010749407830792153,-0.010466858035202715,-0.04273287830059682,-0.0006298202522032699
2022-01-05,-0.026959922552840198,0.005239376810483137,-0.025688820765667506,-0.018451361895448402,-0.010692717684002883,-0.03914418840942216,-0.020342369837336022,-0.010531479401625753,-0.04079384903554375,-0.054953895352910696,-0.019583264304501073
2022-01-06,-0.01683437114408692,-0.0047218292877068396,-0.00021844965630849476,0.01056815062508202,-0.0003908829209463032,-0.007933177750440338,0.013154589456699868,-0.04513596431497214,-0.02539372122758879,-0.021758379841487693,-0.0009642337401809882
2022-01-07,0.000987886499524488,-0.0025914203779191717,-0.02508487633756798,0.009859444430629558,0.0059597700690479745,0.0005095756435034031,-0.01262526832760242,0.007434340447031287,-0.022352090625305732,-0.03609004895021842,-0.004058441082336512
2022-01-10,0.00011602983974164933,0.01113308986961945,-0.032951381635491724,0.0009565808773811814,0.008598768553151795,0.0007320225592974787,-0.0059468054058992425,-0.024840485571564833,-0.002238825314834094,0.029890740749494566,-0.0014420705375388979
2022-01-11,0.016644627441971187,0.004243432635860845,0.006206834889267522,0.0010155504599580838,0.0024469167734652714,0.002256929074844339,0.003296399268867516,0.005914497470230301,0.001832145220309479,0.005917481776156395,0.009118286452399373
2022-01-12,0.0025668057645680947,0.002333708807832198,0.007195676458217092,0.005655929200375915,-0.00782983858555465,0.010390786050484435,0.009613955069686868,0.003531798873422772,-0.006715783409180403,0.03853754612843837,0.0028137920146670695
2022-01-13,-0.019211433206539265,-0.017520974216181286,-0.017110112573161165,-0.001247351797909071,0.010681736595642909,-0.04324445193712142,0.005347932813844678,-0.002235064762105579,-0.03411856618719285,-0.06987655465675016,-0.014346029234400533
2022-01-14,0.005097621666009469,0.017447350332665108,-0.027240480120293002,-0.06343372047403611,0.02016873703019421,0.017561529863298106,0.018033424690223225,-0.020227030777059084,0.012422559909598356,0.017346435457551865,0.0008196442695905652
2022-01-18,-0.019074655114905237,0.006675202065612796,-0.030111442337316996,-0.042832158726896795,0.010465153356625954,-0.024640002127811214,-0.04721469046257005,-0.023716571066819212,-0.0287335300274448,-0.018364847454341894,-0.0185591053980085
2022-01-19,-0.021249049290595057,-0.011544756715327764,0.004273172820003089,-0.015589783118828499,0.002095868807545546,0.0022441603165810026,-0.03139123168118222,0.016357863628045425,0.009857222437428332,-0.03441330009854252,-0.009736790941460195
2022-01-20,-0.010401190970799614,-0.016254413301282033,-0.015088072213112287,-0.008564089023160032,-0.0058473902848598215,-0.005719813974159372,-0.05633490552028263,0.01107782419767649,-0.014861914923052931,0.000622510083264904,-0.011098742304330734
2022-01-21,-0.012846985580270656,-0.007924271860818727,-0.0025090447763976243,-0.017627064582886248,-0.0105317518149321,-0.018640826581320127,-0.03760932238314497,-0.010956765623213028,-0.24577853342517517,-0.0539980722931419,-0.019095995324635427
2022-01-24,-0.004876232529083895,0.0013628043379333332,0.015023074849253885,-0.0008965230554393004,0.005721727017239802,0.0011477488416512887,0.012372803472977497,-0.00826638654850352,-0.02638271532034211,-0.014835635717323473,0.0027679047582695165
2022-01-25,-0.01145026804788828,0.007012422559234707,-0.02397077472616757,0.0108413291399424,0.03640099476018647,-0.02694829056566924,-0.027251722802346348,-0.08692282187382064,-0.055032048950988025,-0.012551567227813773,-0.012246590556866267
2022-01-26,-0.0005632048025579708,0.008529069193886109,0.01280206566746195,0.00944117527257724,0.01045742002556308,0.028094830362534445,0.015367104421971952,-0.03330452870580797,-0.018509785184778124,0.02048773822340817,-0.0014977569258856588
2022-01-27,-0.0029475324627135802,0.012879676924560641,-0.0019670028870885834,-0.01780215327358614,-0.005535996866110679,0.010494083308141382,-0.04045616670360259,-0.0017915135575103571,0.07237876662419124,-0.12277997465910719,-0.005398635199970923
2022-01-28,0.06745080000387739,0.014239396120460922,0.020329984049885567,0.008906311322987881,0.010406086587168304,0.027694798267908004,0.006962536091817682,-0.00013778735607328344,-0.006069516415828343,0.02059221036289143,0.024055967914736694
2022-01-31,0.025790095932413905,-0.0074961364554135615,0.025463732820841155,0.013482723922486483,-0.010277814535756068,0.008784576670955892,0.037146588128964445,0.07465969049060962,0.1055322099298474,0.10145138741776683,0.018709826222984446
2022-02-01,-0.000972859236002148,0.0008032751700580431,0.006472264416532924,0.017014270508070237,-0.00546281440294924,-0.007164149990225238,-0.010016974980316179,-0.011458438668952966,0.06785599693172287,-0.005856643341232021,0.006839560348317067
2022-02-02,0.007019786072826977,0.011755538795407507,0.026417712006825803,-0.008037375276100597,0.0008524391847427421,0.015107242389934737,0.03688056581615096,0.006453431628491283,-0.062392623797482616,-0.02786380690498853,0.009378400448324454
2022-02-03,-0.01686145085597247,0.015106432102751172,0.001035589457828915,-0.008304364731686008,0.006074285004118857,-0.03973107832607932,-0.030516548353014195,-0.025538652018683845,-0.05720773177549646,-0.016162405874435497,-0.024693471720120656
2022-02-04,-0.0016807199637037494,-0.0005683906811826341,-0.0038406262217458857,0.02562726314553353,-0.0009500208400011648,0.015448443534334487,-0.009807542243946407,0.003162443286299147,0.011204180107208141,0.035474386816493036,0.005143678439863626
2022-02-07,-0.004243303474389957,0.01327822065318023,-0.007492658884321133,0.0033374206651410245,0.007701453756359483,-0.016444731762129676,-0.0037029383633227025,-0.00435092853952145,-0.019870875107860727,-0.017458706575610557,-0.003708580927828488
2022-02-08,0.01829829195399299,0.006852099149046463,0.010144324961195831,0.018640044700934118,0.009386480377103379,0.011923626991865745,0.03940123534391743,-0.00291143644010682,0.0035500591355934947,0.016028052271245364,0.00836611346663433
2022-02-09,0.008259522709908382,-0.0021625701412721233,0.014629056357929035,0.004159309439231763,-0.0037946094939061005,0.021599971972490126,0.04645542160216643,0.015777416479153563,0.022930398867197877,0.010787525285489406,0.014412842079264784
2022-02-10,-0.023882131395610386,-0.0034277848598376712,-0.019765902289617457,-0.004159309439231782,-0.023360997264035965,-0.02878346520906395,0.03237964268578568,-0.01590981686833404,-0.01616331297792602,-0.0298952129692807,-0.01828182448505601
2022-02-11,-0.020425356381074858,-0.0049169766612894164,-0.017137740522090814,-0.01310256920090753,0.02753438905501979,-0.024573194554299255,-0.01393976223573032,-0.006515925386666181,-0.03751783817211331,-0.050505215210130634,-0.019151682638086528
2022-02-14,0.0014220926052832504,0.006947249648058015,-0.006120696166735687,-0.009333964897766998,-0.023546880742929925,-0.0001357335406642542,0.0011133027518987397,-0.0005333553701604301,0.01335250997945932,0.018159773032297852,-0.0038479907556283146
2022-02-15,0.02288826197729254,0.012232512251137114,0.014424847902558375,0.014518200934825155,-0.012350573991129588,0.018372497005179532,0.06609530738600804,0.002266251898561338,0.027090120691492622,0.05191932445845771,0.015643717646064172
2022-02-16,-0.0013897099978421809,0.007638705118905582,-0.0029619556194702672,0.0018079257057337628,0.012169933033082421,-0.0011676513412815968,0.0006248292955630685,0.0018630453865240539,-0.02328977227877035,0.0010402120327626255,0.0008808197202838003
2022-02-17,-0.02149855197945032,-0.006189042361894512,0.005080645752705983,-0.023301767268587414,0.004821513830076607,-0.029719723862394846,-0.024554441740798724,0.0019917810544897168,-0.029081345030161004,-0.05228610180162916,-0.021400504136936647
2022-02-18,-0.009399772584883628,-0.006505120722249712,-0.004553981634854768,0.004678028921498334,-0.005959790123657361,-0.009677576484020699,-0.0317590208677064,-0.01645205888902259,0.011877403036827881,-0.022350967561475237,-0.007191961663866342
2022-02-22,-0.01797284972353372,0.010566618041388825,-0.020673707879632446,-0.0017767998646387986,-0.0006727609200688869,-0.0007292369230916249,-0.0025363809706956506,-0.005002371220301595,-0.0361964045213835,-0.04224617718140919,-0.010194735435016016
2022-02-23,-0.026204697810890912,0.00820999381803868,-0.013875570450186048,-0.02116111896279332,0.006966852242904348,-0.026234701397648028,-0.03665799948783377,-0.019986868686884568,-0.026638184689745343,-0.07254830168258311,-0.018583735748788438
2022-02-24,0.016542906629734844,-0.010204095536066077,0.020623182015121467,-0.028237774360721363,0.017359305137595118,0.049831013069287944,0.017259422299684392,0.04223674286353106,0.0596091918152765,0.04695367409397792,0.014846105252724002
2022-02-25,0.012881864152706337,0.028969647187182628,0.023283800127919186,0.023383738954093552,0.03423084814748922,0.009191037043606241,0.014195563084305146,0.022543723015010692,0.0019723500323079314,0.011299945777284081,0.022126080551265786
2022-02-28,0.0016365077932699527,-0.011906935322516403,0.003395544281556603,-0.042591816303711484,0.06453241010891957,0.00496561148374522,-0.013857970989415519,0.019806345089795858,0.009473860554250743,0.07211363413565586,-0.0024455914631261143
2022-03-01,-0.011695855398001987,-0.0005416054631276836,0.007061909664281015,-0.03845939961741323,0.051246209015113425,-0.012935031658477907,-0.029696140948075336,-0.010660691237149673,-0.021210875445568007,-0.006986492144572377,-0.015594467786613053
2022-03-02,0.02037898286849358,0.01264909000552808,0.00964902316344083,0.020528142144070963,-0.014582306923667618,0.01760948061029535,0.07845392417521738,0.001418933928517258,-0.0162087985223079,0.01779600470296842,0.018471046780652183
2022-03-03,-0.0019834043984964704,0.005600412579293053,0.009518688396230492,-0.007133573007806246,-0.004856205982011551,-0.014326242178507528,-0.04516326186620156,0.01586350687774916,-0.03197703769504173,-0.04724057511561311,-0.005268520744245652
2022-03-04,-0.018579651826662717,0.000996785753327202,-0.014264682674328335,-0.028532197646554448,0.022805212863611403,-0.020691362232603646,-0.08503565123414127,0.017862208205450366,-0.01737502945080488,-0.0011922300504741562,-0.007965684543001903
2022-03-07,-0.02400314937931217,-0.007399874852926603,0.005730047019341456,-0.039381502089781494,0.017310999081569352,-0.038508960285474486,-0.07884315619532141,0.04830889545176458,-0.032222322737572154,-0.04104369101185902,-0.029962586814416495
2022-03-08,-0.011744899476741033,-0.015509247535645873,-0.009811007822425529,-0.007067822777648882,-0.037506882675880725,-0.011031545062733518,0.019103303382892702,-0.026848044663886475,-0.02456706579081704,0.024335419149005895,-0.007260043975698096
2022-03-09,0.03439889505099174,0.011419382120248227,0.008163983292950087,0.039280519393399466,-0.0006013918365360436,0.04483758904307313,0.02912107387696335,-0.020090567140960247,0.04862860626160211,0.04107819387010212,0.025373598122141117
2022-03-10,-0.027562384574800577,0.002214483934582678,0.009562394395182926,-0.011910861959223992,-0.009764016432691772,-0.010138022719087213,-0.04796016656559998,-0.0019940507649307015,-0.005646039921492265,-0.024358017786858904,-0.004301049920247209
2022-03-11,-0.024199275257264164,-0.000737596660956506,-0.009998745498388473,-0.02278149370690379,-0.01204453144903308,-0.01951740914467674,-0.03905146943666355,-0.010786495892073781,-0.047204868883098196,-0.05259370365966602,-0.013046278933238144
2022-03-14,-0.026921560704209757,0.020189440160668714,-0.0027910830946904367,0.009881759139217993,0.012246850020544861,-0.013045594552680003,-0.04810379827618042,-0.0002524306123154157,-0.027737756439378494,-0.03711720154932235,-0.007448675095533314
2022-03-15,0.029245417527252855,0.0245479859304677,0.030650025625414867,0.017590350409139754,0.009450238888061652,0.03801090041883846,0.05207871666387479,0.03348978090031481,0.037766010028373084,0.04530634609366675,0.021182629724144964
2022-03-16,0.028602412094247798,0.001090271634456879,0.001971281855428271,0.04371624892144604,-0.0628476367384123,0.02490063350268862,0.08592755467413422,0.006443963159848874,0.03930457962382489,0.046704219074345354,0.022136921648393443
2022-03-17,0.006433241417001483,0.016145789124104616,0.017150753990764496,0.012565417276287552,0.01706075245043535,0.002815392080440154,0.010612491697682582,0.0021792900703893757,0.0380604038801931,0.03665493442277862,0.012272205068700267
2022-03-18,0.020703440762408737,0.003838737603848351,0.015366410057682236,-0.0003566621726429181,-0.005639034046239451,0.01749386807887167,-0.013881254888685007,-0.0038772385140107184,0.024469358459514593,0.03803519751155836,0.011594814411888112
2022-03-21,0.008501303642272584,0.005325039916014353,-0.010421556364852277,-0.0032173486039586093,0.03191291338207827,-0.004236268288393896,-0.013438335377529906,-0.006944303452860753,-0.0159169062084453,0.017268009913468576,-0.0004347548543014596
2022-03-22,0.020587287930042615,-0.0002499330827473075,0.00697740438383773,0.021044644527164112,0.0013399074118155348,0.016246686979638818,0.009779738455165634,0.012754332873979733,0.021994000560463613,0.0760832835953988,0.011240699554074212
2022-03-23,0.008199785229039283,-0.009986307673286725,-0.009699786415410274,-0.020113806719132994,0.01052138812020766,-0.015144211590224693,-0.04484842858942476,-0.0033849169130311055,-0.022260949924117774,0.005147863044765912,-0.012348630252495208
2022-03-24,0.022424734078991804,0.011672561462017044,0.007355347284545767,0.00648880142872034,0.010011546132670987,0.01527542132230722,0.03327993490370339,0.013592507303502161,0.0032524110917200046,0.014714339594958641,0.014242012281618024
2022-03-25,0.003727011017081567,0.006529284798369209,-0.004309466889967892,0.00870484719114922,0.008700411834023621,-0.0013818929927070726,-0.0014072489411772575,0.002863326141485935,-0.004962943914808736,-0.003240181703986614,0.005053380704237665
2022-03-28,0.005023916905196845,0.003959518984644019,0.016950864985458235,-0.0074262908745477635,-0.0193184790586939,0.022853422681991496,0.022285161789523878,0.00582056031528109,0.012387936015198284,0.07728050710253655,0.007119551020042568
2022-03-29,0.018953819909202918,0.0012955101015194805,0.008403863498513336,0.0021981031143915577,-0.017753164516221238,0.01504541627471018,0.027053715579428435,0.002247904930711645,0.03455999184501259,0.007054913567225325,0.01218204410139109
2022-03-30,-0.006671741309182349,0.009634063330566944,0.011322051534237269,-0.0045434035769478815,0.01993049301082065,-0.004926332418091051,-0.03585771438157238,0.010345396136332558,-0.02677033653623149,-0.005087674440050588,-0.006313588999088777
2022-03-31,-0.01793597553295582,-0.010065493970019351,-0.0010763043328520104,-0.03048687198569565,-0.010255247558069332,-0.01784125300238024,-0.016173650674604106,-0.009282629939415503,-0.018200109137236433,-0.01509517416561853,-0.015776335226881762
2022-04-01,-0.0017192692526491215,0.003509599528634052,-0.00048635230501811424,-0.007436764573709297,0.01032257797588159,0.003593724575442762,-0.022198369362961087,0.011735885525890086,-0.0029944014055201845,0.006465651918934319,0.0034044209614630277
2022-04-04,0.023416910765904728,-0.004867569917462137,-0.0007646346768750502,0.004424528552428234,-0.004426967756589798,0.017777917439660864,0.0193698994908346,-0.0010506583829622388,0.047147871075704305,0.05459557817973847,0.008058382532133647
2022-04-05,-0.0191236439439068,0.009467511186047032,0.00033030299582235777,-0.011705842809649526,0.007248104260131115,-0.013070352742394969,-0.04019447364495378,0.008258455847983933,-0.02941965878715256,-0.048464637280470575,-0.01263115907400537
2022-04-06,-0.0186231451109036,0.03298118332130552,0.016326495423736005,-0.013971488050126187,0.016278536873778747,-0.03729239706901075,-0.011187119304340886,0.0018514706899976203,-0.031532347344899056,-0.042589069768463106,-0.009764433912479721
2022-04-07,0.0018025615060097233,0.025542807598102433,0.03900432555282951,-0.0030464783121179513,0.023759740940475137,0.0062240168376992725,-0.006799637737074129,0.006798557393924792,-0.016975053419276732,0.01093679078037125,0.004244365552037262
2022-04-08,-0.011980233254334801,0.00964853294667787,-0.013260691626520835,0.018142460832505748,-0.008608327066651225,-0.014707409354036258,-0.01431364199798697,-0.01143427076707774,-0.01746486431965812,-0.030510186068030958,-0.0026545466755523947
2022-04-11,-0.025847270680530908,-0.029759343898416845,-0.025948745615055783,-0.00367761892433934,0.005897916673675807,-0.04023000112537384,-0.0015260445211640295,-0.017695178242159007,-0.02239117268413953,-0.049534931817513166,-0.017021334584696127
2022-04-12,0.011457450749827573,-0.014949728705261598,-0.00567757477367009,-0.011038374783510468,0.007083063699110242,-0.011281400866502027,-0.000972264241228966,-0.008191432860047582,-0.011270149481897303,0.01122853693277581,-0.0034233005304522353
2022-04-13,0.01621043829914619,-0.04279561492423862,0.016598302056476853,-0.03276421171169195,0.003501546608718485,0.019520312073374804,0.005819779375254607,-0.0040610997481980195,0.018228642566023603,0.03525937358618668,0.011112603268901934
2022-04-14,-0.03044711068146019,0.02091856774065688,-0.0011850537919061005,-0.009312365249732816,-0.0032661660853409847,-0.027457746303796392,-0.031579283665682134,-0.008896647946095562,-0.02689734504680019,-0.03723709338922126,-0.012218480383508163
2022-04-18,-0.001331743591615725,-0.01834250134098633,-0.014106722486401236,0.01838355499956774,-0.00047074387943479357,0.002462520272834823,0.01443960983161649,-0.013372156895281295,-0.009632018168675134,0.01939443951963136,-0.0002048892724065068
2022-04-19,0.01401650449441479,-0.019068540203393942,0.02070779367610158,0.020495273995393783,-0.016261858328618452,0.01689628210433359,0.02196348238761984,0.0014673984426466298,0.03132223287898192,0.023480261839117743,0.01593004474938665
2022-04-20,-0.0010160617055042865,0.002236071581608436,0.015411491098497643,0.0035022538043185353,-0.013198263095948218,0.003708581467680311,0.0064415104861882165,-0.003918171039511848,-0.4325784894950873,-0.05082502163771964,-0.0006186664061825758
2022-04-21,-0.004855662578753618,0.011547650366482856,-0.019728674701543422,-0.007782254739237698,-0.032082110759278346,-0.01957147165468244,-0.03164286012963606,-0.067626852116605,-0.03587157980163934,0.03180563608534794,-0.014862855551311067
2022-04-22,-0.02821552206651506,-0.02252014985761898,-0.0344527013474466,-0.029143052245905104,0.014119329790400563,-0.024440751440434134,-0.021521517113725165,-0.029709754348347887,-0.012450036515782656,-0.003704429607069112,-0.028132076377366966
2022-04-25,0.00671484925910564,0.00841667734836891,-0.006123260671290244,-0.0003154935270905915,-0.006526477058724983,0.02412028214272612,0.0101771758301862,0.001216246257115136,-0.02637488443308335,-0.007019222592886596,0.0056817651441118085
2022-04-26,-0.038042475838024524,-0.0007682933923255956,-0.025760058593885523,-0.030027407861152763,0.0071991343133403565,-0.0381213079564294,-0.04432219726608897,-0.006367982135367279,-0.056393627811272516,-0.1299278575282087,-0.028550008928597752
2022-04-27,-0.0014679160564547737,0.00917787909849444,0.0005780434276763489,-0.013091453131402756,-0.0024911180414556133,0.04698731721036265,-0.009135327557623191,-0.004086180265331069,-0.0509750117178115,0.005790878918745771,0.0020958490249645954
2022-04-28,0.04416540269491874,-0.008345672581022211,0.01581829513649842,0.015689302354564814,-0.0073759142330994225,0.022380243022787655,0.05431281221373121,0.0029981714622691587,0.0566042742827953,-0.004548029513557434,0.024445655340832175
2022-04-29,-0.037291530544666454,-0.06222517877360497,-0.05538490543431035,-0.032800573903305215,-0.021950346553232514,-0.04271104069091314,-0.02876524051358747,-0.03418766726646132,-0.04699748572623683,-0.007721957937068309,-0.03695915978469415
2022-05-02,0.0019645358712709086,0.006717591399547284,-0.005223410990726505,0.009090543806878073,-0.0030360726228026375,0.02473483158605977,0.03473174655751455,-0.016325309267412588,0.04669669275300152,0.03628977282780161,0.005659199293818601
2022-05-03,0.009576772327849526,0.011631485000496964,-0.001645796901622148,0.02119351974981897,0.009150004447430157,-0.009501406599280532,0.0093054285749242,0.012657562713654905,0.0020534586430653525,0.006963974902024329,0.004825465075359521
2022-05-04,0.04018960430307924,0.013214277790974272,0.030491533145218963,0.03254603543516161,0.024918598144042667,0.028685579772902238,0.03258145334746321,0.03198710043198197,0.020501835849593895,0.04659599279666411,0.029425221557325833
2022-05-05,-0.05732835641617741,0.003884450895265266,-0.051077693143750526,-0.02533817184814696,-0.005827259087311365,-0.04453174062503317,-0.03216088761146609,-0.016839720842928584,-0.08002628422172568,-0.08695990905101429,-0.03630067756409906
2022-05-06,0.0047159621010063445,0.004262388601615044,-0.027356080193245223,-0.0016152372733684048,0.014071544217500915,-0.009491356743757404,-0.013273261879135427,0.008731355181608835,-0.03981140398693252,-0.00877557365586079,-0.00569038441395277
2022-05-09,-0.033752300837136026,-0.012311107452549548,-0.009040260654982193,-0.015148054465591518,-0.02384523418979871,-0.03764546923506583,-0.0350048841579645,-0.024585715068812138,-0.04446184708782946,-0.0951126361970946,-0.03256151953960419
2022-05-10,0.015983490546603064,0.007457502000183137,0.0052584783020157575,-0.024674091318005107,0.000660745895527193,0.01842486526892573,0.014323504553232268,-0.010234613652018892,0.02600222209685815,0.016293707630266798,0.002454881760409255
2022-05-11,-0.053233398723022275,-0.0008553072553968072,-0.024997740877400303,-0.006328289976968464,0.002910688677126644,-0.03377365937575727,-0.0287058068253903,0.002995847882351582,-0.06565748203293621,-0.08615264955046516,-0.016600232095697796
2022-05-12,-0.027262197210765806,0.015216530492115266,-0.005947287041977457,-0.0008468058935051695,-0.01330316393783154,-0.020159583070968316,0.011138504682144246,-0.024368538433852324,0.04662113782712058,-0.008207980246495447,-0.0012968049941124407
2022-05-13,0.03141724303651313,-0.005133379467682425,0.02255436778724488,0.00885582692748707,0.0013337318951272162,0.02234501160896951,0.06032036297042725,0.01865457163172748,0.07368992098682065,0.05555683158900242,0.023589267956869442
2022-05-16,-0.010729676610157514,0.01275253123556388,-0.005525337607037946,-0.006993899992340199,0.0054541598841827766,0.0014541422743340677,-0.02036720114321751,0.0045738795409328604,-0.006040423163550769,-0.06055559591829793,-0.003954208517722458
2022-05-17,0.025104754433365885,-0.004448109415348647,-0.008243566055354397,0.03260980629182149,0.00785377895115616,0.020139927313114668,0.05534337224468996,0.026735776083378515,0.02148228575131742,0.050132289582274676,0.01996891958146264
2022-05-18,-0.058072849220158464,-0.015299401958153368,-0.13297537330145498,-0.01725408206575303,-0.015240185036572847,-0.04659866687656373,-0.04714671202968412,-0.014264300796267535,-0.07274449737565299,-0.07043726926027942,-0.041233809291248875
2022-05-19,-0.02495020981861278,-0.004668936261078053,-0.015182356492280401,-0.014933019256439419,-0.02025753623126228,-0.0037065600653227696,-0.023497032316244816,-0.007634436419127784,0.0348830510236759,-0.0005496144580126333,-0.005850864777347809
2022-05-20,0.0017458228932016012,-0.004690603762078781,-0.015488185709525521,-0.008232509094682917,-0.0034600034158830803,-0.0022937397102437682,-0.007230611090946082,0.010728437024195746,0.015520991764363263,-0.06631616117599509,0.0001461310919903067
2022-05-23,0.03933513856489718,-0.019930649669661706,0.0308568253403452,0.06003282444809622,0.020719818061386376,0.031529679869998675,0.00996477437625589,0.018502523428974745,0.005832128313781553,0.016432950581559483,0.018384995412060758
2022-05-24,-0.01940297855226516,0.007268910168077902,0.018981214361409576,0.014026327525138445,0.022266312191125206,-0.003959517880940289,-0.043615915666449616,0.028802363673205024,-0.03861478645073204,-0.07176955888757142,-0.008153950903558081
2022-05-25,0.0011393422152555966,0.018933108638246092,0.005468439966479736,0.006940137003460346,0.010692681356132407,0.011108309959367119,0.018589360863459855,0.0016058636601115205,0.04069336872173052,0.04762508488803113,0.009406385648931585
2022-05-26,0.0229344222930194,-0.009189328089455155,0.05499113056569337,0.017142335042869276,0.001005214378054512,0.012793033776576255,0.0394355511079018,0.0033367600845312347,0.018828098337646364,0.07164265445291097,0.019688166007720866
2022-05-27,0.0399481269231393,-0.003792624023786339,0.012332489559877523,0.014038877380505905,0.00572020625431796,0.02723008044130316,0.0378034730673103,0.037032859640154195,0.01960794990578314,0.0707688185938516,0.024441130195822013
2022-05-31,-0.005360501445016217,-0.01768899551710536,-0.00969081437446081,0.007286561062744724,-0.017232758902330544,-0.005026327487672803,0.007067191926961875,-0.02272807263400098,0.011461317404904697,-0.0018051917677216725,-0.006294135193666945
2022-06-01,-0.0008736960569719724,-0.009202599206478668,-0.019996133345854695,-0.01770103955512946,-0.0018420837880849764,0.0020208348903032617,-0.003935038684949898,0.006321383744104853,-0.023210936557434687,-0.023876273341224673,-0.007510905041155451
2022-06-02,0.016671418232701362,0.004986606388278992,0.06485441549132451,0.01596011787654994,0.004111759617477462,0.007897789417418866,0.024443642166671404,0.030385721257608276,0.061225167246561976,0.04571303469577831,0.018263225415545106
2022-06-03,-0.03931838450687806,0.0028579904008144107,-0.023573019612289307,-0.014037375529973023,0.00357537584530092,-0.016746763513450353,-0.07477154483536999,0.002162708809225464,-0.03024459192669077,-0.09672413884722543,-0.016482405609817057
2022-06-06,0.005213934156918172,-0.004358078366770746,-0.007968620087319878,-0.003309229148655229,0.0016253580999580565,-0.004714540138289251,0.007265647411750699,0.018882792012736193,-0.009290181361531879,0.01591980642197778,0.003132489407036025
2022-06-07,0.01743303211725859,0.01765524600905245,-0.0014614645350915483,0.002617590286384609,0.028655361016824834,0.013857328610347615,0.004390624771139942,-0.005125955536985488,0.007428934042166716,0.002542820180630796,0.00947833153171984
2022-06-08,-0.005056266947531537,0.0007372583127626904,-0.008065757639899484,-0.016042429457154714,-0.02865536101682478,-0.007699564102759457,-0.0310015212643108,-0.01630169847698301,0.021025130529137192,0.012397350726358317,-0.010852623040155319
2022-06-09,-0.03661773891045083,-0.025927734473699376,0.00863784230463756,-0.021239728797181487,-0.02440408844970816,-0.021002246087293435,-0.03833472267350579,-0.014760150564806907,-0.050870445839937696,-0.008970671737446728,-0.02408645766515553
2022-06-10,-0.0393946810864925,-0.015452849633339793,-0.01868862087119994,-0.04705604950622213,-0.005863961180424417,-0.04558695168863728,-0.05287306829142441,-0.01866259495875463,-0.05233952614722732,-0.0316877053198606,-0.029542414811409477
2022-06-13,-0.039036827432301906,-0.026751179284999777,-0.024161247634678244,-0.030230706940239004,-0.014658572309920837,-0.04333845869108356,-0.06226284702959224,-0.04720404148485331,-0.07518502953399364,-0.07366972655880115,-0.03953993199003993
2022-06-14,0.006650361865020493,-0.012994877393524493,0.005622704342223801,-0.01677934231724114,-0.01847449039521619,0.00916272323914754,-0.002381973253540983,-0.012926653006117643,-0.012751123470475963,0.023606322357198544,-0.003780818039489633
2022-06-15,0.0199117257109887,0.003409538401403118,0.008734861988179125,0.011766298996310699,-0.004986373207538569,0.029301847824451856,0.007129295233761205,0.03721152302705099,0.07234564613659925,0.0533736162801124,0.014487058836534478
2022-06-16,-0.0404587062988261,0.007646662459137447,-0.015441696762164076,-0.01730500973760635,-0.022739087174238448,-0.02734037057576265,-0.07205416660604792,-0.04578198953390891,-0.03825513824069365,-0.08927688581957327,-0.033052207113840666
2022-06-17,0.011466845984074521,-0.006271735825752805,-0.011286040153278994,-0.0035325368949469136,-0.0019288621753214092,0.01088069726664774,0.01336242222027574,-0.0008471250566867252,0.012383435928862273,0.017029157609637507,0.0021984473410133873
2022-06-21,0.03223592065504344,0.0368453667120811,0.03609973152594796,0.02447015934698174,0.03633584606431176,0.024293645249515175,0.018658975812362498,0.02675384690630761,-0.026558976298387927,0.08942411634475682,0.024182474960671992
2022-06-22,-0.003834750016960521,0.028108787854399388,-0.006825031803779993,-0.005627438276006005,-0.00841327900516088,-0.0024068032323941884,-0.00813148539006238,0.026592358923994152,0.04563400944354384,-0.004015858661335937,-0.0013024200953574458
2022-06-23,0.021344591842326587,0.012726992499083822,0.03217520029960696,-0.010999657908422063,-0.011694055638554428,0.022383920271273453,-0.0021322095930996696,0.033052971823129766,0.01564089523799863,-0.0043156097521520964,0.00948707248555652
2022-06-24,0.024221079101755222,0.01915301343401121,0.019534214660984695,0.029408668960110847,0.02029829586930896,0.033579877406162015,0.03872807983267049,0.01056582271763776,0.04907574759095418,0.04425503260828766,0.030105539729901033
2022-06-27,0.0,0.0052378335371184425,-0.005423662528275047,-0.0080446505416934,0.0005010093093187267,-0.010552113406306584,0.005800920206419206,-0.0016676450130086017,-0.00900027302845605,-0.003206786761701394,-0.0029774998903406716
2022-06-28,-0.030242431146053447,-0.004253625997994683,-0.02765456503676792,-0.004823317365692028,0.0034763316730407,-0.032264350519345224,-0.01577534494269135,-0.01879145729438171,-0.051755353299551186,-0.05133914578061633,-0.0203486731494949
2022-06-29,0.012940021711429406,0.010762371395636051,0.0026214998266109167,-0.004499627425488281,-0.004335312520523679,0.014630613030490241,-0.032317425525320645,-0.005772662862775392,-0.006928100323264315,-0.018100003611393488,-0.0007119988201726959
2022-06-30,-0.018192061629541692,-0.0063782858317391255,0.019892667522781477,-0.02360705494468969,0.02608370318648292,-0.013266846158774527,-0.013297798613540805,0.019028191671263257,-0.01976119176588408,-0.0177355774717728,-0.008797866246367652
2022-07-01,0.01603512897929002,0.0041698763943167376,0.013429928226883386,0.012706652980626633,0.008245931922567486,0.0106506318284772,-0.029929563083734474,0.0392406912334233,0.028636268359031408,0.012352524133575146,0.010498511296639174
2022-07-05,0.018753466426851384,0.0008450791165768855,0.005133407428902211,-0.0038109919759887964,-0.04305721805778947,0.012518706491307211,0.05582177409281072,-0.018163066423237947,0.03242218775623753,0.025215114905161356,0.0015828751061934918
2022-07-06,0.00956137826264455,-0.009136795531606338,0.008950741429054132,-0.00650317536967031,0.025300132790402104,0.012701897677450023,0.011218322417570587,0.0057979935281798995,-0.009839470046492608,-0.00573722846648063,0.003566795705066178
2022-07-07,0.023715886784149584,-0.0034807536722887104,0.004657679992747332,0.024978217677391557,-0.008725508065531726,0.00819269328016361,0.02547024312491432,0.010128143774687851,0.027912770597586838,0.05380522947187794,0.014853723180930391
2022-07-08,0.0047033325155466515,0.005576707765438339,0.013226738966833403,-0.003143082516711778,-0.0043678883369993,-0.0027608805913190014,0.006871829301190896,-0.0016185369184431708,-0.012172912654429035,0.02511707828484195,-0.00083061639612735
2022-07-11,-0.01486792840006038,0.0024828211720291124,-0.005277712331654334,-0.013203341156192544,-0.00304957078438109,-0.011838461483295334,-0.022745790325115405,0.005343872104987022,-0.052932905023972104,-0.06772231414560198,-0.011594417660525545
2022-07-12,0.006810807614461396,-0.00503780799199414,-0.016837768554866055,0.0009744053922625769,-0.0121961931903469,-0.041844697509444244,0.02342183283641568,-0.009089205720225771,-0.016430601651814536,-0.005448427397798375,-0.00928686849749371
2022-07-13,-0.002539994341384714,-0.0020355450266941427,0.0033578457328491593,-0.009427489257546032,-0.014574722732545719,-0.003752125243475296,-0.005421841236684836,0.003870010636518135,0.012022619587335498,0.016890005886123306,-0.00446686411181668
2022-07-14,0.020275667721234753,-0.001991922887958411,0.03928173520180452,-0.03556384214357298,-0.019027822311044277,0.005367007555409092,0.00829027806889381,-0.00162095855487002,-0.010132692859935266,0.005357484236889209,-0.003003138812764307
2022-07-15,0.01138499228636764,0.020917629357474647,0.021278452483691018,0.044814149438463825,-0.004832965507055319,0.010336770289709956,0.03607273388148561,-0.017880303569151497,0.07880074235640211,0.007330299130864308,0.01901923165863364
2022-07-18,-0.020859263221014283,-0.026717493453099924,-0.012797791242737805,-0.010323047503964922,-0.028258268022499516,-0.009667814363700157,-0.01770828676589888,-0.015363297317578052,0.00952562336280277,0.001997430616818738,-0.008398742485835936
2022-07-19,0.02637117255926522,0.0011359716623432499,0.007582754906329586,0.024476663960159288,0.007972582932213213,0.020554048525790042,0.03174876265531851,0.018154627217882646,0.054579897361594396,0.020505045463666282,0.02725351764373082
2022-07-20,0.013419541716122712,-0.013785063286937951,0.007602301637989301,-0.00017464921236503384,0.012322066231710933,0.010502229080607132,0.014319973425058185,-0.007758482793011752,0.07087899123277663,0.007991447618970264,0.0058784939410571665
2022-07-21,0.01498141221015811,0.0004063849006225092,0.009984312134803724,0.0067867039856178155,-5.0592739167848544e-05,0.009751470043295477,0.005356927402180618,0.006997895571021875,0.03379688465294932,0.09331246499887616,0.00981306668950467
2022-07-22,-0.008144054742388634,0.004861071776852352,0.0004910509286210774,-0.004867970707804486,-0.001164852526902696,-0.017060340386561006,-0.03762552654324791,0.017345842424427396,-0.015484638438004376,0.0019732780255828208,-0.009376287293813849
2022-07-25,-0.007426001937108134,0.011717950350055942,-0.0010956036520898915,0.004000470697702145,0.012736990876150166,-0.005894139022897107,-0.01877522216060139,0.009055589732919447,-0.008793804997751524,-0.014093787954092982,0.001314302973305868
2022-07-26,-0.008865341631254157,0.004317824737942148,-0.03306510405747925,-0.015745599724337533,-0.00750678405371018,-0.027139219354339515,-0.008179694548554465,-0.013301129642049311,-0.021276371630594784,-0.0363152186530825,-0.011610342599263359
2022-07-27,0.03366192382665569,0.0018541421615767798,0.02007348169889205,0.01591907241011964,0.004350382663926566,0.06471218695999441,0.036696675900186444,0.005864076827572916,0.05829265458176018,0.05982904612856656,0.025820048778629066
2022-07-28,0.0035651018464392344,-0.009305631980603668,0.027933061422654917,-0.0037382874150364226,0.01874209967453837,0.02814094100731428,0.0029043744672257814,0.05045957332212206,-0.003224596146589718,0.021882347827174065,0.012060319791912806
2022-07-29,0.03226702037650167,-0.04256251339849955,0.009503769229828617,0.0047790021237693265,0.01885694887862756,0.01554360523068781,-0.0033891427763924667,-0.0005918631265220404,-0.00496761041371152,0.056238328890716484,0.014107775781753557
2022-08-01,-0.006172448709082232,-0.02319190815973389,0.010127841945823755,-0.010018706280894185,0.013131862011578418,-0.009771860257261815,0.010932817690790525,0.009658566013378932,0.005807935397799919,0.0004262206792024022,-0.002827076544916728
2022-08-02,-0.009330896765070828,0.0012116110108169951,-0.006145546378422184,-0.015708072612546555,0.02240534469687602,-0.011540613096144446,-0.0011200569562462184,0.004211156264947272,-0.021402424795967278,0.011072869479979633,-0.00668468837887098
2022-08-03,0.03753445680687256,0.005752945542823234,0.006511179487313923,0.010440621302402923,0.0012119264112561451,0.02745594599001763,0.028095317842981363,0.009179033090448792,0.023698537654362112,0.022402858626649376,0.015517456270090707
2022-08-04,-0.001928452436642861,-0.016279066909165182,-0.006842275612504745,-0.011063464267020517,-0.002729119381942057,0.0041687478724388525,0.009295214711109154,0.017428015922655648,0.013927997103478168,0.004014952135593356,-0.0007776424495837734
2022-08-05,-0.0013895362432971073,-0.006354854371776811,-0.004815853427678398,0.02981106297393267,-0.004025692084322787,-0.002612251782493922,-0.03755061646305752,0.0,-0.013707531808099775,-0.0686033118290163,-0.0016270690189191196
2022-08-08,-0.0029072428773095414,0.016524618001887807,0.002272190008222216,-0.012255155529599066,-0.0059981676524635845,-0.009197052672570302,-0.01630262254840543,-0.005242597343858653,0.029158927163680348,0.007789020718917544,-0.0012383171221209141
2022-08-09,0.0003033384883916736,-0.0006414648826933354,-0.011282960229077377,0.008967268033813456,0.011004289826178681,0.007038396528924055,-0.03814717014883323,0.01586989374599318,-0.015320906740236867,-0.0247155543645267,-0.004257744235926498
2022-08-10,0.025857354322660273,0.004907910305210456,0.007437598970728644,0.02575313326722932,0.003354520541327168,0.024010019873935272,0.03733338844688609,0.009625096731505167,0.05980053185983106,0.03816806100817755,0.021067158460407496
2022-08-11,-0.004441271012397505,0.008055871870387081,-0.014216590833346825,0.01467341240031433,-0.0026545992076923487,-0.007428396251296898,0.014872534533489698,-0.003906001253771158,-0.005792783029216116,-0.026599955270312264,-0.0007057229222018175
2022-08-12,0.021199085278008623,0.0036533863690842204,0.00936991429998052,0.0164283117582393,0.012490060728853945,0.016893617255872653,0.042720174909814314,0.011562029019263126,0.02683087117696676,0.045690263130780645,0.017174046951492668
2022-08-15,0.006313397028511443,-0.002176530419067555,0.015772019035304743,0.002698457742369339,0.008644534451864385,0.005330159567788184,-0.005241314696784249,0.00584122927517231,-0.0007624649646615099,0.030493897831355556,0.003961684056233163
2022-08-16,-0.0009240264809958046,0.0018256964827202938,0.013233230701766427,0.009508668224285187,0.00489638624724851,-0.0025934774071954543,-0.013068088718311255,-0.005178225133207314,-0.01382394921105544,-0.008952025876518947,0.0018739228259478625
2022-08-17,0.008745971934518362,-0.007817523489519276,0.0059494816014692255,-0.00844768120384719,0.0032434295964941834,-0.002639331497756119,-0.03570683959049238,-0.0036516930167341498,-0.018651451571385334,-0.008407578354357605,-0.007264114867648021
2022-08-18,-0.0022943958665646727,-0.0010609543782287658,0.00830576435815382,-0.007779681056795664,-0.0050853806695299745,-0.003955345973713926,0.021830628998310394,0.00044343697592888275,0.016532718541190712,-0.0037131047703819653,0.0022669896063847975
2022-08-19,-0.015216987463728121,0.00395574565251768,-0.011528417280911129,-0.025056294547855733,0.0015465227626646474,-0.01395090420358672,-0.0400083392408552,-0.005890662160506068,-0.016491274212663054,-0.02069451464936621,-0.012983928713038868
2022-08-22,-0.023298482044003015,-0.010702137510410707,-0.016473399561813897,-0.016659950611007574,-0.017653734951897173,-0.02979495125379987,-0.03703501379447291,-0.01312822892710396,-0.06253908121624106,-0.023027123255798403,-0.021632366466494565
2022-08-23,-0.002031241659789483,-0.009450019676881206,-0.006252734029320195,-0.009905725835343215,0.0018257464548121433,-0.004727224426315856,-0.007747362174170872,-0.006344277912681504,-0.008823103999893462,0.02230781558771273,-0.002240370434437464
2022-08-24,0.0017924533451442795,-0.00801669631628227,0.0021194450520735154,0.0024207524304734724,0.0013611200127991018,-0.002354271943677818,0.007747362174170872,0.008262660717563274,0.022283840639843254,0.0021677745650455194,0.002911916698724165
2022-08-25,0.0148124633701363,0.010244114140973239,0.01380311586873166,0.023470338821720744,0.011303016128287052,0.01103434627642222,0.04837353888975511,0.007636087433785971,0.01885343549411678,-0.0034616690754643124,0.013993241836107048
2022-08-26,-0.03842823625853285,-0.021620093151935676,-0.03501251954744106,-0.033276597790207744,-0.017269139548239235,-0.039351429407424,-0.06010412934910667,-0.014990092063030173,-0.04680912267877228,-0.02732301898385137,-0.03426857631703952
2022-08-29,-0.013784965018291743,-0.004704768875158575,-0.0014300915478955981,-0.002444636912595286,-0.0033691762057651534,-0.010725102593459664,-0.010816322584616239,-0.007042671224729371,0.005760945613565019,-0.011415491099770154,-0.0066886751973248065
2022-08-30,-0.01542365288593161,-0.0011798847005525348,-0.013116232646991337,0.00017473128496426973,-0.010692548496477354,-0.00855766478427272,-0.012532255154543058,-0.01528511854515764,-0.01760973528547182,-0.02531598923616216,-0.011089416492117008
2022-08-31,-0.010691897211152693,-0.008073782627976957,-0.003899617444472873,-0.005961089076720924,-0.0052233222511032535,-0.00572038728561047,0.004076996070525171,-0.007495973360633725,0.013102114751767256,-0.007554668468041173,-0.007847738208153028
2022-09-01,0.004695707459615251,0.029242372417320826,0.01345066340996545,0.006834948498548539,0.0059335022795095815,-0.004100532552577777,0.013703711996326971,0.01400929348259232,0.028573319571500368,0.005608200169827373,0.0029917522671948716
2022-09-02,-0.01370457609383433,-0.01579750567983382,-0.019194010188280625,-0.007010798498877853,-0.009605721307433476,-0.016807058905184153,-0.017247871307723657,-0.01342136138062466,-0.01723158501981358,-0.025395567131662106,-0.010794552570724387
2022-09-06,-0.008249013326073378,0.009566539527310187,-0.0004046795785442295,0.00026372645333610134,-0.0018892431731698392,-0.011034747222589746,-0.019721097585556756,0.02620736076860678,-0.034739121806218055,0.015460425583855752,-0.004103464690895143
2022-09-07,0.009211427404300362,0.008107251940850737,0.02048633870473554,0.018812606707115032,0.005633217750060725,0.018931073083518962,-0.004173090217201649,0.032320689716985096,0.047264824392879386,0.03325755641840769,0.018174848666169877
2022-09-08,-0.009664567960778768,0.01296454297835977,-0.0009823071767646526,0.02302869867007027,-0.001167145039264905,0.0016646126360993863,0.007065985463018431,0.00033229113078166514,-0.00666086727712227,0.019408586563541073,0.006588966880442448
2022-09-09,0.018664513074189103,0.006384264008722011,0.014000543241317777,0.004794599422085675,0.00446989570549617,0.022717104042585853,0.03634165299301742,-0.004107150258837633,0.02659538854256736,0.035389242849343666,0.01515601498121106
2022-09-12,0.037785004154439694,0.005781732501443976,0.005464394548673212,0.011762311314185352,-0.006879567873031333,0.008247113361123777,0.008667094714227955,0.0100713488908325,0.012593211545679679,0.015693156705112052,0.010528651483995635
2022-09-13,-0.06047137289456782,-0.026429223767881687,-0.05568139822714805,-0.03536668903419472,-0.02248972199189447,-0.056547580414224245,-0.07748580582596189,-0.021707132412890497,-0.08098384188204745,-0.041209445573060305,-0.04419916303197406
2022-09-14,0.009509790368416378,0.0073361535666513185,-0.0045172545298882115,-0.0023225357586616133,0.017676926878447536,0.0009122025553533714,-0.009556847211564546,0.00022504300226887784,0.027090449234241778,0.035245873940170286,0.003381289078844715
2022-09-15,-0.019111701929449103,0.020989166725165008,-0.00889778287765121,0.014958195635276119,-0.0073234407828027285,-0.02749368996583105,-0.007939559441928,-0.03282344966173711,0.04901958201452425,0.0037601953268899466,-0.011382272168149512
2022-09-16,-0.011020530942042158,0.010817734713636163,0.0012703481032615503,-0.006724969421896795,0.0016911406174594204,-0.0026114511931787892,0.0030319194861490105,-0.01428604462462722,0.019979229706911045,-0.0013177201460770078,-0.007208049775663175
2022-09-19,0.0247738022275167,-0.009765674439394141,0.004808509180423435,0.00918231875250973,0.005368240876227287,-0.0008994185844016217,-0.014292771255249248,0.023889712127322014,0.014470252967834558,0.018680537647816527,0.006833697724705768
2022-09-20,0.01554421631403896,-0.006258164679359656,-0.014015016865847536,-0.01991611922623798,0.009700159200624352,-0.008501686399289476,-0.02526844472283447,-0.013331121227885405,-0.003206754153556901,-0.001100668054834369,-0.011336114736600402
2022-09-21,-0.02047608680017114,-0.010351896830147625,-0.012996170171198857,-0.029259314189262527,-0.0009037890792528896,-0.014541116197902422,-0.013875543478931671,-0.0202767014248188,-0.02493248347873377,-0.026021592607865372,-0.01726467409850635
2022-09-22,-0.006395652455697304,0.019060450734104943,-0.012038065538056225,-0.011443964065468422,0.004463898996277763,0.00845968428275146,-0.008821068243153405,-0.005133923132337369,0.0007596070998479703,-0.041438568478665415,-0.008463293830453985
2022-09-23,-0.015239257154251668,0.0003494611918021166,-0.04356972292504712,-0.01878905456226472,-0.02157770170757813,-0.0127795179195773,0.008821068243153408,-0.01228491163331232,-0.045923538141460676,-0.04703665354268194,-0.017382828767330778
2022-09-26,0.002257731156304405,-0.013015935236629073,0.029367360405881306,-0.02176700732051357,-0.013208115201065894,-0.001977398585276469,-0.024652438475363525,-0.016741447557914495,-0.010389063337651596,0.0024668028538151034,-0.010394360890280502
2022-09-27,0.0065446033140698495,0.003605216890116703,-0.004172631781855602,-0.008841207563701839,-0.019594679419694748,-0.00438951841077323,0.0341877172113996,-0.0008629539137704873,0.0012934567151527874,0.024797737333229056,-0.0021226109548247284
2022-09-28,-0.012732138602627662,0.020117978324379622,0.020671246865984906,0.020015574304226166,0.0006503665912680159,0.01951971897309628,0.008269402067010486,0.015784942987573315,0.08882228136535465,0.017065662059063912,0.019481144181152356
2022-09-29,-0.05036656564015393,-0.013086645010963809,-0.01925051232868072,-0.017091087598851095,-0.02585645307550825,-0.014919727777777735,-0.019602716968441982,-0.0295696138261747,-0.02264433533743935,-0.07053030781738932,-0.0213527948230975
2022-09-30,-0.03049971425992215,-0.06147906897641493,-0.01410810767378321,-0.01576055225385748,-0.009019798424728019,-0.01955830646235591,0.0017980361653955857,-0.01970031118558457,-0.01797375689642599,-0.011097446407076914,-0.0151813515462093
2022-10-03,0.03028914345187348,0.030164125197138233,0.011494862947283984,0.030441154317687243,0.034225884908968246,0.03310827383394944,0.031823780872375786,0.03484082207748705,0.015174743360475924,-0.09008354847845335,0.02555457753093017
2022-10-04,0.025300499382996992,0.026187088997383014,0.017430322423798918,0.04572202135804099,0.015809840377435432,0.033253290630560664,0.042398426818746414,0.01987747539440006,0.007086614374615705,0.02862918608137619,0.030125341416799834
2022-10-05,0.0020511057454123114,0.009392845068336536,-0.01202348075025663,-0.012423414482942803,-0.008904127504944147,0.001284889482323871,0.014168966256706066,-0.012759183418832512,-0.016797222850789165,-0.035210184423729626,-0.0020199875589381176
2022-10-06,-0.006647679029523807,-0.02143778979032999,0.0045075981124509355,-0.020592897454504797,-0.0072308872102848885,-0.009718062357235248,-0.0020120304599970185,-0.035602649797447,0.01380202151549461,-0.011191467132615623,-0.010297922911395202
2022-10-07,-0.03740970526204484,-0.010966069671773626,-0.030171307198440987,-0.020176126450773855,0.010826568960877003,-0.05219156750328736,-0.02969998055287167,-0.028015141704249038,-0.06573359657218089,-0.06533110715825653,-0.028403196531478058
2022-10-10,0.00235266650748158,-0.0032482634197537876,-0.003938306583302168,-0.009385448552648282,0.014817146560138997,-0.021532861956640694,-0.02934335858124868,0.00013053541109942277,0.0230036231311044,-0.0004932430962923407,-0.007520673133652772
2022-10-11,-0.010307649617694536,0.022872690255646658,0.012170761018630813,-0.029284476761078496,0.002606239197046304,-0.016892176033654283,0.04435025231885006,-0.009295438666605427,-0.07066203574540836,-0.02940186584357689,-0.006540518412323781
2022-10-12,-0.004615866640455423,-0.010870578423484958,-0.012020612760643855,0.01605329979388244,-0.033745441100132736,0.0015071167065099954,-0.01803545838386537,-0.044099065407803874,0.030244010598937568,0.003412211010253521,-0.0032961996501662937
2022-10-13,0.03306057086266865,0.03090947917512138,0.0034461783878306663,0.05410271569291196,0.021261088154439143,0.03691792128378496,0.03922063674596225,0.004662784384747084,0.051358922920235035,0.02041257160441261,0.025634259307631132
2022-10-14,-0.032771292683847694,0.00013994351597338263,-0.028918968525245316,0.016503937512880564,-0.04162190118165595,-0.024547382596305345,-0.03978940473170975,-0.018224957013333244,-0.010853902306471727,-0.07845410579918498,-0.023947120744528417
2022-10-17,0.028706666194647606,0.010231427966581146,0.020723034736579108,0.041142112461025,0.020083903872765346,0.03849515388470887,0.01468673858083072,0.02585772245110724,0.06358699094917575,0.06770743117966126,0.026135524557561848
2022-10-18,0.00936571362412972,0.0013148237711432193,0.01941511603735485,0.02539532641643377,0.08333834517891714,0.004075474344979798,-0.01791662056577321,0.018963471312384194,-0.017450429668166442,0.003822165646732409,0.011362768207087462
2022-10-19,0.0007646100715417471,-0.010217915363949065,-0.003895550105363008,-0.019800884467872842,0.018628680970386398,-0.008505769006830479,0.009092633993609944,-0.01909936933599773,0.1229823118681349,0.008366694500343838,-0.006694455239684375
2022-10-20,-0.003272336989691302,-0.001398820404720743,-0.014550716278924614,-0.003266871613125982,0.00990627395571898,-0.0013963656145832538,0.012555237051798444,-0.04159172635045743,-0.015614365347639245,-0.06878698522005931,-0.007982686738766696
2022-10-21,0.026699662679013247,0.028485813141965435,0.028767360895564587,0.05119430378756786,0.02284988972775064,0.024966353425344555,0.042831183851098346,0.014196412957209088,0.07681327255413573,0.03395945997966481,0.023447759860447268
2022-10-24,0.014693988155933828,0.025710583629642486,0.0385425026137647,0.0012263578315454913,0.0062494625767847475,0.020966447041598217,0.003384110148985112,0.022494667527866156,-0.02489551579492952,-0.014987724107085643,0.011811940205111494
2022-10-25,0.019153104722031956,-0.007116790910620376,0.00419651731044255,0.002611322930293787,0.005863121061005596,0.013697399030416384,-0.0066008832964555755,0.034601866025972365,0.029890395205139975,0.051525211920993325,0.01613577001587496
2022-10-26,-0.019822391024935455,0.017795804048194048,0.0007812965523912032,0.011426130267580941,0.005223818409877347,-0.08029529829328126,-0.007545661013333434,-0.003433290797756793,0.0257798770582138,0.009931639962148882,-0.007415140398989885
2022-10-27,-0.030939089291600778,0.0064704948792886205,-0.004039806985284967,0.003940280114625622,0.02005426177805734,-0.019954095368723803,-0.06020777626607146,-0.0017209084083283867,-0.005641739333526464,0.0020011878357876823,-0.006101185053184453
2022-10-28,0.0728345755705975,-0.03912684687260785,0.028451066094834214,0.011808030702379308,0.027050142991919896,0.039432803403576744,0.034450568593304795,0.04609207663688306,-0.004117028697239609,0.015123446596271723,0.024328036770856338
2022-10-31,-0.015530541425640193,-0.008231022494673362,-0.01851155616976799,-0.0015875106579233173,0.003726114074729677,-0.015983094192675653,0.0011096654323027473,-0.019549169968488586,-0.013070328229044813,-0.004297734947231046,-0.007482327030336412
2022-11-01,-0.017698246667650592,0.003477421503936098,-0.0030755348372492036,0.017872368936594878,-0.00215979687743667,-0.017206821529454453,0.013950208221413216,0.002705628886221131,-0.01773202008440214,0.0012298580156588981,-0.0041096637203590055
2022-11-02,-0.038018668834333254,-0.01640212362423568,-0.03345603429571832,-0.00925065669448641,-0.007378482064925295,-0.036008924731306506,-0.026037857872903906,-0.005548749497283179,-0.049138962164588,-0.05801089494975556,-0.025319843737482882
2022-11-03,-0.043330294999577613,-0.0006921990157361612,0.005733100443208483,0.001809779990105845,0.005709157981866059,-0.026938384165762105,0.0005612199766951439,0.011578855520971078,-0.014537359077029828,0.0015338580999043428,-0.010642422531956597
2022-11-04,-0.0019495378292387385,0.005936989831432751,0.0002468424260641566,0.026990785764384198,-0.006518359018765042,0.03278222864995838,0.048897037877669025,0.007899287659227218,-0.03121890426428717,-0.03709208198225607,0.013526823285563951
2022-11-07,0.0038947238403724688,0.01922502530280276,0.004389700642290294,0.005266468848026874,0.01434620716718474,0.02884939579021019,0.007097214950361663,-0.01934875473011166,-0.00843301395723682,-0.05137700982212229,0.00956806167935914
2022-11-08,0.004166650168481035,0.0028990495487577956,0.008580567350587882,0.000608638307906367,0.01117286568242716,0.004378739330461867,0.016308992747219173,0.012599862108877879,0.018619089345215636,-0.029766854567743133,0.005582282828760321
2022-11-09,-0.03375327798970964,-0.006145595258320919,-0.0056779798466341245,-0.013094018144312972,-0.018258486319417285,-0.019233714504354214,-0.026795146661963122,-0.0008946133633882385,-0.03397227271858442,-0.07436539035358274,-0.020996784712303443
2022-11-10,0.0852365607111954,0.014125413750080282,0.04618503262804121,0.040334749453375215,0.01145562030810858,0.07905899355658001,0.07401854849503671,0.0619776205149005,0.07673268480636257,0.07132888823212645,0.05395251566479769
2022-11-11,0.019085174042551386,0.0029348219411178076,0.004549583519197187,0.0016270182353160714,-0.056392794364565,0.016854320369363164,0.036652144263972126,0.0013212138165092484,0.05366712385382222,0.027155202242509627,0.009198312304769028
2022-11-14,-0.009530911507211722,0.010467047726747171,-0.01129579031843741,-0.010326214151392723,-0.003931240922019659,-0.022757077032073334,-0.011906864145141109,-0.02000418042421416,0.03101706225873052,-0.02594999483044167,-0.008975940544918012
2022-11-15,0.011799713882957948,0.008530851501305017,0.03241133975770112,-0.007270257514791605,0.011212944458620791,0.0017372608850028531,0.021141190100441465,0.015191375992005074,0.03587108801403567,0.018009160285334423,0.008675376414669186
2022-11-16,-0.008366025618606884,-0.007674483997774092,-0.00449288280093776,0.001353135687415393,-0.0021639266376658503,0.0018217644620793826,-0.0693892251614249,0.01686324227373722,-0.013566829640991068,-0.03934004993858786,-0.008286283111873759
2022-11-17,0.01288814316880195,0.0019079384486681821,-0.00533743975826531,-0.004366465839516859,0.013908326648365872,-0.00020685752907579935,-0.0022106495686483353,-0.023640628193667662,-0.03572638127080637,-0.020266034660649707,-0.0030941046442292835
2022-11-18,0.0037743953992918533,0.018363009532965085,0.004497510343293665,0.009760461573985246,0.00853016550421395,-0.001905086654248529,-0.0027275661434751595,0.010268976535630102,-0.02503300965073705,-0.016402810087859467,0.00474729564815821
2022-11-21,-0.02191840840021767,0.01365038308484513,-0.0005728346618729343,-0.005919788892771936,0.008603588996485409,0.003434923799651215,-0.02453909370119678,0.004796069555030319,-0.010226470900983522,-0.07082202204033466,-0.003891249800275618
2022-11-22,0.014554449996537154,0.01691420011925026,0.016260748848830657,0.014845830915930005,-0.0029986730346235114,0.012236443717463885,0.02522155059891381,0.006082116825837625,0.005736940401729956,0.012079065403443036,0.01348860626982839
2022-11-23,0.005908975390470405,-0.002506256917631779,0.0047633956564865215,0.010607132745569564,0.0032689353735335137,0.01035298927347501,0.005274427877942403,0.014649772066948013,0.016638478266407162,0.07530952893106566,0.0058972660417383116
2022-11-25,-0.019788047465707972,0.0014418705528854588,-0.0015539094580981625,0.0019032074387126386,0.0049555114782098815,-0.00036358669830464284,-0.008863264766167786,0.0049336153642823,-0.020657838417552265,-0.0018575995078746789,-0.0002830842622024787
2022-11-28,-0.02661538399382567,-0.007483251674510169,-0.005147437056667573,-0.01763306708686145,-0.0005171286323342036,-0.023424835787244556,-0.046609594280077125,-0.019045875537553925,-0.015422665052178127,0.00032805270562665304,-0.015564696794064813
2022-11-29,-0.021375517459458846,-0.0014529276177544987,-0.0036988693947347835,0.01631589945026712,0.0018401951528905056,-0.005932433068801144,-0.011364813265455985,-0.014920294951780098,-0.000747154891457618,-0.011491515256992131,-0.0015931337016243704
2022-11-30,0.04745055174920835,0.018661790568453206,0.019266803699956807,0.011793056175333919,0.008465490965768842,0.05979958837752956,0.044877699816037314,0.026438538150360763,0.08383562263925598,0.07390252318127676,0.030478643521294944
2022-12-01,0.0018895294178737083,0.0027880217712494635,-0.06788113439819002,-0.014139156557476442,-0.00309630192173275,-0.0017653031161113872,-0.03818758128970993,0.0015336818155893535,0.036696066119485615,0.0,-0.0008680098296065889
2022-12-02,-0.003376893394987995,0.012481359108644218,-0.01869067509319137,-0.007958680345959574,0.025595201341828102,0.0012948397268434434,-0.014704751095328348,0.004352082298123937,0.010857414021206045,0.0008214584254523483,-0.001195374663761461
2022-12-05,-0.008015058518826444,0.0017095841300510766,-0.011940686859694438,-0.028441481450727748,-0.011267617666487952,-0.01908139714502816,-0.011773492406512289,-0.00058700026892581,-0.024708984515275607,-0.06580520897353867,-0.01805624963097222
2022-12-06,-0.025697745167660355,-0.0013427342229078403,-0.015467099352577505,0.0016731813525799773,-0.013686991162827856,-0.020512753363868565,-0.006684120721136045,0.00035233990969239646,-0.022746301924372384,-0.01451975486845227,-0.014503869422986057
2022-12-07,-0.013880544677124506,0.010208954379679407,0.0016819645588083613,-0.0006843954872075256,-0.005801742582564054,-0.003064452545054057,0.002604707822900645,0.001290491584120625,0.009316309072375488,-0.03267127201155782,-0.001864107253381664
2022-12-08,0.012059777181582555,0.003560698096915044,-0.0011418808194522954,0.01043986599726735,0.008648994460074447,0.012323027980059782,0.025317854858790786,0.005495528988995798,0.005948165880393336,-0.003453386948248274,0.007493634413933237
2022-12-09,-0.0034410339304957586,-0.017809343724455213,0.0033181009873015405,-0.0054331330262081395,-0.0037152567481111686,-0.008035342301640226,-0.0059961978296945995,-0.014682853157518447,0.030941602503912747,0.03183338116095202,-0.0073767194642132125
2022-12-12,0.016257172209808934,0.013765010592134001,0.009601366264744182,0.015392243486495824,0.005650138196942853,0.028479672683941522,0.008709780608084751,0.0238526063696684,-0.015208335080949823,-0.06477309340338366,0.01417830729965003
2022-12-13,0.00675953319139372,-0.0032112116077577333,0.0010657729359991883,-0.0009689967171247014,-0.01262268262352797,0.01731398406212526,-0.0019892123062313686,0.006908274486639648,0.016239051065807395,-0.04179828130131225,0.007263223255457212
2022-12-14,-0.015657521159089218,0.0004243968044584364,-0.009632634838027183,-0.005009484922250846,0.010296258706406382,0.0011671453873189118,-0.011836640753943226,-0.0011478613587720945,-0.007866265718616473,-0.02612261140486262,-0.006071116623835963
2022-12-15,-0.04798761203116418,-0.010732891270068661,-0.04140203256862361,-0.025123734178436653,-0.013278293087667979,-0.032438881427961745,-0.04783815009213213,-0.014347437833185338,-0.0902229481765367,0.005533102257132837,-0.02523747790182607
2022-12-16,-0.014686053446442807,-0.01619425228906681,-0.005316849277022471,-0.006245770947496603,0.006245988267979418,-0.017500974099483695,0.0005764215995673324,-0.01965337484814327,0.0010324470750859335,-0.04833680500131505,-0.011200239946011676
2022-12-19,-0.016037692432956933,0.006274054394844038,-0.006129968718734047,0.005938212192351771,0.0,-0.01747987593567133,-0.00674433110897787,-0.007396020463846929,-0.00832457530667234,-0.0023992055582815475,-0.0090483289411038
2022-12-20,-0.0005288481505926257,-0.005650997585617578,-0.0017676366709519023,0.004832172770647488,0.00900895964143323,0.005598797178794143,-0.02031344430886778,0.0,-0.0003816086893749878,-0.08396483835074355,0.001036800697890769
2022-12-21,0.02353047831610785,0.010099507168499108,0.009218618666933834,0.011185358315813939,0.003080658398712268,0.010817989646841775,0.010013046294736504,0.01343907605282188,0.03333924012406483,-0.0016704490129968075,0.014758548669054294
2022-12-22,-0.02405948894074507,0.006513270154373803,-0.007276558858008104,-0.011414817693888038,-0.017271244719434326,-0.025860244923390733,-0.03498659397176932,-0.015596476869990458,-0.0007050380090438518,-0.09302311928148893,-0.014557142498145655
2022-12-23,-0.002802353760040163,-0.001041581843032524,0.008552547943229271,0.004733947288841368,0.00829039622476949,0.002264542453372814,0.015457357746910906,0.009910089422723464,-0.009414431668747324,-0.017706675474399133,0.005850952271915072
2022-12-27,-0.01397545823363586,-0.0006744933128872962,-0.00901053443559248,0.0034977727657836332,0.004562285148677946,-0.007441935258669793,-0.0035919224130476,-0.002022171601104096,-0.03726711957239268,-0.12113825810398889,-0.004057844034659477
2022-12-28,-0.031165975649297697,-0.004673839160349081,-0.012090198177155342,0.005450533447628003,-0.00470735386645455,-0.010307822071992514,-0.018156675952494167,-0.010050083873816756,-0.025988454775191034,0.032553261278161744,-0.012093470442948605
2022-12-29,0.027930754797797528,0.002031899657993229,0.007784396215286145,0.005721153098065029,0.007894792473405916,0.027254978952627257,0.03067301217368449,0.011002267942375034,0.05015134712406352,0.07772640277207259,0.01731063431499432
2022-12-30,0.0024657197502948093,-0.005861096167636596,-6.579602187893235e-05,0.006583962677819994,-0.0011505283174195228,-0.004949844323084438,-0.011043462460615229,-0.00572514771399923,0.012832986885198263,0.011102159833173808,-0.002543975646110833
2023-01-03,-0.0381222103644676,0.004753454167075136,-0.007078531447201487,0.007577429767241063,-0.018589256062604767,-0.0010014311297039424,0.007772770854027956,0.0027473944834636994,0.0002373554859016624,-0.13058999220665155,-0.004008572481273608
2023-01-04,0.010261391528938457,0.00803489478730845,0.007210049321861095,0.00928167386710907,-0.002159346569083126,-0.044728488185260304,0.07328525332578727,0.007841892480121076,0.04786137884156787,0.04997884108534127,0.007510694562138916
2023-01-05,-0.010661233483766769,-0.00122259325808573,-0.01405030525942251,-0.0002214735711811565,0.0011957081330586914,-0.03008607677195811,0.009365430240315926,-0.022260277031772177,0.0009368070637815004,-0.02946907696009933,-0.011713869136457158
2023-01-06,0.03613349337464242,0.018543773910281957,0.07007764896631803,0.018954759623932782,-0.008060753489639451,0.011716620248980254,0.03696169716063456,0.012268870382343373,0.018713092893636565,0.02435215499827936,0.02258383558903089
2023-01-09,0.00408037043657635,-0.029800023858011726,-0.00856897873787661,-0.00414094442098244,-0.03057415321866411,0.009689269458076763,-0.007248426854436901,0.005008331349961961,-0.0012049756185328268,0.057654579278002493,-0.0007679273259905782
2023-01-10,0.004446494131285633,-0.012574183248894958,0.005519994255209298,0.008914174352617703,0.007163912095985077,0.007588329130971213,0.014969000617067544,0.00557495719267434,0.03849805231996495,-0.007711027963739906,0.006953997970593733
2023-01-11,0.020892828647828945,-0.015593251903767112,0.006026682907336657,0.007404020697756409,0.0015345963472466323,0.029789939535063693,0.014748296983752072,0.0054262172177798485,-0.0008552192486506423,0.036109204525613114,0.012767571192293676
2023-01-12,-0.0005997798041455743,-0.022539841939253572,-0.003889329446063157,-0.001003147958359529,-0.0027250113497804982,0.011554480683898125,-0.013699894942987356,0.0008235476936567874,0.00873151591702549,0.00275546279838757,0.0034100849120427303
2023-01-13,0.010068432186732272,0.009024770398578724,0.005828369112419343,0.024921738496174264,-0.02613221222321993,0.00301414280501253,-0.005954691838868854,-0.0045949904004976005,0.008115317153939844,-0.009432465746951967,0.003988892144656051
2023-01-17,0.008718205544107661,-0.005025419371328309,0.0031274830542734,-0.015574120009626293,-0.005953311071594571,0.004670791704957034,-0.0014060838422780796,0.012439944458551493,-0.020029797322847546,0.07163646233055776,-0.002032555430996314
2023-01-18,-0.005384501828818656,-0.024038574999690608,-0.015110363188772343,-0.03050314189161015,-0.013259541909699822,-0.019069831065257597,-0.0059988169177534086,-0.022886308303302034,0.00033707063492175766,-0.020825332244057446,-0.015684966977744675
2023-01-19,0.0004437088509752687,-0.0032894919868478364,-0.021034372493904916,-0.013416272332282873,-0.004451579371434261,-0.016590724068463535,-0.0026578100589319787,-0.014544547742660738,-0.03286338096971129,-0.012580752996881307,-0.007667671901812428
2023-01-20,0.019038212382172938,0.005899905262417633,0.022368267513371117,0.0024459915258991383,0.008996379911217774,0.035119586406421634,0.03658321759104286,-0.009366982519738791,0.08122591713468778,0.04797727392320426,0.01874167355235196
2023-01-23,0.02322863021843854,-0.006976533062049385,0.025702528060784956,0.016082801305705084,-0.004522094103862055,0.009776464596659765,0.055884062713298835,0.010334907479792231,0.04263991938913356,0.07457364612008015,0.011811315951328555
2023-01-24,0.010012662973259024,-0.005806411312505747,-0.0010154700072998628,0.008559366532329459,0.017855296244183937,-0.0022285614704093855,-0.009099753906373203,0.014768974957212555,0.017775132547481316,0.0009734348560736818,-0.0007117563642918193
2023-01-25,-0.004711812858329473,0.0006771201552690305,-0.0025025964307899082,0.0048273844869388995,0.010914698894592642,-0.005925678427547266,0.0045602276076190315,-0.09115895188236066,0.011287565950552473,0.0037457958683397114,-0.00018174157346566321
2023-01-26,0.014695175007000651,-0.002642481237335452,0.01500247787999644,0.006162639638393615,0.012363711900346191,0.030251253268314484,0.020267647448867922,-0.002483930766147079,-0.008433163214450753,0.1040650092615062,0.010947708029114303
2023-01-27,0.013591324336461957,-0.007627250673649274,0.009964451662761465,0.0024260295138529855,-0.0004568494751050321,0.000644921236165147,0.016894653464162787,-0.010790952642620484,-0.011300485507232843,0.10436164069972145,0.002491734021703855
2023-01-30,-0.020282545740635947,-0.00431642255060837,-1.9957232601493624e-05,-0.008516740729199992,0.0021517907586747985,-0.022206227462723903,-0.03440370759620483,-0.0070370444571989646,-0.021460980410589966,-0.06526572943550507,-0.013053569315292663
2023-01-31,0.008980368308835153,0.014315198936733225,0.015496971618128252,0.0059479591779926805,0.0057802235760877315,0.020794893947565823,-0.023113849856234037,-0.005611957006240676,0.0021217530734983104,0.03860663902242871,0.014536304416419527
2023-02-01,0.00787000890923367,-0.007813435421322333,0.01315776654824247,-0.002646964933648558,-0.002182726816731587,0.019738642122836905,0.03743314585400045,-0.005239583600993906,0.02271522385531091,0.046197213190127824,0.01039805629688473
2023-02-02,0.03639200636901456,-0.012078257700794097,0.012341026769181208,-0.004667448335457567,-0.011006572111481717,0.045818347177757145,0.00906424697715377,0.01815315838771595,0.01344542976252443,0.03711744228973266,0.014592384626854379
2023-02-03,0.024106867917405267,0.00248236054945538,-0.016624677072181196,0.015355742506757078,0.004125377445510501,-0.023904179225296224,-0.012104054308467962,-0.012377877380621904,-0.0027019769531390686,0.009041655543147504,-0.010408592637285455
2023-02-06,-0.0180912604111098,-0.0012405282520630946,0.0015334817550505169,0.005865689168985582,0.021591438941587687,-0.006134352345324297,-0.039714193495488485,0.01118685679734463,-0.012153394086963878,0.024849222136681733,-0.006159393193939262
2023-02-07,0.019061930228865227,0.0008272291823748241,0.0018214269426071643,0.012115993670769747,-0.0016428436075768588,0.041162833746776144,0.035217678632070606,0.007520421795361263,0.004058351173216993,0.010470780820742525,0.012790364037397075
2023-02-08,-0.017810288218188045,-0.0036582659840831365,-0.024934083142175118,-0.007055812039934283,0.0028146632380625244,-0.003106507107219762,-0.030726297091450364,-0.01389775488406398,0.010633455591974462,0.02250783702828191,-0.011142573012411353
2023-02-09,-0.006935692252849279,0.027890545647615818,-0.006331967939333432,-0.01568598519961444,0.0009363688935900837,-0.011728286273510411,-0.0011626515537118563,-0.02373661913460934,-0.01187401457886659,0.029516907690852447,-0.008869009831037385
2023-02-10,0.002453068054180682,0.02227840795287075,-0.0012793170035179848,0.004405535527079605,0.022589697746623394,-0.001974639245756954,-0.006000038653065913,0.01986396002545211,-0.04266276640763246,-0.05161833459581209,0.0021928557092171274
2023-02-13,0.018632195748421516,0.010988263133287775,0.0128375873670353,0.0107895855690509,0.002368007401863093,0.030764739563359705,0.005002550381329917,0.011705516123890992,0.03176214770608443,-0.011493498714308886,0.011383569951155146
2023-02-14,-0.004233901587065542,-0.007443060326912553,-0.006398035232888387,0.004409242378072466,-0.0008093805109062674,0.0031280717657074203,0.03192020841166873,0.005407067747064931,0.003869013638916121,0.07237801403011461,-0.0002804538554937624
2023-02-15,0.013807567033477743,-0.01007741415031318,0.015889847948666085,0.004181253092265995,-0.002224434694340189,-0.008024989395409446,-0.0037123923486012383,0.011898128673453974,0.0040478004526452475,0.023567198213512965,0.002769337533076689
2023-02-16,-0.010483886248364086,-0.010180232485103679,-0.014142582026437584,-0.013864713531092513,-0.019459321490664223,-0.02698360892982752,-0.029372789827916728,-0.01637965306585562,-0.03008102291000362,-0.058631243213632354,-0.013884689204881605
2023-02-17,-0.007575381406450324,0.011833779040168819,0.006682435051860209,0.0029568768530962466,0.009251522613792187,-0.015724778814808694,-0.017470657705654955,0.005007690881674515,-0.007872074914392633,0.030561678706295534,-0.0027712421722827342
2023-02-21,-0.027042293641343557,0.0045496474598205215,-0.011375236020453117,-0.018519482482537226,0.007456976198780369,-0.02110786550321227,-0.024184313378388448,-0.03219405920394795,-0.030522061547762023,-0.05394722804913025,-0.020244783973471698
2023-02-22,0.0028917769827321517,-0.008788399054107228,-0.008707578253058306,-0.007692925573942129,0.0007092238525516238,-0.0046014424989562095,-0.01082226765693446,0.0002713549074288704,-0.007793282599058617,0.017528035977254008,-0.0015747954856433837
2023-02-23,0.003285287640588867,0.009248790042681454,-0.008581367574986171,0.007979083853638831,-0.0009388415408058648,0.012878503742763697,0.030590739347858647,-0.011054319612798968,-0.034109490861455136,0.006006057267467943,0.005315278263237728
2023-02-24,-0.018169381246440738,0.004200035407590909,-0.009228438047777192,0.008980892111005674,0.002751522812802109,-0.022025107889006797,-0.009749522910121107,0.0006858872110382207,-0.020287883960943203,-0.02601977738759486,-0.010593464619774184
2023-02-27,0.008213610847806752,0.01022829279624377,-0.0032389441483934136,0.008690145980410482,-0.001895987091316883,0.0037645703370576492,-0.004824092193243785,-0.008204375419060456,0.018370388733012808,0.05316324215501689,0.0030682925395522777
2023-02-28,-0.0034537944977956502,-0.0024662214776264403,-0.005869067028379917,0.00833585197833845,-0.004691093596353993,-0.002962281995509831,-0.0013827121185557539,-0.01161756296775503,-0.002790012005252999,-0.009290230436857878,-0.0030406198309477117
2023-03-01,-0.01434838709820777,0.008862754764573088,-0.011445086069324938,-0.005596499236819079,0.0001474424251858756,-0.01270973830556692,-0.008336326987838915,-0.016465689639111897,-0.02721968106335771,-0.014395089751065829,-0.004736464203492832
2023-03-02,0.004120878155793009,-0.005748548959893309,0.014559220438648941,-0.010436478230621802,0.008355897958861295,0.019462307285568754,-0.015997419962691422,0.03294182537189455,-0.0051170589206652175,-0.060322654091468045,0.0075535937311959735
2023-03-03,0.03448816127204383,0.010823425409474605,-0.021708773320239662,0.01819320433017992,-0.0008785134571179433,0.0165090803612035,0.006183266101596234,0.02218682204097066,0.010525403424085462,0.03545612908951283,0.01601874917648306
2023-03-06,0.018369820519281942,-0.0050107153316053775,0.01632021494889427,-0.005864272180835452,0.004759645412352726,0.006170039964951459,0.000880142796595429,0.007690750424919987,-0.010044584388769328,-0.02032754273314496,0.0006869307788483012
2023-03-07,-0.01460265353620301,-0.015249604930926412,0.004275901132589461,-0.029849050046273407,-0.003149753207384881,-0.010645369647904352,-0.02260095642261578,-0.008775237653390874,-0.011474710828607557,-0.03198003067013721,-0.015445590479262547
2023-03-08,0.008342448824219154,-0.022015126426609938,0.0018329813666100717,-0.00593276811112698,0.0017534331732301414,-0.0017721966008789906,0.023656160712139846,0.006757118950051208,0.010705313832883014,-0.03089156736881823,0.0014137941356032722
2023-03-09,-0.015027104638109764,-0.01515441244220752,-0.01350540862843997,-0.05565694583470271,-0.007641254601721085,-0.005454312054960128,-0.022936374249522006,-0.006621282008822598,-0.0459749569463972,-0.05117763786639216,-0.018631857945482354
2023-03-10,-0.013976058879329574,0.015889324016065246,-0.017630345640240484,0.025077948021758854,-0.0007358384044018632,-0.014893227052806919,-0.012123520454003629,-0.010220044514943582,-0.01700182578852028,0.0030026831172517087,-0.01458396943606664
2023-03-13,0.013178966166766072,0.014851280569262618,0.0018235740818079876,-0.018120374425753295,0.0038411683038296627,0.021214148303486873,-0.018929228989211903,0.0038276090094270434,0.002558575579844188,0.005978365078895034,-0.001510901840738768
2023-03-14,0.013990834202337816,0.012426896012481356,0.020799258252195203,0.025351840006296214,0.0032211036038965763,0.026696288992032937,0.006841176841526439,0.017046002030407147,0.0048602237134332945,0.04909578215581386,0.016342388235363665
2023-03-15,0.0026179466901412964,0.0013638367788939198,0.007730597512137783,-0.048396322033969576,-0.011678654666336224,0.017673219357181812,-0.0025830755917113663,0.01292728635996457,0.029564735451401116,-0.015452165385496644,-0.007005363929353597
2023-03-16,0.018521415190452816,0.008016889211609098,0.003289157122300274,0.0192275213332669,-0.00014783010077721196,0.0397368086020649,0.04409019598910588,0.009357676261863403,0.020429180186206392,0.020188342220549882,0.017409576249031722
2023-03-17,-0.005468732632490654,-0.0069788583798544015,-0.00043118075880809766,-0.03851418034605629,-0.015695895832817202,0.011626272840112072,0.0015897246501189032,-0.007373461739241101,-0.021384220801851688,-0.021963216854791676,-0.011080621273953702
2023-03-20,0.015365059023287117,0.012244765886569905,0.00458864173325989,0.010516089239664411,0.020880773290037038,-0.026104349169302335,0.01714825953612399,0.0039568758868911615,0.005356308239443084,0.01717250122413543,0.008878869635940853
2023-03-21,0.011873279596766335,0.00415474427550138,0.0031833484592921407,0.026467344790676986,-0.001978064854687988,0.005677431645493271,0.01702976417165662,-0.00806207446080663,0.0021606760092822506,0.07529223411697607,0.012898647518559103
2023-03-22,-0.009145158962992844,-0.019972341227931668,-0.006807497648386621,-0.026152884175350596,-0.012419950647940929,-0.005457105322460066,-0.007876853686734806,-0.016456041812949712,-0.0396590546597467,-0.0330851466718186,-0.016600248639842885
2023-03-23,0.006945278090505044,0.010551689445714878,0.0004923718207046348,-0.002676952734167948,-0.0021349488797086265,0.019529568419517238,0.05306249956623607,-0.004326385754153826,0.08623698613852326,0.0055821275337720674,0.0029800838691824228
2023-03-24,0.008271370645195196,0.01736298505288228,0.015279228616902108,-0.015332860314124905,0.014091507182893669,0.01042617159715682,-0.002938850870954244,0.025152059566438588,0.024725409022760405,-0.009460894526444498,0.005623963084303207
2023-03-27,-0.0123693700982498,-0.003042577533417288,-0.004147495408108997,0.028257650497409185,-0.002426258934205482,-0.01504665219541618,-0.022654760098243885,-0.0033084120624403486,-0.0022254978191353476,0.007325624786097459,0.0016455995637670831
2023-03-28,-0.003988169090798435,0.00449679880689135,-0.013163620229880034,0.0030306711886630405,-0.004127946895351061,-0.004169518854803121,-0.008566480745286605,-0.002654611003848136,-0.012715477378969239,-0.013753472002494866,-0.0015750832883878866
2023-03-29,0.0195972977504716,-0.0015811905315657449,0.00838760714933473,0.002015292656291528,0.005816335442222022,0.01900212436401199,0.06939746199830281,0.011496641223854279,0.02596432700468029,0.0244876221590413,0.014136870775046802
2023-03-30,0.009841255848982412,-0.0005063009828612159,0.0012419983360915346,-0.0030246246481708764,-0.0021322188586101543,0.012540761250589578,-0.00710722178894167,0.006286912374289204,0.019091932474280596,0.0071949836717746535,0.005698999199482652
2023-03-31,0.015523109503893906,0.00913973981494404,0.010906949410572585,0.012043548559112063,-0.0009514388877978742,0.014851627876138404,-0.04456707232012909,0.0063774035540382756,0.020617532029117955,0.060504162532241994,0.014333327782036555
2023-04-03,0.0076721640453787905,0.0065667373306277955,0.0003221197699122947,-0.0011515591803457363,0.02895901400553103,-0.003718466496258606,-0.012171839578262504,-0.005333543575135089,0.008071964420736827,-0.06311918518816903,0.003692022565802823
2023-04-04,-0.003254979363240633,-0.0039972371099397126,0.001407295834413513,-0.013458521424622992,0.00393795304852706,-0.00017408752482299435,-0.04004635178808297,0.006370878992792092,-0.004402691357183985,-0.011307735857578558,-0.005813839745162529
2023-04-05,-0.011354438789751037,0.006363555285655433,-0.0012060316603546633,0.0014901418591408337,0.002963490599927959,-0.00993851766916224,-0.004375011891315099,0.015049273016247032,-0.012770413796997624,-0.03734894534323148,-0.002495481657121423
2023-04-06,0.005480743838051331,0.004653175519391015,-0.02268409027177517,-0.0010977635988929596,0.00036739849443747643,0.025212195581009518,0.02866875116299109,0.008137292982526982,-0.008860577755279939,-0.002482632348555218,0.0035727731328032467
2023-04-10,-0.01610133894954254,-0.001672615934140026,0.016023791538861437,0.003289553815838734,0.013334511439740019,-0.007607624491727713,0.07735946544950448,-0.006861202554397676,-0.0010024885340539547,-0.0029764508462149673,0.0009958070170100843
2023-04-11,-0.0076198564241424455,0.0006197624704493663,0.009713158589940655,0.004914065755866392,-0.01809941798121141,-0.022929537155889523,0.004730440081048669,-0.001148514388649953,-0.002303578041040804,0.012281322445656457,-4.135333298352082e-05
2023-04-12,-0.004362884376297174,0.006054403081704277,-0.018826447715599517,-0.0001557399812103352,0.0005329061171795863,0.0023310710407918912,-0.025652864099992335,0.0031863481849341894,-0.02145795399404034,-0.03403263254550459,-0.0041434563234613855
2023-04-13,0.0335350422833194,0.011187736647027846,0.01730111884928439,0.0038059608044595065,0.00824285653613407,0.022152216331670447,0.016645755473698818,0.00330266153738417,0.044778717230472734,0.029256539212836878,0.013175510497831548
2023-04-14,-0.0021161592257764894,-0.006784397373686429,-0.013324049742087311,0.07279463063947557,-0.00846836298359523,-0.012847646619142799,-0.005890258344929425,-0.010581992475486773,-0.02207970705005514,-0.004853036816821088,-0.0020715175845779886
2023-04-17,0.00012088066219049922,-0.002540579578372046,0.0053589590299095635,0.007898142958286673,0.003375647304923101,0.009253157827455165,-0.00143808209895774,0.006642788180025846,-0.017606759078225145,0.010966636750077955,0.0033007035826147536
2023-04-18,0.007476723952518349,-0.009913659175551707,0.005974713260032018,0.011165225552406203,0.023753589934228284,-0.001490080340252895,-0.009801603533645994,-0.0030604199894667763,0.002941077575939235,-0.014703352511066695,0.0008548548034659753
2023-04-19,0.006944225335073792,0.010100018476400326,-0.0017524562701237403,-0.0012739413734431538,-0.012543075023692904,0.0002773545560456581,-0.020884972503373414,0.008140397821769892,-0.0322185739937305,-0.020389861131667686,-8.426554793962826e-05
2023-04-20,-0.005863749308920598,0.003282361893357959,0.019069859191472138,-0.0029076014761366354,-0.009251845568934436,-0.008145475772720798,0.013266698304473041,-0.0024095340943235235,0.006877741495682462,-0.10254036525166675,-0.005970335188311131
2023-04-21,-0.009828819413404296,0.004133840133378395,0.001522136523852267,-0.00191924676905587,-0.016544509265028866,-0.0012238062861704504,-0.005383764666169538,0.0030427470181326882,0.008051119899445488,0.012741333042302827,0.0009027812573008861
2023-04-24,0.001876740823623598,0.01022979866641386,0.00996282813278564,0.0013511247851118032,-0.003383714089997104,-0.014061532793587518,-0.026858377098456305,0.0006330229490899305,0.003165911026210957,-0.015444550452118741,0.0008512167782723126
2023-04-25,-0.009480524564720497,0.004985251997193092,-0.016263058436892488,-0.021983747706315903,-0.011165779112237895,-0.022793724870841206,-0.023290467331521906,-0.01555560930669233,-0.01986035608372005,-0.011633104865311444,-0.01593718381857645
2023-04-26,-6.102463197294625e-05,-0.018977917226593168,-0.01705732404172275,-0.017882322822261876,-0.02979323000816852,0.06993136650509119,0.04834781690277752,-0.04938808046275393,-0.004349840124905498,-0.04402465397224694,-0.0038485835033448754
2023-04-27,0.02799962280235621,-0.0832878096249317,0.013274085150071552,0.013368721568557744,0.0072954770922242064,0.03152568821414144,0.014318580903626385,0.023746968797165896,0.01452876871373738,0.041032719267455574,0.019377193402696356
2023-04-28,0.007512676511707421,0.015000599303925931,0.0038826796890661926,0.00864542695367167,-0.0011834715146524489,0.00793984106271267,0.03897187815184336,0.010230908310662071,0.012443386990689469,0.025394246651119615,0.008219331313243467
2023-05-01,-0.0005304906176057613,0.016993694854114956,-0.019322262574018423,0.021186319055065232,0.010665215419616415,-0.0055480041700231636,-0.0317284454455,0.002216329132247539,-0.017766732683591187,-0.015208459761728233,-0.0003861810485107871
2023-05-02,-0.00621058446564944,-0.013690442615254298,0.0024686640884141946,-0.01627935993204138,-0.02270858164178205,-0.000491010777205234,-0.00724343270634329,-0.011261041940408743,-0.020478519168301006,-0.009436987371174365,-0.011653906680571788
2023-05-03,-0.006488372785001404,-0.015754621866918287,-0.009646195910877975,-0.02139037610499105,-0.012763824039245895,-0.0033123899479265925,-0.016122921431883167,-0.007269044291424934,0.005495849457789342,0.001869644402715088,-0.007022908054892971
2023-05-04,-0.009962917754203337,-0.012744296134882871,0.0026549336541854787,-0.013772974760966807,-0.002519494065552479,0.003312389947926543,-0.0065886631154178105,0.0015905542333009097,0.004624393041538569,0.0036667412660127767,-0.007244913455062742
2023-05-05,0.04585919352975932,0.00453666975597351,0.017627149567552482,0.019346441367956945,0.00795635519170907,0.017011680778863957,0.011828616438094047,0.0,0.006153540916994799,0.05350549046047228,0.018306166381879797
2023-05-08,-0.00040347978869459714,-0.003925980672708801,0.0,0.002410488248471753,-0.01010487872290442,-0.0064589764200581,-0.005896787055563064,0.007257314506194116,0.025843523221069684,0.01012145995502574,0.0004520264848820656
2023-05-09,-0.010021194566573697,-0.004213705086222576,0.003460641436778758,-0.0048265603692073215,0.0023919480157332945,-0.00536027764296446,0.0009851840236794372,-0.006330749991504447,0.0028040214534012014,-0.015486902413259212,-0.004589938949059595
2023-05-10,0.010366916819690552,-0.0027960950783345664,-0.0022589726960407564,0.0005128788450013624,0.0024525266269762036,0.017148595550143916,-0.015547827012037808,0.017184064986640712,0.009826884533099838,-0.003612788634512576,0.004473942241914432
2023-05-11,0.0010942370742987098,0.0011602234441437096,0.004453046689627044,-0.003155531722645754,-0.005443375037840218,-0.007069143714858641,0.026646186203889394,-0.010327666581170547,0.0274651007901523,0.020786425091438347,-0.0016980648897067581
2023-05-12,-0.005432359599840144,0.003813071779045141,0.00433418527141179,-0.014436769597335508,0.00022178612041534682,-0.0036828412134693586,-0.011262647734662073,0.02414778130895389,-0.014226584072181055,-0.024114596337054404,-0.0015845615894390477
2023-05-15,-0.00290167304681714,-0.003813071779045222,-0.00403537462666961,0.008391296448463327,0.0025036783842858493,0.0015846609865697624,0.059272203096442655,-0.005401841826482561,-0.011838242855631748,-0.009750860107846383,0.002953797680316935
2023-05-16,0.0,-0.022769165021417417,-0.011801594137335756,-0.006752015216414968,-0.00931476403294749,0.007340570014872474,-0.014178153325131332,-0.022168152610958725,-0.006391536592370913,0.0010214088288270423,-0.006398107681917463
2023-05-17,0.0035967482542850816,0.0004189672979898325,-0.002320421626849631,0.030284143954264004,0.021148942663020222,0.009407154899143146,0.018500256427337453,-0.00661509553859403,0.018435706338849014,0.04313493317739194,0.011820688622071574
2023-05-18,0.013573598407201765,0.000627529734942772,0.006243104454560569,0.007555293012114198,-0.0033949962747896116,0.014292297735630389,0.04000837172696764,-0.003190284497485216,0.08815555592985347,0.01727768584344739,0.009400723063727155
2023-05-19,0.0006281686149566853,0.0115752451041117,-0.0031771662362531463,-0.002296635248945451,-0.0027685434018109886,-0.0005651845773341492,0.0088404914350395,-0.008289798351874753,-0.01610032231772496,0.018206255962432197,-0.0014469138806754414
2023-05-22,-0.005495711715082972,-0.001448291339977951,-0.009409289574019822,-0.008296807061954639,0.0005058731086792818,0.008881713337532857,-0.028870808089540723,0.0013414509222895333,-0.006452803719968483,0.0473245988875953,0.00015502267980239146
2023-05-23,-0.015271090588396367,-0.016561366390415097,-0.014333506846823529,-0.010487381530544914,-0.004606677426656942,-0.018603853059905827,-0.0033276854499181357,-0.005647237298125119,-0.01952773280790839,-0.016549549453013485,-0.011285468768284297
2023-05-24,0.0016308072837419331,-0.009659406742739008,-0.004361169129991872,-0.009193622059006765,0.00019876887593319047,-0.004482736110610332,0.007847011267824715,0.0010782700799512248,0.024583713802904625,-0.015569850375932186,-0.007345512678305211
2023-05-25,0.006670028865238768,-0.018086795985554967,0.007819957721094069,0.0024352114133000574,-0.02208782034907105,0.037736811004984765,0.04525511831414444,-0.011515328949830091,-0.016163895948595724,0.008547333224801432,0.008719456079011883
2023-05-26,0.014006219810820841,-0.00767628278418205,0.04168405332977397,0.009317586386681833,0.012611170356306316,0.021160360898530836,0.06021032176810479,0.013592603683989766,0.05389711415120808,0.04608376548838008,0.012964680931640788
2023-05-30,0.0106031988203397,-0.00817485199342402,0.0015167572641405704,0.0037900812155885937,-0.0010709812191575727,-0.005059697789829859,-0.030767212153680612,-0.016779221709628207,0.036539183388223324,0.040530008769500823,1.660313066576836e-05
2023-05-31,-0.00028217885377629874,0.011078726350937216,0.006924443578299116,-0.012812669487260148,-0.002159766263698322,-0.008550512770624968,-0.04990681133505883,0.010537110804449438,0.0057091152787522095,0.013676132280176065,-0.006127358186214099
2023-06-01,0.015895559167257236,-0.033311680169579125,0.0020306952189950217,0.013685230710140838,0.012667062281382471,0.012678189050015606,0.012965309245579745,-0.006829770340119771,0.019791239950699587,0.017450979367424225,0.009806215085853812
2023-06-02,0.004763960448858121,0.02537951228699173,-1.9210154066675047e-05,0.020788470778246908,0.010661815920153944,0.008443618085084283,0.0011575313130164115,0.01212460454437585,-0.006620204325724111,0.030608082827557156,0.014429812390107408
2023-06-05,-0.007599958455216987,-7.312118592167612e-05,0.010981215946521756,-0.009872615466781566,0.0004399060004989026,0.0016087495002902923,-0.020447743516299122,-0.0035267351271806966,0.0076367382202440146,0.016868648629117366,-0.002005591490657713
2023-06-06,-0.0020622230941331997,-0.01050380068710206,-0.0038470316750014405,0.0017956687158179009,0.008627911903067291,-0.0067502229377907515,-0.003399445374965152,-0.0028577506294229843,-0.010587626326104905,0.0168599499197107,0.002351130233850576
2023-06-07,-0.007786619256139284,0.007869862365510447,-0.009791030134155073,0.009641773361600431,0.0067797930004815125,-0.03135444172556628,-0.007132344875948934,0.010708352177423518,0.0012014201746747592,0.01462307267215497,-0.003819293926420617
2023-06-08,0.015346768425696582,0.00831682758393049,0.017182361308867442,0.00028435705173155475,0.00522730808410241,0.0057968664032758,-0.026289576194745194,0.009794348659244938,0.02372998777991812,0.04480209933086133,0.00616957160752325
2023-06-09,0.002157525656249504,0.003915734608956515,-0.005417606207760488,0.001987540202651176,-0.0031936087523080107,0.004692977156523017,0.0016826251213123526,-0.011143661379969909,0.025682903750843294,0.03981660778824774,0.0011474010230505239
2023-06-12,0.015517642057032058,-0.0032621801026535935,0.007108082036562642,-7.076594712984965e-05,-0.00611347655765301,0.015365242750369351,0.030405542454569858,-0.001215671613692121,0.009360379861232433,0.021974491562613167,0.00927797498175416
2023-06-13,-0.0026150615623834433,0.004202467906370279,0.0020134029160500397,0.007208054844715736,-0.01644331110734625,0.007326022913622136,0.0062076910423735044,0.004988745748004534,0.027360145296799303,0.03492701634188564,0.006908570725908897
2023-06-14,0.0034852593152566516,-0.015152991298137145,0.00987416858533612,-0.003738859657237604,0.0003976775567209025,0.0090823230273306,0.018250021194327566,-0.012859589369537634,0.01170450330859665,-0.007449046704933148,0.0008190899801265841
2023-06-15,0.011136564689219705,-0.0024985831411316775,0.0037486839717323227,0.011244867913047097,0.00748497527779388,0.031398207620769815,-0.004349725881309299,0.012994138692111232,0.009953517840008638,-0.0034719442089692484,0.012104580493589997
2023-06-16,-0.005877250413201338,0.02003474073385637,-0.010505108397598776,0.0011870803599325637,0.007037362399831074,-0.0167143325278748,-0.01699926679568296,0.016405904185956784,-0.03034787775842472,0.01796971375181672,-0.0036783764677510893
2023-06-20,0.0004866877448831992,-0.005932013411539589,-0.007571846764837834,-0.005108509122906947,-0.001721943010486908,-0.01258143325458548,-0.01129610872321911,-0.011040936194563686,0.006323194493437905,0.05201270640767318,-0.004746353835236048
2023-06-21,-0.00569149786195994,-0.0069900645580601665,-0.0001540980345891709,-0.0014743796838477582,0.01657287898982961,-0.013371191383513866,-0.01657925206176685,0.013551357186920111,-0.023861960082187744,-0.05616662426467672,-0.005259086366925201
2023-06-22,0.01639010555092233,0.0040106550944985775,0.008775539641990073,-0.01944031268120942,-0.005616084280969233,0.018269545506709048,0.006815513059775711,-0.008614533015113078,-0.004652071591013763,0.019654473293680905,0.0037039303873345254
2023-06-23,-0.001712564861252162,-0.010902779828835094,0.0004578218875386569,-0.00524354746961413,-0.008821102024756864,-0.01390202198731438,-0.014749573437746107,-0.012860102899361132,0.003638499603849632,-0.03073851253541729,-0.007688288056502158
2023-06-26,-0.007581849054283699,-0.007162155921347008,-0.0019468129453797803,0.002445474339864729,-0.014383769684503868,-0.01934893541508405,0.0026010661683222094,0.001616419243895813,-0.019239572362443353,-0.06251408245574486,-0.004496934363132171
2023-06-27,0.014946962236803705,-0.017567062740416965,0.013115211510731034,7.203985327980774e-05,0.000772689092830985,0.0180048069885759,0.020266855606222024,-0.005128023372251974,0.0027369926671105506,0.03729619858071868,0.01139073352418076
2023-06-28,0.0063078615833655205,-0.0006791679675082765,0.004646814466603151,-0.004391995515326397,-0.007731456309581892,0.003818548594301798,0.004183090136538787,-0.0063795107681803185,0.030135019088058403,0.023813875097039847,-0.0003541393883898215
2023-06-29,0.0017948571022248306,0.0054190690488273695,-0.0020855928690393204,0.03432713199761463,0.017154074922736084,-0.0023848136517641617,-0.04171046286568756,-0.008615393615041819,-0.003729256671500928,0.004905252914132209,0.00446356811449
2023-06-30,0.02283973153874483,0.011195596439591986,0.012504032304106131,0.013916506354250728,0.00640653876656335,0.016252715850171042,-0.01914702569977907,0.018910858339583465,0.028203922065161306,0.016446493545468958,0.0121943502618858
2023-07-03,-0.007815231224921917,0.00207610454157067,0.004928524155786967,0.00801244578817915,0.004767226340452368,-0.007516192506978937,0.012440046113815887,0.002422894002572373,0.002154394489209544,0.06668035183063045,0.0011699930926736418
2023-07-05,-0.005888586851834008,0.01914757144613738,0.0001663710951613146,-0.0066839350125971,0.0003889017877422463,0.00047321068040099163,-0.029217629527686185,0.007634070710405829,0.010052581772954504,0.009461225032650612,-0.0019702580976127164
2023-07-06,0.0025056634426495485,-0.0026922866847849847,-0.006972632224370336,-0.009935810547973361,-0.0024231562971328284,0.009184458320466497,-0.013464348608855977,-0.02608773230532333,-0.015959858836504966,-0.02125228365266279,-0.007954061175894762
2023-07-07,-0.005908762580189349,-0.012832519441193983,-0.023193492053635217,0.007859553727815712,-0.006367078045589766,-0.011938335241911182,-0.007637587380486006,-0.013373138920771674,-0.001687630052574715,-0.007659314226953743,-0.002869212795733482
2023-07-10,-0.010915323257915244,-0.007481852144738054,0.003725974068608451,0.005595973908980952,0.0036341062145280735,-0.01611283361069935,0.029726702102717037,-0.004729899873781562,0.008206364452725474,-0.01771977662648564,0.002402138610626312
2023-07-11,-0.002813997901340592,0.007998535179096036,0.004978214404758282,0.015518152656844496,0.01275537357600928,0.0019266740473246463,0.017766879004084312,0.006671277996432556,-0.0034017069176707853,0.0006674942605875906,0.006719583998254874
2023-07-12,0.00894560494681829,-0.004361724783230332,0.01566102919973496,0.004939423804872085,-0.009329370403222695,0.014126776318112998,0.002983095644154308,0.01757531935861659,0.00868525751286841,0.008121354742896705,0.007383905235389679
2023-07-13,0.004049166511160107,0.0006739142746832006,0.0008359216859210848,0.0048482494236045046,0.009522504449737262,0.01606249345919699,0.011533695704407213,0.0032615185969901844,0.014154489673721458,0.021496049775542363,0.008434482989627111
2023-07-14,0.0007869679175120198,0.017953024457439785,0.015205622643957348,0.006027415747334075,-0.004448433773390127,0.007501006329168427,-0.006998046388398907,-0.006943303560368682,-0.018985346636989017,0.012444771516691934,-0.001024932196907484
2023-07-17,0.017157474885641857,-0.00871347346121652,0.011385536656033398,0.023817738136236038,0.012116450211738865,0.001418460154945983,0.01671380689418177,-0.007404032259721263,0.018252427185323602,0.03148434056863512,0.0038479695744204137
2023-07-18,-0.001341031842359202,0.012895527132192653,0.0011387091035552474,0.0018236441041189857,-0.030834213755209155,0.03902817529659371,-0.00338188017681073,-0.008430880258167878,0.05353494165797248,0.010141906463636843,0.007092066941428338
2023-07-19,0.007046888019152562,0.008021670944496545,0.0009387436116351575,0.0038325356146511765,-0.009237145314501247,-0.012343359446562204,0.0003075172307820851,0.0006937984652051328,0.005858947098742046,-0.00711596075110357,0.002355134827233639
2023-07-20,-0.010148790538063576,0.03223211262395093,0.005130173054492435,0.012242243910905172,0.009917230063340231,-0.023393146115391988,-0.004165147657383007,0.02736156452476961,-0.08785875500288731,-0.1024426640636013,-0.006779827396257691
2023-07-21,-0.006180824304959901,0.010842178782899201,0.001614643949872732,-0.007714344240542149,-0.002744866898596235,-0.008977077391208095,0.014731271747925448,0.024001043075176406,-0.022939556813363394,-0.011015199637560409,0.0003240420146130911
2023-07-24,0.004211249578229845,-0.003903777651828502,0.010821917118111502,0.01949227728596716,0.004475823545688662,0.0038902704494083043,-0.0025928505968266925,-0.005283955656230403,0.002033061765785421,0.03417588510139735,0.004026038496874852
2023-07-25,0.004503459005212391,-0.010884699948487599,0.0022320085232196557,-0.007496234814019479,-0.0058182031628630695,0.016866202582507296,0.0030496324941189845,-0.0007952592749868983,-0.0015653242068225791,-0.014148526638195701,0.0028107195758387046
2023-07-26,0.004534660140185611,0.001904812267301181,0.0017324317702926157,0.0059759981097582526,-0.0029548622063949926,-0.03836406417231242,0.02555379776229317,-0.01428490375848458,-0.011830333635548983,-0.003511861575139069,-0.00015545097867591856
2023-07-27,-0.006602701261778382,0.04781645368942411,-0.0076948449784165806,-0.011090518846538052,-0.009251843403591328,-0.021093223113358414,0.053316920920991,-0.014901238632377118,-0.02273252925707966,-0.03322998965193553,-0.006445393055197076
2023-07-28,0.013417646538270173,0.013346996952941448,0.002648336598628429,0.00568831104682133,0.0008022448055758991,0.022868063752858166,0.001827507234072161,-0.005748761139839111,0.030063597118831463,0.041105070589749985,0.009829375810433848
2023-07-31,0.0031608077643852234,-0.008454839628241196,-0.004715343023675904,0.0066694557375173375,-0.005874818203193189,-0.007266940240147993,0.0026650452750896286,0.006158189607814698,0.03050829884887843,0.0037087357528333273,0.0014676354365687912
2023-08-01,-0.004285053374027889,-0.006977057611904511,-0.009317883351135925,-0.004950161280107636,0.010939815530176596,0.0012494751720793455,-0.008863962857487985,-0.015536306454120468,-0.0007976355637159951,-0.02406922380883306,-0.0026686453076827116
2023-08-02,-0.01561125256832511,0.005639129864457134,-0.005632783863834836,-0.011389243499754823,-0.006045598052560563,-0.0266346321823055,-0.037289331752568544,-0.0036090950135465373,-0.020546104257929545,-0.027021352113566002,-0.013936200638336184
2023-08-03,-0.007348550338261279,-0.002211654009158742,0.009621485202324894,0.006094766021256609,-0.0014277002768390778,-0.002568095346642977,0.01470726089537971,-0.025492608408143446,0.0030207355113108718,0.020295602012260543,-0.0025512254502915274
2023-08-04,-0.04921127440127187,-0.008895288380507543,-0.010183037134431557,-0.002113128025732587,-0.004923711472840725,0.003422886018609813,0.010496999262860816,-0.013355625323469258,0.0013911751480546078,-0.021279912186420162,-0.0053141693739379705
2023-08-07,-0.017404100451898573,0.01744658003505929,0.01147320235217261,0.004731741553588431,0.009067542124455806,0.0070832168932842155,-0.00761023658134517,-0.007691761088980489,0.021001284617694897,-0.009538785882980292,0.008983618964856572
2023-08-08,0.0052975311352254206,-0.004734249167500059,-0.004109429053093508,-0.00562956455527121,-0.0006894349019120104,-0.012375477308891466,-0.025251122163362765,0.001019382389591657,-0.005596865265223693,-0.00698396541730477,-0.004227205100058866
2023-08-09,-0.00899488068899192,0.007656749348334073,0.006416938730131112,-0.013498207879388687,0.00740350385072878,-0.011784837116079196,-0.014142375109197906,0.003051686984676046,-0.02167987190884191,-0.030537632908455258,-0.007063619102045116
2023-08-10,-0.001235436009287688,0.0044338252348708205,0.003193037147242929,-0.0014966032769195394,-0.006113886217596058,0.0021699653260276296,-0.01907132096787557,-0.009183021066465524,0.002514944236581915,0.012922436522360333,0.00025068252108086326
2023-08-11,0.00033761785543769037,0.004874618217640444,0.00261461749694941,0.0057787505310781155,0.008848630434940219,-0.005963468902909456,-0.01648588240713996,0.00918302106646541,-0.019539410751961202,-0.011024937980288016,-0.0010702648992294865
2023-08-14,0.00934937158016828,0.0005912713466269023,-0.00265037163430651,0.002069923300933948,-0.008782046812822058,0.009394972706323432,0.05896915095446142,-0.005237222341080886,0.01440973110690642,-0.011981650600334395,0.005734004879419051
2023-08-15,-0.01126367099397815,-0.0009855729100329707,-0.0052858515549497435,-0.02578672177551303,-0.014547259638462914,-0.006750384993272226,-0.04416554426568335,-0.017806317276545178,-0.009583409460456065,-0.028771606269163794,-0.011618139396096483
2023-08-16,-0.004971293480802471,-0.003753861319836519,0.0009663882970063464,-0.0042522985326676616,0.003488209250255353,-0.00243138931050197,-0.017136722811500554,0.003113152720239029,-0.019663406386298727,-0.03210324714965498,-0.007584081792624527
2023-08-17,-0.014662165915424349,-0.010147245834620785,-0.021589035801853926,-0.010440991308913109,0.003476157491514812,-0.01104727406016792,-0.010330293411278793,-0.0007403161458511485,-0.030425683021798072,-0.02868774932252366,-0.0077428113775290805
2023-08-18,0.002812095745738971,0.0007995920614391555,-0.003973656706960124,0.00228493333918997,0.007538504307881786,-0.0012630710840212784,0.0004718590931997532,0.004728726600789897,0.0037893344923352486,-0.017161267109647337,-0.00014871788395720285
2023-08-21,0.007707036708067711,0.00013329646715273713,-0.003179994861151094,0.003417476941769572,0.0031723218429635883,0.016918937210836864,0.005801643633178612,-0.011118455555429216,0.009251793592750593,0.07071456218373605,0.006855634859799785
2023-08-22,0.007873753177907285,-0.012868881205131025,-0.008950114908182207,-0.020956611094977304,0.0032065434219417897,0.0018000552627478674,-0.008636265410046603,0.0065376644579714155,0.01188149194288036,0.00822448994977978,-0.0027813310465456837
2023-08-23,0.02171156290336617,-0.007855916911639794,0.00461434318880865,0.006740356103369327,0.003592132029227918,0.013981098071312384,0.02768454572288024,0.005464989035403336,0.0342121025410447,0.015615669490355368,0.010984330710791359
2023-08-24,-0.02651881110827022,-0.0030642342026921585,-0.015174345422526847,-0.0009504358262555446,-0.004453756581467651,-0.02173294359389499,-0.023278504896288035,-0.009917710600827214,-0.0494300656069825,-0.02921607421029239,-0.01354935398400801
2023-08-25,0.012563777482742521,0.0004091762088872324,0.0043163703010051175,-0.0012233177626659022,-0.003231237228995159,0.009363174338173463,0.0004708961648972411,0.010948348596616784,0.022116188472875192,0.036493404628287436,0.006695501060295156
2023-08-28,0.00880726027687928,0.0050318386374891035,0.004073920545389374,0.003462242846556798,0.002723001039439328,0.0022268152177760243,0.024646594145128976,0.000882446382744866,0.004867568603703369,0.0009635784854130897,0.006245078594196461
2023-08-29,0.021575644516125217,0.0010845455501852829,0.012197304283281555,0.00809945867323098,-0.008704246683840958,0.01444565985851338,0.02075988787406515,-0.000621787775742686,0.02813700832454119,0.07406603958973092,0.014404068712056505
2023-08-30,0.01899082822424214,0.004934274058473879,-0.0009401863837015667,-0.004041364182691628,0.008903054585253941,0.0011562528681353136,0.020925303039587645,-0.006240888513248842,0.010825135357739024,-0.001089320005828064,0.003825854181192944
2023-08-31,0.0011718085742274424,-0.009211605894787474,0.012862607035568841,-0.012428517208297886,-0.002361297648427698,-0.003137358619269669,0.026807451373206708,-0.004331819783421511,-0.0022801650802984712,0.004582681990043304,-0.0015982129743398576
2023-09-01,0.008427819081291879,0.008402085015052147,-0.009199540060909193,0.0033431482178563807,-0.00037944133308213214,0.0027420986235197698,0.006413308013818879,0.0010473098146619472,0.014195003198763684,-0.05197055872941742,0.001797512765518541
2023-09-05,0.001265782716853593,-0.014271322391035688,0.0008813429777047249,-0.011095512939760202,-0.006693586181167942,0.014768886800458807,-0.0014214097818462965,-0.010070010483498563,0.019808000602650887,0.04579063580383254,-0.004202997821381205
2023-09-06,-0.03644949077549499,-0.0033596870457470443,0.0035918597189428026,-0.0016541379878668796,-0.04890919266949266,-0.0020106677282537466,0.0017055590178839523,-0.007733533848504706,-0.006529244073412078,-0.017978069897591802,-0.006996014491432261
2023-09-07,-0.029685810878799273,0.022410399481988082,0.0035241055133214028,-0.008590828631372583,0.0047065283118702525,-0.008962106182564314,-0.007698745831678337,0.008488573763156121,-0.0058949667706464535,-0.0017083203640211426,-0.003216433115732967
2023-09-08,0.0034858105891787785,0.0007384549075458024,0.004673627466852023,0.0007650231098768654,-0.006713605313112926,0.013129005502513138,0.004426749307696329,0.00871653673146168,-0.0007675553464674706,-0.01196040362366716,0.0014256060622570594
2023-09-11,0.006600656645966554,0.00013407270673590743,0.013675992433592205,0.0043706364763780444,-0.005760084110839194,0.010919447581921121,-0.00213948242813733,0.010419958364875588,0.005764754848211696,0.09615118904304938,0.006700951498135517
2023-09-12,-0.017207985320773805,0.0015420653489093931,1.8156366257906948e-05,0.012930063390818645,-0.006750271967374624,-0.01842645588738593,0.003990144122090819,0.002957296789045666,-0.02424975403643906,-0.022549196320499374,-0.005712169023003997
2023-09-13,-0.0119254468463014,0.012582114557450164,0.0017342282134936503,0.0004781652088398217,0.0075344380279918225,0.012847743040690852,0.007650970609255762,0.010282025368678395,-0.053027493747638134,0.01418033641106544,0.0012408621175346041
2023-09-14,0.008744043536441662,0.016273296602841818,0.008910295889571537,0.019211952153858913,0.01157211631172651,0.007825240858878469,0.01318044107332605,0.012344845232504684,-0.028916888257161967,0.017320639037477315,0.00839458553366625
2023-09-15,-0.0041625532876615684,-0.009942456798660057,-0.0150028720666642,-0.002952628977833003,-0.004329686893468594,-0.025355705231395968,-0.026965846231105584,-0.009280728611733707,-0.008903650158952803,-0.0059953082833390835,-0.012234145842493929
2023-09-18,0.016771973392602623,0.011893487384896737,0.01136665044181553,0.0020810689663679238,0.013608118325490127,-0.003519003426354256,0.008833169149476005,-0.005844365459014912,-0.006419554005952175,-0.03376463807907184,0.0007210276941755188
2023-09-19,0.006161799434708031,-0.002927701472681476,0.002892349257144895,-0.0012750012323072873,-0.010641192710811844,-0.001246927751509256,0.0029744145110212963,-0.009571038584160634,0.00455351939673099,0.004588376260533905,-0.0021533273615331264
2023-09-20,-0.020194673632662682,0.0007814130051315999,-0.0009215379385909158,-0.004239067923847089,0.0038485840949248626,-0.02426895532513996,-0.01467366115640269,-0.0035570634317853137,-0.025304809983334075,-0.014780377139554338,-0.009439204206291041
2023-09-21,-0.008929331588393544,-0.0011723486044021634,-0.01564086344687656,-0.007852577071101399,-0.022286630657681845,-0.0038732708162359016,-0.02587744972017443,-0.006554419902522688,-0.0055811721759328504,-0.026588996104119158,-0.016536918318488084
2023-09-22,0.0049324401032276475,-0.004507218657531995,0.006303781466408654,-0.009629140631998307,-0.009360169029358016,-0.007917703785877866,0.01433005856391955,0.011737653392412136,-0.011362023982808184,-0.043236555785455495,-0.0022982374027607495
2023-09-25,0.007353165681663005,0.012427335145359958,5.346502455018951e-05,0.004928338559246301,-0.0018147328119833073,0.0016704234025838715,-0.004365022734357196,-0.0034030897366705976,0.01305260573202213,0.008579557642104906,0.0040149942038066174
2023-09-26,-0.023676283142709694,-0.004796684234168282,-0.010183653449867701,-0.010432920990147428,-0.010101694696098952,-0.017151975891340227,-0.00937587323494131,-0.03207881598681692,-0.01452810878382333,-0.011687984544270934,-0.014844165482264943
2023-09-27,-0.008937747458547399,-0.005080735226271897,0.018935071547491397,0.005847565919781895,-7.330932176828301e-05,0.0020804397007552987,0.003965956223638332,-0.08592657203031438,-0.004386677145906252,-0.014939798128788435,0.00022928777229479233
2023-09-28,0.0015246194428999921,-0.005763534077834397,0.009009419113004248,0.012339617596099618,0.005465548544087806,0.0027137318002379293,-0.045131548875546545,-0.049223941519217024,-0.003262746662321671,0.0241549898062297,0.005875877143000698
2023-09-29,0.003041922159143849,-0.02117486550116666,-0.006475154605373086,-0.01756633434249549,-0.004878745511513183,0.006704994291620924,0.04248917527349098,0.0036723512626879165,0.0032892155170683476,0.015465456415727708,-0.002713259648289315
2023-10-02,0.014726545837252735,-0.005448912937139237,0.011176828574075617,-0.008656754051412627,-0.0027913066946277936,0.018979365502069072,-0.0010295287519743335,-0.09400196299049801,0.007203931967560887,0.005500013317318054,7.936440615299324e-05
2023-10-03,-0.007800104756212113,-0.0055464709231444415,-0.011035532208305245,-0.007400269643881242,-0.009831956994961463,-0.02648200948403444,-0.0019146036086873598,0.012008096647501548,-0.009457504531928874,-0.020356864105244222,-0.013839395863449198
2023-10-04,0.007281944841184304,0.0017620172635963627,0.011892780560326346,0.00447433852289599,-0.0062099914560158785,0.017617140717750442,0.00411963441051849,-0.041785551166260315,0.0003980465805517986,0.05764957536105983,0.008077047607828946
2023-10-05,0.0071721458133569465,-0.0016263847268070898,-0.0039951782162660305,0.0042077123251560876,-0.009966448371844067,0.001253452028235248,0.013706721432902325,-0.023384675790456843,-0.011501274767351978,-0.0042593870629195184,-0.0013048811469951228
2023-10-06,0.014642765717335351,0.005343503731166423,-0.021277510982805392,0.015277993797738015,0.00847038243781225,0.02443606241616646,0.014759548378875427,0.01584950345511166,0.023658499228807618,0.0018441397469999051,0.011745642093961117
2023-10-09,0.00841568473911072,0.005851587539152424,0.002579426604209066,-0.0022767711181398416,0.08556929349338367,0.007792221341926314,-0.0068845950761782185,-0.01848198263072561,0.011570770726330223,-0.0033063672235030548,0.006284068119387409
2023-10-10,-0.0033577451886481983,-0.0014763376476690767,0.005566055579718066,0.006059908090583692,-0.0032812530200633495,-0.0043451189167670635,-0.005918541100040731,0.04480439787872896,-0.03327187870770303,0.015097007960672728,0.005194476099985354
2023-10-11,0.007872933789124905,0.0030177922397814274,0.006083803915158322,0.003427171919155291,0.0035560056855189486,0.012197227473961902,0.016370466405186853,0.03729520883816381,-0.01999396290252774,-0.0023926822540326844,0.004283819500095073
2023-10-12,0.005048528579068634,0.002971577390610662,-0.0030814758542891192,-0.0023290830605947324,-0.0057647417442525635,-0.0037976122469032692,-0.006573523928647617,-0.010137232940894591,-0.013010225442628543,-0.015789985181823882,-0.006266024940654918
2023-10-13,-0.010346068027745908,-0.002295519759353591,0.005412991442945739,0.014907904016347518,0.01581387109392964,-0.010411564732326973,-0.007772125898792616,0.027725439288774138,-0.015400319447475969,-0.030395093236742683,-0.005031495660219892
2023-10-16,-0.0007271962007747997,-0.004946102010184365,0.009481309452494043,-0.0010140867692756234,-0.0014748952259963529,0.014870748993843509,-0.0018800905962925562,-0.0020209515311321,0.014347766799415273,0.011088356477393282,0.010538642302589985
2023-10-17,-0.008823675798752187,0.013157747029651093,0.0036630588079039146,-0.0021667039875742163,0.0016334752080812112,-0.0017452003225510474,-0.0011586179942126586,-0.0038690964955766416,-0.014235374255898796,0.003655911168542864,-9.824987944376507e-05
2023-10-18,-0.00742229324415338,0.0006700776581929977,0.000522184721875662,-0.011041447262227843,0.011136260564882679,-0.005889667615681968,0.0020267570896178896,-0.01731717708326874,-0.027156122766152938,-0.04893148784195894,-0.013490408251151898
2023-10-19,-0.0021632583922641985,-0.02551011741268116,-0.015803661267061314,-0.0042582598704745366,0.006947658064642593,0.003658760629313109,-0.023561513274684025,-0.016094289967773512,0.1488919969456922,-0.09761624872658338,-0.008519032328057976
2023-10-20,-0.014813257457739964,0.004867094350483271,-0.022708773512169236,-0.016236809230170103,-0.01121612613320118,-0.014134247417979588,-0.004601088713719804,-0.008241609195908987,-0.002018050794928577,-0.037588294506417,-0.012665149196155915
2023-10-23,0.0006937869891281965,-0.010310569962284714,-0.0011580098168940036,-0.013735032845481318,0.004470334082379012,0.008079562710860626,-0.005070683712097296,-0.008504124680345596,0.014558252798232934,0.00042444095402800134,-0.0016869920654349177
2023-10-24,0.002540161470152224,0.010857593868493484,-0.0008150365029530709,0.0012050025745643119,-0.011859766621460025,0.003667426863109018,0.017636710647882557,0.06754254965528303,0.016793672458280656,0.020719371046622376,0.0072395235196288195
2023-10-25,-0.013583510287566776,-0.007202334930905644,-0.00335811217298865,-0.0054694204868252164,0.015283008592678306,0.030216877485744167,-0.023334608049285593,0.024019810670123338,-0.006012311629116475,-0.01911750338776431,-0.014443434657238052
2023-10-26,-0.02491331328912446,-0.00041346366104301225,-0.004354936601167517,0.002560579465633474,-0.003849264317857572,-0.03823603467328913,-0.030071817369952267,0.019469160237436403,-0.018925684424309756,-0.031855023921114375,-0.011903081205584871
2023-10-27,0.00793755890288033,-0.04414175033479615,-0.008380720588639317,-0.03668339068610694,-0.005802042287805129,0.005838217730154877,0.01720732015111021,-0.023373342263544636,-0.014150330340873325,0.007456619810883741,-0.00481183857862075
2023-10-30,0.012230253632256015,0.021081939048883815,0.021587217698550376,0.012669261660263694,0.005510556595917349,0.02248578191520647,0.006377225759703592,0.01692564710251134,0.030226961161828946,-0.0491375588495086,0.011938474300285915
2023-10-31,0.002814732183743839,-0.0050164562399611975,-0.0044069188106573755,0.011863447272774835,0.01954569802346436,0.002368741998693797,0.01203556664495189,0.01904822750011202,0.003918359339845342,0.017479077618859314,0.006454084821688244
2023-11-01,0.018565419819928458,0.00909585584392838,0.007861334155849367,-0.0008631503402768318,-0.004983442417007049,0.02326998836048759,0.037136509182257756,0.002227376562937904,0.02043640608756289,0.02371578467512363,0.010451194990191868
2023-11-02,0.020482027084387844,0.005529820097364874,0.0003418148305538515,0.01769204827780253,0.01243408313354215,0.006480413537091451,0.014874389836182977,0.025013890049139842,0.01069958497900112,0.06060741733192271,0.018682938934086474
2023-11-03,-0.005194799654734294,-0.012927117282113244,0.008828367049262672,0.011110349304209163,-0.010314164867350657,0.012779900242554317,0.029928027679188566,-0.0088858347043737,0.01785197707704001,0.0066139872231546415,0.00934988354455146
2023-11-06,0.01449974887889902,-0.0015569116769255163,0.015777848922937644,0.007524036870161608,-0.004820355310540456,0.010517038379584414,0.00467349761666705,-0.005742355405516433,0.005489552821903611,-0.0031418755173999516,0.0017514577241005862
2023-11-07,0.014347323879192003,0.006775918665960737,0.00254107217584338,-0.00048593523998983064,-0.002241180075150077,0.011156658417953725,-0.0016468088443548229,-0.009872469443696193,-0.00029908526469780815,0.013183964542986627,0.0028360934017119537
2023-11-08,0.005867487578208836,-0.000915075715669983,-0.006832351679453397,0.004918304159963665,-0.012271036124369198,0.007378629105625034,-0.007168529817353687,-0.01655788008924092,0.004682936309934742,-0.0003150737899407528,0.0010044110324198868
2023-11-09,-0.0026277871260395737,-0.02849458649997351,-0.007270204186470142,-0.002975978393946141,-0.004959756336219757,-0.006934810030942758,0.017689538430616943,-0.04955557575998815,-0.0034411946175281487,-0.056160489658582134,-0.008116690699068705
2023-11-10,0.022954378616003933,0.003976384421144895,0.024290941432318625,0.014722387662712293,0.005431937714304017,0.024591879015270598,0.024039715418453237,0.007646097963144153,0.027404556234566113,0.021996498496030296,0.015495759270772258
2023-11-13,-0.008620663840689666,0.0003608157716356364,0.0019217793741290396,-0.004448975356171469,0.00035960066667879476,-0.008121242044816209,-0.007726263247344514,-0.011674525763222405,-0.005875316173921326,0.04134183399945281,-0.0008361884413700847
2023-11-14,0.014184756131324321,-0.004192391664142651,0.021505685866564626,0.018082407178359905,-0.0018217085465073437,0.009742825694867991,0.03146013500383085,0.05445316329637389,0.009023085885628933,0.059438019477541446,0.01889537047457725
2023-11-15,0.003036324720500966,-0.003337364002820906,0.010071001292530352,0.00871951514481172,0.0020689965021967777,0.00040580591729667213,-0.0003886091549740063,-0.009602777019967791,0.029191906647565942,0.022614155469065075,0.0015957382078471765
2023-11-16,0.009001338741890831,0.004929777784955936,-0.030971773530694715,0.011355270963451578,0.0010102237635385531,0.017430741724770278,-0.006111592034547742,-0.0070424204329494165,0.010787161217085145,-0.03883534904080814,0.0011897193967137305
2023-11-17,-0.00010526290110697045,0.0001445572005824095,-0.002474491027813152,0.009005093978007193,-0.002044223622658408,-0.016943588140013476,0.011541205966863139,0.013512666261400451,-0.0022297051094989206,0.0030349323976646067,0.0012812279371779871
2023-11-20,0.009235245545167749,7.230083888954025e-05,0.006304256320343406,0.003070642354545832,-0.001958239125143039,0.020313770352158554,0.013574387758554749,-0.0005231274831646091,0.018205888106853755,0.005533119144943252,0.007363103793795633
2023-11-21,-0.004239764432223604,0.003032044460845543,0.006007960176304655,-0.0020897310994700572,0.009731368091305287,-0.011645384528694597,-0.024594072109793558,0.011099779885044592,0.0010111508296187896,0.023490974516940124,-0.002022975931757968
2023-11-22,0.0035082633452501867,-0.0018758813228714779,0.008147396688293772,0.0023509440907026847,0.005008041028372969,0.01273115747702088,0.0050711570852781515,-0.0007305050174517005,0.006401203683191903,-0.029408274734311717,0.004052905094313324
2023-11-24,-0.007028796715076937,0.0014433117032780908,0.0038630999880924486,0.0013685901157282497,0.0035681509180342697,-0.0011121493232066017,-0.0029874856448365303,0.0013910022265931567,0.003258327036453967,0.005280386261856706,0.0005966956096450322
2023-11-27,-0.0009479309217670666,0.0030241250522929264,0.005968340467347095,-0.002282236458814428,-0.014529348601184417,0.003121588685731874,0.00829153840786184,0.0005211185530916334,-0.0008136068871999628,0.0026721746625813217,-0.0019560693168983586
2023-11-28,0.003208882963539521,-0.007287963656049059,-0.0015140552873313606,0.002282236458814474,0.006220786265297877,0.010744757943915276,-0.018095903245245088,0.010022553493778232,-0.00035480741320928814,0.04408335693193017,0.0009796385280502918
2023-11-29,-0.005424466967110317,0.003037027360035682,-0.01039052039477002,0.005067313402373135,-0.007298861326346025,-0.010111014507136239,0.007460117228927992,0.0034329163670107016,-0.003785857743864831,-0.010512266581044115,-0.0009466966151019382
2023-11-30,0.0030581523905899187,0.027699436454758034,0.008266984420581951,0.011340286820032132,0.013286505407335175,0.00015831154529849037,-0.007460117228928016,0.0025668709915790846,-0.0067707564909939245,-0.01676961998268328,0.003776931264994605
2023-12-01,0.006768207948243494,0.007138046350129606,0.0059043846687795495,0.004857344154968137,0.003655807449068609,-0.011680182940991518,-0.002499327487919433,0.011216993088047524,-0.0175164483507589,-0.005220199323597404,0.005856558953846637
2023-12-04,-0.009509582552866219,0.005146541189743815,0.0047350485750816945,0.007305714834814055,0.002844310055287384,-0.014442576640524672,-0.021835402852943095,-0.00848612914842045,-0.025750670665215605,-0.01370144313218934,-0.005423188063826943
2023-12-05,0.020844518294207835,0.0029095003357310135,0.010411689062441073,-0.0001265920280668239,-0.009923026618551045,0.009114758131614387,-0.008109269150194793,-0.007527824573768926,0.002750125525807436,0.013240755825754019,-0.0005690315939348026
2023-12-06,-0.005703280839225877,0.012442309189793617,0.003429940342317517,-0.01056422831334199,0.007078716563263477,-0.010036345299681023,-0.007628613691159846,0.0332717457281492,-0.01867262875671758,0.002719129460769398,-0.003913851944943747
2023-12-07,0.010088226260230948,0.010803329884421318,0.005778373233868214,0.0030662742135226014,-0.005130985136621706,0.005812920915346728,0.007085504022192972,-0.005830998310117987,0.01172780392674165,0.013568409275163597,0.007936610684821922
2023-12-08,0.007385061938063006,0.008814254488885261,-0.00027819952556015407,0.010973612980397443,0.0020333608412535665,0.00880316768519657,0.017630398693193532,-0.0025093965479325133,0.003886215086405515,0.004933396614923965,0.0040871341465037936
2023-12-11,-0.013011713181838495,0.013044453015865768,0.02118903897628992,0.0036519861791997526,0.007205762261154069,-0.007860358459019721,0.03705823389730078,0.00016745729920675335,0.013418884147904903,-0.016957231787828677,0.003916813547781492
2023-12-12,0.007888892980589734,0.01313720940409998,0.008999765225436754,0.008885777620058663,0.0008195631963159537,0.008261141079295537,0.004745251167189411,-0.0031870416123508318,0.006739741662327113,-0.011452714531076777,0.0045888127956924
2023-12-13,0.01655379367885786,0.00689368182409955,0.01966241003443142,0.0033582546917368837,-0.00042068168206464647,-2.659196319559518e-05,0.020640211437108317,0.04901415510592515,0.03601742164826724,0.009573866272891631,0.01355834517501981
2023-12-14,0.0007574129816430953,0.003751701425090091,-0.01763104696512771,0.018028488876593567,-0.013761643622604947,-0.022802564272167473,0.029635440926763165,0.0043099424747838205,-0.021373495735349326,0.04797595720291628,0.002643565185154432
2023-12-15,-0.0027295319532212657,-0.0054384025368269286,0.0434932801103391,0.007533013040609786,-0.007801017869393882,0.013032005419663484,-0.00953543672603968,-0.020599335874278705,0.004735159781775167,0.009711688394547188,-7.625240044859478e-05
2023-12-18,-0.008539820496473899,-0.004032875816088973,0.033464104138338294,0.006033923399913228,0.011477458275605423,0.005165400740397318,0.0018406460253741965,-0.008163372567172783,0.029349373655387048,-0.0056173183184346845,0.004518122263400515
2023-12-19,0.005346182678129646,0.0011724030253373442,-0.005150825966473352,0.013266522966060217,0.0019670337218874426,0.0016357103434544076,0.00745130935483824,0.009300912168232714,0.018142646641027094,0.020185249870892544,0.005849267450818904
2023-12-20,-0.01077179062827406,-0.012512970015972123,-0.02500968476189322,-0.011343327728864075,-0.011657807703524155,-0.007097969261471916,-0.04327399972037075,-0.02850045410925898,-0.011683697310186333,-0.0399767793773106,-0.014793147965305628
2023-12-21,-0.0007703275485152556,0.005915694167453025,0.006273504797952547,0.005687989162627581,0.012171333422624548,0.007847821138381051,0.0827662303460647,-0.004018585154255915,0.004771258659596073,0.029345860784192233,0.010248769307271876
2023-12-22,-0.005563116263924941,0.015283563471450292,0.009635255281760274,-0.0005974535207814442,0.0004463801479797196,0.0027802042013180817,0.011746366023427143,0.0025134649163636204,-0.009914543438969442,-0.007731210565404946,0.0016586821527610754
2023-12-26,-0.0028446839402111587,-0.0020677919539367645,0.004486793952336645,0.0058966535377697514,0.0043633219453517065,0.00021367618157830623,0.0065685944081847955,0.007669251079980277,0.009059846247822606,0.01598774007390915,0.004222761046978559
2023-12-27,0.0005177666846788285,0.0016803796585839505,0.010826063475266356,0.005979865066368934,-0.002691529698544578,-0.0015760317511170879,-0.00460486642085064,0.006126366995499413,0.0012208057241879808,0.018647455510860632,0.0014294356164229985
2023-12-28,0.0022238492115208516,-0.0008397831114860972,-0.005564211845102993,0.005298925028125421,0.0050211539966902394,0.003229418932336957,-0.00764519384421352,0.007236861715257589,-0.0026061740770701282,-0.032104151730159784,0.0003701061103271183
2023-12-29,-0.005439070056048232,0.0014206842397974425,-0.004564632468965802,-0.0011750301764177483,0.004444690964544886,0.0020231038507011172,-0.0063658817924501475,-0.00459925477302453,-0.007427958897075894,-0.018738327073791184,-0.0028304770367338357
2024-01-02,-0.036442422102547035,0.03081667249426351,-0.014389355693105505,0.011573168639646697,0.006334029281677609,-0.013843947322505979,-0.03578630513567228,0.013572349329438772,-0.038481611398449404,-0.00024148746074577508,-0.005676660799723162
2024-01-03,-0.007515912971046958,0.003996335643476281,-0.009202167053278105,-0.004368124044272734,0.006555804827768457,-0.0007281373361920937,-0.0009720460220409243,0.006798262645576397,0.003749684896874744,-0.04096122279932548,-0.008048618327197648
2024-01-04,-0.01278140467221301,0.006212888677385594,0.0056610870007847945,0.00661419757835791,-0.0027265352245931696,-0.007203463710485667,0.005455636671430394,-0.003069641871769711,0.009334051814584719,-0.0021831499656647054,-0.003434271663317429
2024-01-05,-0.0040212335729177175,0.004202646695167862,0.01174534920209004,0.005004631096058839,-0.0029964264740780155,-0.0005166691893354198,0.008906951820734409,0.004520545619730026,-0.0012859471952438555,-0.0018509415250833076,0.0018240216394339805
2024-01-08,0.023887200600680742,-0.0043886665847860445,0.008621064922914529,-0.00145226076420966,0.004589622537072837,0.01869585370383234,0.017815176310490947,0.013440044000989495,0.022876852093131606,0.012386614576639277,0.014015945436353141
2024-01-09,-0.002265814677693317,0.005436548693895837,0.008262837522494472,-0.007937622251405922,-0.005049852018693672,0.002931308821203206,-0.01925414087342144,-0.014568233172923675,-0.006079899702768619,-0.023096839566935645,-0.0014789938523175842
2024-01-10,0.005655478309224867,0.0157705290737014,0.008328697872885798,0.002107396243215307,-0.0019523459051289333,0.018403778092409465,-0.011465862311156177,0.004344619065211047,-0.007829936327369945,-0.004350632806278706,0.005649980650495912
2024-01-11,-0.0032278437714411503,-0.006754431551430727,0.0012181925034146588,-0.004218770840680301,-0.004997162303429238,0.004847559214647957,0.01218555730227984,-0.025367140415799683,0.028645203564486302,-0.029145966144498332,-0.0006712808369611647
2024-01-12,0.0017765493327085583,0.0010471369409730024,0.014239179466326106,-0.007367229358422281,0.021936647707911518,0.009934201115271926,-0.012064281950366186,0.005256293301773899,-0.0001422194364593895,-0.03734939877742937,0.0007506937530339595
2024-01-16,-0.012393470138953082,-0.005681062085180715,-0.0025644455809858756,-0.006289960288863494,-0.011595960291380528,0.004622841214867901,0.02658848689061184,-0.011368558706218584,-0.022437741236330404,0.004649070658851297,-0.0037383190523568345
2024-01-17,-0.005187013826568669,0.003461919653998039,0.003954020464576701,-0.005371985317258095,-0.0029967649719058326,-0.002052064701786934,-0.015844226389595994,-0.035073487864229855,-0.0018927302021266724,-0.020025473044372827,-0.005632731271107821
2024-01-18,0.03205154059860362,0.0077459017980517535,0.00454983151336159,0.001972961841306318,0.006768306700837162,0.011234203915108215,0.018323051609348932,-0.010697144607478318,0.010314438159974494,-0.017172815629643214,0.008766720726243148
2024-01-19,0.015413548852069534,0.008961566588739249,0.01108324274236273,0.01711475741196155,-0.003946261752573699,0.012113050708918644,0.03122168101014818,-0.006788033919615875,-0.004874734826431142,0.0014620115002590317,0.012238308232548512
2024-01-22,0.012090090318059007,0.0037556953185909634,-0.0035461305279139567,-0.001174846185186856,0.0021822330994792027,-0.005432675839233407,0.01957626707548109,-0.007186098555270684,0.0056986296766141755,-0.016105240597581734,0.0021919211872316853
2024-01-23,0.0066309682257735605,0.01267701768073273,-0.0071298506011213065,-0.006605910363284715,-0.04250278591347708,0.006009427940564445,-0.019347683723975027,0.009279696399286571,0.0132531363803917,0.0016270106278732431,0.002917115340764486
2024-01-24,-0.003489913422538291,-0.019776256469764785,-0.001571987037673019,0.008895748462449156,-0.018409388904252196,0.009133388255872399,0.006264038016257948,-0.006469204123172131,0.10168236837006697,-0.006283434610725192,0.0008115989762168653
2024-01-25,-0.0016980340589844945,0.0055260575541073555,-0.009674936616765165,0.014209478916761756,-0.0014142115491662971,0.0057219193164976395,0.01263536226369662,0.01687145438634727,0.030954638330708995,-0.12925817170128795,0.00524657813497798
2024-01-26,-0.009053794065970136,-0.0044307508234457515,0.010213772730307255,-0.0038236959863585953,-0.002624839807401246,-0.002324443071837039,-0.01297624636208202,0.00858668716375408,0.014871064919856644,0.003389065826718794,-0.0006519977554263648
2024-01-29,-0.003592293996848444,-0.0029849208523338613,0.010326948154889274,0.002608447498740273,-0.004429425877243629,0.014232428297494567,0.011517763038110673,0.018467380995101628,0.009370057586335438,0.04105548959785763,0.007528365505246204
2024-01-30,-0.019433416120086824,0.006142950858872839,0.00965050889514253,0.020287332200553284,0.00853792658718484,-0.0027617821875875236,-0.03321660972160612,-0.004880181682288559,-0.02272982588549183,0.0034508226289791306,-0.0006008303969786162
2024-01-31,-0.019547394926627208,-0.0031580300065388754,-0.008397898755929637,-0.010894900637340416,-0.005272321650917875,-0.027316224854990207,-0.004769899309363392,-0.011025449583170087,0.002236095409597694,-0.022699471099276523,-0.016236851740733683
2024-02-01,0.013252437946630039,0.019218127207623927,0.015189794038043073,-0.003619571458986436,0.0008380212236389027,0.015474121336700047,-0.0016338175789691518,0.01892261657701565,0.006009105166844033,0.008347821172369478,0.012416286114049784
2024-02-02,-0.005419817924290132,0.006423722221499234,0.0070723159694750255,0.0057395413111805795,-0.008881312712259988,0.018258221865241286,0.010111007173100496,-0.0271431706661344,-0.005069988308302492,-0.005042858776994556,0.01062777072263312
2024-02-05,0.00979852685091729,0.015238531775242444,0.0023651652370971,-0.0013169666694966215,-0.01007459162641874,-0.013637699895222464,0.005765055679799454,-0.03821004552291158,-0.004579743792752287,-0.03713468972636411,-0.0031914247092839714
2024-02-06,0.008594590670686138,0.0117837203911552,-0.0005206268743154379,0.0034322680744695846,0.012372658174863941,-0.000394433264658998,-0.027744017738858134,0.004634551429341282,-0.011056162438004618,0.02206779799027196,0.0023077459317481074
2024-02-07,0.0005809787687288742,0.009876608540818328,0.012568860285911783,0.0018828847208212348,0.007350866075964689,0.020890520418113418,0.006714929837785892,0.002663902610834398,0.006133541156721802,0.013309178288648728,0.008207682594008628
2024-02-08,-0.005771276881799476,-0.001257776579569381,0.006066632211430322,-0.0035975462007619597,-0.007233744543568378,0.0001448538530087852,-0.003410682178665368,-0.001597489850235491,-0.0013776634342159018,0.010500153377802503,0.000570420540090595
2024-02-09,0.004085434226562356,-0.004070236950661535,-0.0010498969189122972,0.0012004981619141988,-0.001171605098776401,0.015431744894213558,0.007979463536840318,0.0051386691617324246,0.004982808489545207,0.02093365777497024,0.0057259171287955156
2024-02-12,-0.009042551579101997,-0.005819054090262088,-0.0013696724164262131,0.004447110388265871,0.003674254296529079,-0.012658552833645396,0.0016348613746751894,0.016998590548761943,-0.006201046035356335,-0.02850600281752684,-0.0009494041426524416
2024-02-13,-0.011338358870217969,0.00127045907967478,-0.0113598648673626,-0.008741686104335376,-0.0036275977651115147,-0.02176368164214722,-0.04988174686920882,-0.04078588744829994,-0.005987237687492781,-0.022088768605910858,-0.013768609419845444
2024-02-14,-0.004821224622992782,0.006499708657296754,0.011041519065078383,0.010105910930932846,-0.01972316726739538,0.009618890633094956,0.003672869045461039,0.013661936657235267,0.043769371606292184,0.02516701014711292,0.009534168304216807
2024-02-15,-0.0015762371841849952,0.01236431547704714,0.003221297863722636,0.0215799203756761,0.011719908462120395,-0.0071809999165336385,-0.0024470170512606005,0.02224663398334489,0.024097586070192915,0.06035334314528131,0.00580437267404004
2024-02-16,-0.008465978909049038,0.005083780128595625,-0.0007180773719488857,-0.004680916582516798,0.002242684006683618,-0.0061680403142079345,-0.026439840994498105,-0.004199370496913839,-0.016154455729231063,-0.0024975038337594173,-0.0048150435759610425
2024-02-20,-0.004122452630954076,-0.00985176689643643,0.0023452378482299516,0.003902343482021022,0.00047143141813538213,-0.0031480708807317156,0.015105238067105736,-0.007391853059877164,-0.015219259873668577,-0.031447068575792124,-0.0060234264658172495
2024-02-21,0.004177315290668038,-0.003476888809676854,-0.003686101364728125,0.006488626728278429,0.007701221052422422,-0.0015156021006925337,0.009617781417084354,0.008618426725590335,-0.0030997761737188486,0.005199145723306879,0.0012634014951035982
2024-02-22,0.011181089705893892,0.009150584905450726,0.01561712552529133,0.011924323178351508,0.0031292496307571654,0.023273682686715366,0.05282014219300263,-0.007559096550436364,0.026029615898724334,0.013463405650618309,0.02090288866640342
2024-02-23,-0.01008463699785198,0.007552832467719669,0.004795190721286771,0.005012865082675514,0.0051860856189580385,-0.003187328166593926,0.0010472192269116046,0.0019391596716568245,-0.00837869346883121,-0.027943686650054866,0.000347887026502183
2024-02-26,-0.007479321388608365,0.004034627155908568,0.010004833236947341,-0.003430148241282524,-0.004510148077405907,-0.0068469857346792565,0.03944414781225988,-0.020015917456353956,0.006984265246381679,0.03797371074003026,-0.003793939244668484
2024-02-27,0.008081697991797072,0.0010062565533615591,-0.0008589587950897149,0.0004907546509858018,0.0029082335030131755,-0.00014722234441143104,0.02636502333678406,0.007406883237588454,0.02357759701389051,0.001653606167566249,0.001704895538720964
2024-02-28,-0.006647458621441598,-0.005546289151451999,0.004354605670124929,0.005056846070423959,0.004751454921207974,0.0005887593757897269,-0.023574493728810406,-0.009403411694475821,-0.008663427102757325,0.011499231283567918,-0.001659531321112244
2024-02-29,-0.003700089402067958,-0.011015612978283476,-0.005456340203793713,0.009070150048553957,-0.002542083047890236,0.014415499612623768,0.00998240973976223,0.0027216514365320083,0.010738822801665378,-0.0007921787106965236,0.0052154704557999644
2024-03-01,-0.0060485290811909485,0.01611504764351847,0.007433173093358058,-0.004146881196831521,-0.004165209471786142,0.004486403229554645,0.048890069853286915,0.00036225467675222317,0.026869849454937516,0.0037575170226514664,0.007975936433387976
2024-03-04,-0.025708816902432746,-0.010450899432414906,0.01291250444621296,0.007473585020568928,0.012768304957033514,-0.001396832371563516,0.0064949401395394445,-0.0043564025952660835,-0.005683409967269752,-0.07424463938175002,-0.0011939745749630112
2024-03-05,-0.028853334924569308,0.01184716316312038,0.0010138573565368252,0.00996744255852729,9.235844826802845e-05,-0.03001813309231658,-0.013667195169127042,0.007791985355716813,-0.028544454890043695,-0.04012679843323044,-0.010245406275917994
2024-03-06,-0.005895624501278824,0.010549024691249258,0.017336787898071353,0.005184059340542425,0.0034665020274620905,-0.0013916284141357463,0.011471940518792965,0.0023437340629383087,-0.0013542577645945001,-0.023512123304642613,0.005127932853001643
2024-03-07,-0.0007098784201761705,-0.002709803484439304,0.015845466510408725,-0.008797114892361105,-0.008083831755816048,0.017381564382342837,0.035163551730392345,0.012882585216813174,0.01794113299415646,0.01188110874296599,0.010251402284983627
2024-03-08,0.010184708091055135,-0.009571125484109174,-0.07949115294812321,0.0018613038113999291,0.006744722898514649,-0.0071627780002123335,-0.013835468656933341,0.027355773568107013,-0.006082507364123082,-0.018701625030085045,-0.006549922992050337
2024-03-11,0.011762099682030352,0.004351720354720471,-0.015949006466153038,0.0003717599819622816,0.004264568617610779,-0.004193556942045338,-0.032376660952715346,0.0010374400707700785,-0.0064524370465355125,0.013763678693560029,-0.0011228682680281005
2024-03-12,0.0027747397002792448,0.007155754072860882,0.031430119845274475,0.00819816299619154,0.00036803129939270355,0.02625163993685001,0.03032585415957322,-0.012519896143392897,0.016749481142266265,-0.0012947061441473569,0.011139512586668012
2024-03-13,-0.012196434584677928,-0.005876133331974666,-0.003643490462683774,0.008079655381042153,-0.0007131004154523962,-0.00043327292896678794,-0.03403614402626079,0.040969017062542794,-0.0026710053696953353,-0.04646099727496628,-0.0019263840021219723
2024-03-14,0.010867890035601378,0.0074226265510871576,-0.003069210221600142,-0.017978776359183383,0.002688489954415721,0.024087119273165498,-0.02942182336399468,0.0,0.005824321515645225,-0.042056898779332184,-0.002875221051495188
2024-03-15,-0.002199093994437287,-0.01849221857857046,-0.008672006228750613,0.012319476965425,0.00011480125165904972,-0.020912345557413687,0.019710442315916024,0.009028673952885929,-0.011699260299974116,0.006563076277915342,-0.0065040228597376655
2024-03-18,0.0063523677982389405,0.0034234234755189706,0.008111602960198519,0.012325235616950108,-0.006029914069595853,0.00215897574901285,0.005667624383199852,0.001496986105147789,0.020437370419595622,0.060664152342604714,0.006298184238480456
2024-03-19,0.013493630317425565,0.0065336075792774475,0.0008607433692516837,0.00584802999031567,0.009168438095734872,0.009752999118306141,0.002343007227978631,0.018116354835092413,0.003792998124079947,-0.014372034891457558,0.00563325304434312
2024-03-20,0.014602214256551817,-0.019049219911216973,0.011610003076684425,0.013021838973474328,0.007338204119033163,0.009023958553884336,0.023654242755537975,0.015064525113160221,0.011134094209700815,0.025017133837829976,0.008864765516360184
2024-03-21,-0.041715857880158344,0.006953464866989856,0.002480921000059809,0.013809390826944802,0.006224764891112218,0.009688525937540665,0.13216685738010125,-0.01359672416317604,-0.007965510686787825,-0.016299696542812377,0.003231309094528888
2024-03-22,0.005296233506847263,0.005337934598458166,-0.010505298477287152,-0.012333408900842746,0.006118936241477038,-0.0014681386392760769,0.0032718476376539015,0.006821503454623394,0.008475149636129138,-0.01158171211632812,-0.0014031718343267125
2024-03-25,-0.00833492068903189,0.00044828315921206476,-0.005239543484508231,-0.009196754933280898,0.0009639181299879224,-0.013809585533377551,0.06089682978454221,0.013345458937353814,-0.0008761708360656139,0.010481683435756076,-0.0030596403820319297
2024-03-26,-0.006694962405196483,0.0036900674384910087,2.7475009050430693e-05,0.004660055078108432,-0.0007173147511665738,-0.002865530919687433,0.014156941873940135,-0.0190267759231138,0.002832840382594643,0.0287772826285837,-0.002803721982805726
2024-03-27,0.02099065746726129,0.006452699631576821,0.0015035490054224187,0.01917824651951607,0.023905344764878787,-0.0005219224677253421,0.0037807824526404563,0.03769809280673382,-0.025283565402849383,0.012084083617363902,0.008593595582706042
2024-03-28,-0.010615181060009696,0.009656536929749115,0.0007510541246575801,0.0039017897607948795,-0.004190097838264271,-0.0016861561127013136,-0.010505443516801823,0.001879388933114837,-0.010156844354685134,-0.02272190773999231,0.0011158627007616052
2024-04-01,-0.008491705386029311,-0.007385988054875386,-0.015668862463182012,-0.006812853807732838,-0.0045831898954368806,0.009109495021120606,0.05294613885515094,-0.008327506439870786,0.011427353952521207,-0.0032477284143495326,-0.0020156145269577246
2024-04-02,-0.007023339287628424,-0.0003870207304107799,-0.013877656408257485,-0.0004023955078170803,0.0009933687580739846,-0.0073995389153076645,-0.012548327856508064,-0.007920147342392464,-0.00016277018621449547,-0.05026651935105258,-0.007265388203672426
2024-04-03,0.004785880633202753,-0.018770526857015912,-0.007918155874632876,-0.002819851794778347,-0.011851933777380984,-0.002351861140088135,0.04195855140535208,-0.005262042351069353,0.02550987368007643,0.010447544054431742,0.001090527523337898
2024-04-04,-0.004904461361691094,-0.05464397691869525,-0.0011486617340050185,-0.007637729670061946,0.01361543473858593,-0.00613122096833595,-0.03110128714811691,0.018689254846054118,-0.020750872332217108,0.016083269202606634,-0.01241103561926225
2024-04-05,0.004491849386228418,0.012429839419771303,0.012463292158507616,0.009158089753852733,0.002946923479367477,0.018117550569217985,-0.004118209842013512,0.0070362121954283515,0.030385628729464046,-0.03696743555877544,0.011038050135699558
2024-04-08,-0.006685799951462834,-0.0011771276605439542,-0.0026796546634571448,0.005203089876805409,-0.006609671849617978,-0.0021879015656946096,-0.005111227395757399,0.010539477383797518,-0.012288729272889147,0.04783676362708771,-0.0003747011900415767
2024-04-09,0.007216321704644215,0.002000244916039399,0.0094799847392527,-0.006723693247549081,-0.01068966602121671,0.003972343234375424,-0.0026058593261427737,0.007985313198657659,-0.01638078861107905,0.022295607975213145,0.0014444494736345207
2024-04-10,-0.011201596370459066,-0.006545094197144942,0.005537161996651956,-0.008557802504728757,0.009207482816468073,-0.007109629493065524,-0.0035127222855954807,-0.021176982002242883,0.0006145315241961593,-0.02937344256551801,-0.009501981832212592
2024-04-11,0.042360623761555576,-0.008973561780857418,0.013430134436767209,-0.00020482974539800595,0.0013495345941016302,0.01097294032863987,0.04253574282920791,-0.001094267836346241,0.01635485149901166,0.016399556773736196,0.007417221983342437
2024-04-12,0.00858981368688756,-0.022483858911740005,-0.0014207733503300616,-0.06686409186677948,-0.004253858534377304,-0.014191418883255797,-0.0399205375749215,-0.013541272647570171,-0.0095077842386779,-0.020541749097701737,-0.014657587802248536
2024-04-15,-0.022106153320174134,-0.0037659637594131515,-0.017978052724719872,0.0005471283615032477,0.005932467830177438,-0.019772063388841143,-0.009430497792347524,-0.005245378758021898,-0.025497743533013175,-0.05757465973833702,-0.012094195787459195
2024-04-16,-0.01935328681354437,0.005366719176655273,-0.0032213187754359337,-0.011493606806554644,0.0027112016355031235,0.00226979904615518,0.0032902506280775173,-0.016874417495570868,0.016935558837539326,-0.027435068682222955,-0.0020586245275039964
2024-04-17,-0.00818077485537317,0.010465793557857383,-0.0010899939437785174,-0.003990361630982631,0.0038226857453907983,-0.006630961981583221,-0.04570309821528309,0.033312368316031925,-0.00622153264850306,-0.01062208397137564,-0.005797375076004185
2024-04-18,-0.00573078911682976,0.002493001425562857,-0.0055242476500109725,0.0064761986989353955,8.768758703167405e-05,-0.018552026677077584,-0.03855719894176659,0.0034429684214770636,-0.00511334138081446,-0.036155647217109545,-0.0022106017004853043
2024-04-19,-0.012287856493521756,0.010571868297468767,-0.002449344713569699,0.024793504325750056,0.01691419538410954,-0.012820849488091503,-0.04719674330293204,0.004520233489463598,-0.09533635245898124,-0.01939578390268632,-0.008797129654056974
2024-04-22,0.005078130617336811,0.008854343213159999,0.008351191879598143,0.019243130159274147,-0.005490723692380663,0.004599520864564351,0.021771302566635016,0.015585360764888612,-0.0007930956884595691,-0.0345935559693179,0.00869335115683908
2024-04-23,0.006371337015981416,0.009779906005025542,0.010040681241343429,0.01431021301651289,-0.0027133861632356675,0.016351084637126773,0.030149322007217837,0.013535452716847023,0.04089415889141026,0.018345226676437152,0.01189356656772209
2024-04-24,0.01262235272751268,-0.01031631791841053,0.001672936902099965,0.004880332458147744,-0.0020450325747284927,0.0036491219890330724,-0.006064776180889324,0.005423407522810917,-0.03995695028249698,0.11387415621830609,0.00021298737793290078
2024-04-25,0.005134017815166127,-0.003043943315373936,-0.0012046323807118925,0.00150087481276032,0.01220896789569507,-0.024800170442304675,-0.0017909138689318049,0.005095055265398548,0.017287352791446355,0.04845814470471284,-0.0045869342701194095
2024-04-26,-0.003478948069947538,-0.04693268454016556,0.010089561576301021,0.0006204104313885949,-0.007537170957799934,0.018079426590934533,0.028798022725029265,-0.013695728345812428,-0.006340854821048397,-0.011168015552988686,0.010157381332325343
2024-04-29,0.024505427304910923,0.011833019504226945,-0.0039162272660554255,-0.0010859296224896633,0.0134792449188748,-0.010067252215850198,-0.004188573737274007,0.021438543513838216,-0.0031051453073314963,0.14242723171122051,0.0031734080766393944
2024-04-30,-0.018440049475037915,0.0069100227194124125,-0.004733462779601565,-0.007999444031200032,-0.005619407914516211,-0.0326465835614913,-0.012317417710541324,-0.006696938009917029,-0.015944454819606907,-0.05710084205665045,-0.015855551118928123
2024-05-01,-0.00606537782987316,-0.005672420680292358,-0.0009412033812227585,0.0006255161608209015,-0.006906503791929299,0.014306517104488938,-0.02928446355008215,0.02419354403730372,0.0019413487787812889,-0.018113707174260838,-0.0034413534856316866
2024-05-02,0.02179282045096395,-0.005642942370545129,0.014051732794573491,-0.0010429390563431583,0.0031786384592940083,0.007316104296732325,0.02369149182622937,0.0034920150667929594,0.02406859993197875,0.00011105007606901516,0.009087024725084856
2024-05-03,0.05809546975773862,0.018361411720028694,0.015525169559082983,-0.006018373102485838,-0.002788922469812834,0.021927491413211507,0.02087909589753659,0.01856289900194863,0.024798320074550927,0.006533843535574036,0.012478557659508005
2024-05-06,-0.009148303857816105,-0.006492623006507076,0.016729860466568977,0.007790697862002198,0.0018817209198797198,0.01677678968246712,0.046254481218308406,0.015701508489020036,0.029977345446644602,0.019511437908750914,0.010273173691247842
2024-05-07,0.00378983359248592,-0.0011068564227246385,0.019454081408055462,-0.0013029551223167801,0.008391969227636886,-0.01020812265982287,-0.007687853772942698,0.009776744574079196,0.01501312353167397,-0.03834210509362018,0.0013425282288256131
2024-05-08,0.0018622193102028077,-0.013003143026827355,-0.010295284705865953,0.020134840819073904,-0.0011147811385105063,0.002927298424186578,0.0009223616512349879,0.012430962304367027,0.005709743114203969,-0.017530851194269642,-5.835635193424912e-06
2024-05-09,0.009964597993558305,-0.00031185788978391486,0.02026710139469559,0.009411420428123568,0.0047723131550473155,0.004326367292965685,-0.01273593958288177,0.023469879278236513,0.004289620536809419,-0.015864649448707812,0.005078032639106711
2024-05-10,-0.006914043415283217,0.002179645141120525,0.010407394055952259,0.006409668764251284,0.001045732775487216,0.0058521430536760165,0.02869903920111776,-0.010649091973606055,-0.001995124489583245,-0.020562350450525728,0.001648040080166728
2024-05-13,0.017491466112370933,0.0032917179811273374,-0.01541322661261452,-0.0002012679080531148,0.0035764747228352787,-0.0024624787855059994,0.014412262620141645,0.010649091973605996,0.009320103734037893,0.020097034145307512,-0.00024133317386520824
2024-05-14,0.006154594479231205,0.0019204313201676892,0.003541395490490146,0.013891942364009402,-0.007208965531054561,0.006841073108392693,0.014608250800133143,0.01120028742836416,-0.0047632565400975505,0.03239754278801776,0.004826148527454041
2024-05-15,0.01214405589907847,0.013522685903427688,0.011681048014895971,0.0029730855185489775,-0.006657564728983435,0.017332831234390507,0.023752204620767322,0.021382069143584283,-0.00022816438926621612,-0.020254418706909572,0.01164782778729962
2024-05-16,0.0006320044649371315,0.003413145143561288,0.007632559882870193,0.0017797124643289764,0.001614720055312068,-0.0049521713616111265,0.0006256659925535329,-0.008341085624007451,-0.00490186030056308,0.004873391179277019,-0.0020838374740880464
2024-05-17,0.0001580805810540699,0.012516606690284763,0.0034489539841409795,0.011393275887287484,0.0029430754640715658,-0.00185445179116001,-0.020539445540848817,-0.004196831950336629,0.017181086836866928,0.01487402019069651,0.0011640956878937513
2024-05-20,0.006143073024008804,-0.011239674695711268,-0.0035372540503843734,-0.04601557855564577,0.0018857749999887656,0.012134197501017357,0.029181432683249336,-0.002895360242722245,0.03125650829060926,-0.014245067870223688,0.0009159703084911664
2024-05-21,0.006833811546740445,-0.009954495283981287,0.009950307744004397,0.019945002171996816,0.002629906653469094,0.008661474100076715,-0.011696069196099052,0.01413443920893502,0.01516172069763384,0.06446711975223302,0.0024987497668926086
2024-05-22,-0.007566810822664405,-0.020587279002453805,0.0011604848331493163,-0.0060830409753261875,0.0029850781744773505,0.0034434619204258103,-0.009614847873683887,-0.008220932672049746,-0.01570810229087903,-0.035399542384592614,-0.0027097912093521476
2024-05-23,-0.02128301954712243,-0.008494117916719612,-0.006907733199965591,-0.007033813437810779,-0.005614984827946439,-0.008209644515551878,-7.898595186008942e-05,-0.01318922599806852,-0.007522654208766098,-0.036007818288810785,-0.007408162283471933
2024-05-24,0.016452036836805774,-0.007611435648251527,0.016674655205278232,0.019063389707930915,0.0005778927143824077,0.007373165574004877,0.025181149987783667,0.016981909939994773,0.017280286371387413,0.03116576011599187,0.0069766490766732595
2024-05-28,5.2819491506385054e-05,-0.011011760266405568,0.004239164191769652,-0.006046785893326184,-0.019161799394770945,0.00037190282540219984,0.02426106558612865,0.011937428605335476,0.0034728719631331546,-0.013989415788236143,0.00024877090688591537
2024-05-29,0.0015778697794504412,-0.0035467011993612495,-0.008211384825324365,-0.006991790925598966,-0.012642820532162976,-0.0026760690134919004,-0.008249839428473451,-0.011023998897012405,0.008622143626109349,-0.0031733327174769638,-0.007394317215742535
2024-05-30,0.005241201206125245,0.00977173869992629,0.0108764436141564,0.006139294922082846,0.017994074606094614,-0.034369984029963795,-0.04103410625588212,0.019500805494229303,-0.010689034451364916,0.014648923152829736,-0.005992957535754186
2024-05-31,0.005006067683534732,0.0310527832750218,-0.0067067492269414965,0.016419778157701334,0.020187901276799113,0.0011086966801277518,-0.010267032021153836,0.023134903585439646,-0.009369581300585173,-0.003978997402597566,0.007995824231928897
2024-06-03,0.009215999224510807,-0.006533259356360082,0.006768115016819304,-0.00400536818636847,0.0008772487581798327,-0.0038859780397782692,0.025043731149066516,-0.022836178062803754,-0.012278573285040239,-0.010102569596006488,0.0011154602235352391
2024-06-04,0.001648075927400472,0.01209946608962773,0.014609653379508094,-0.013267633344408695,0.0027550086293929316,0.006147744182470719,-0.012009111924275851,-0.0072322313242692785,-0.0034297671228586107,-0.008659479988969872,0.0015016810037827531
2024-06-05,0.0077904199628184775,0.020148379667229724,0.008316760383327357,-0.00958594116972603,-0.007836348925091918,0.018903502834338136,0.054324875441936246,-0.0012971333572502682,0.02909974014546765,0.0013151256990527008,0.011778015849957281
2024-06-06,-0.007121787854967978,0.018742684190574066,0.00994686107729789,-0.001775769725985566,0.007260326318225533,0.0012019982144513396,-0.027600628568609835,-0.004552896647037481,-0.0026948646144301196,0.016660454613497404,-0.00019983660163685183
2024-06-07,0.012315839721122683,0.005029554766133911,0.0034831114711456343,0.015320601439714754,0.003217015651801121,-0.001579363510908498,0.006666499408311686,-0.01722691423871487,-0.010930336166651759,-0.0025885260992180074,-0.0011158420502790662
2024-06-10,-0.019333530531070463,0.006120091510318826,0.003258539733731071,-0.0017019572530577636,-0.005695396816355766,0.009439849850303158,0.02920139228373581,0.02074097481387803,0.004712307982493353,-0.02101026729322036,0.002577529978240972
2024-06-11,0.07013159452783409,-0.01632408622820755,0.0011428121200297715,-0.02665334280120374,-0.010018842739677842,0.011178913485246097,0.0018526782573910243,-0.056524296102061354,0.006264378518818671,-0.01817434057762428,0.0027067148552095224
2024-06-12,0.028177638121366335,-0.00964695353996018,-0.0017677934304002707,-0.014667765721709806,-0.008005238900108002,0.019182416298548364,0.041192018548736574,-0.006620665802608135,0.002325462073167681,0.03811347747393242,0.008467720241887338
2024-06-13,0.005475943250113685,0.002825751385194582,-0.002184353085421747,0.011059850410952721,-0.0011985441715818591,0.001178373622030338,0.01683800160994331,0.01265133321543511,0.004910541613445373,0.028799010597446485,0.00234191143711672
2024-06-14,-0.008201877602208267,0.01211419587849492,0.01141268087617007,0.0006192340323479386,-0.0004799456864724572,0.0022394130036190937,-0.012513483502477342,-0.0016411538955673824,0.024376806480092963,-0.024746085007725318,-0.00039393828099749413
2024-06-17,0.019480539351029075,0.006444635136859363,0.014203172309590631,0.006173473459091227,0.0014607998158595726,0.013020156719206057,0.04475327816037226,-0.010318688306512162,0.009589604122161262,0.051619109593938894,0.007635164372320518
2024-06-18,-0.0110454249762732,0.009852288895580414,0.003266808660718175,0.01030668347839822,0.0021543457057588786,-0.0045378035931217964,0.03731165380949265,-0.026200949156378224,0.014454914168973206,-0.013860022086213656,0.0025181541815171163
2024-06-20,-0.02174758491683958,0.004483446556509571,-0.009589148609906022,0.008441566614562383,0.01368855270026639,-0.001434910970147119,-0.06224274439672565,0.028273443948315814,-0.009731174598660582,-0.017957490517488177,-0.0025291273954115403
2024-06-21,-0.010499395524989864,-0.010160203257752711,-0.01651952413081347,-0.01200112800312858,0.0026982684179830676,0.00911250435113636,-0.0327805537102745,0.004818557967683128,0.01038722501860769,0.007899471520701,-0.0015633517188252497
2024-06-24,0.0031278909255934057,0.013697815665072067,-0.00017689067409691443,0.013057450651890415,0.00832708587506935,-0.0047022414045277405,-0.003805443356272341,0.014182834069244438,-0.025238570991329284,-0.002352322975825913,-0.0030698791558664423
2024-06-25,0.004458189908628179,-0.011587116106535534,0.008628674912714924,-0.004080965442112871,-0.007322443375335065,0.007300110714339711,0.015064647697342575,-0.011850579413540122,0.0050542721509467614,0.025790114652126835,0.003925873679181344
2024-06-26,0.01979607109066343,0.0023397328769543834,0.0015533281854243123,-0.0032364120487176212,-0.0023101286155064425,0.0026797130058357384,0.008748448800207627,0.005329642017652423,0.007821681227640659,0.047022052078927956,0.0015711962247204525
2024-06-27,0.003977922925959374,-0.012700731893615867,-0.0072857233214146735,0.008774594070288596,0.0002999017079755778,0.0015248393482132497,-0.07381634239398173,0.004759044738801089,0.009764927683866333,0.005332819818052439,0.0009069098567990731
2024-06-28,-0.01638766020397002,0.014860235967049227,-0.0007408854866937535,0.015395357361325671,-6.424241957904117e-05,-0.013114291246655065,-0.005307792750219909,-0.04027394387826151,-0.013919960580331963,0.0023273813203096337,-0.0040920134623695995
2024-07-01,0.028689158075891143,-0.0067272378086590725,-0.005095323641864082,0.01564865298239774,-0.0014138987877931263,0.02164570802087366,-7.594996466714364e-05,-0.012934706895064723,-0.0018835725861461065,0.05877983360300819,0.0026719909814295235
2024-07-02,0.0161093404535706,-0.026225763568535034,0.01605862742159441,0.016317793095631795,-0.0015878568415024954,0.005567670514171129,0.008102686173025671,0.008121515181984014,0.008823653653484689,0.09710195030947986,0.0061762057711850496
2024-07-03,0.0057943243682246365,-0.012856531679180076,0.0038327123892665147,-0.0006705068206551506,0.0007084941455614448,0.0032388305450457102,0.03140453490900325,0.019115084257656633,0.004302207934755024,0.06337304899541438,0.0050715622695336636
2024-07-05,0.021389893216534898,0.020599424192946705,0.02632383226153537,-0.013339103455019248,-0.008338975463391643,0.01462873722186165,-0.03889919892077795,0.0036131565826857588,0.011856047577414392,0.02060688228437311,0.00543397436096954
2024-07-08,0.006517665480891578,-0.004374202809876642,-0.0054685635983644735,0.0018537999878623778,-0.0008657781296669374,-0.002827125754512401,-0.006064611805791129,0.00027739513678911313,-0.007134707850375147,0.005629789876539415,0.0010161824764044329
2024-07-09,0.0037677402291072513,0.00914617474268639,0.006799861337416966,0.011918752686069161,-0.0031669698625544506,-0.014474556652061397,0.0034373615576975946,0.00013878000159052307,0.0,0.0364508858978897,0.0007407974780654752
2024-07-10,0.018628990350773394,0.0005354197475735694,-0.0028680704666533387,0.0008185142193391112,0.0015413094827553331,0.014496097016844307,0.03925289797418808,0.01075723060445755,-0.011867589189852252,0.0035389720904070512,0.010156314878105886
2024-07-11,-0.023494670793531035,0.010471822850946612,-0.04359108194226796,-0.0016858305503831793,-0.0013674056569640207,-0.02508414291475427,-0.0462162304425566,0.024391248855769026,-0.037436690499741014,-0.08822077208547265,-0.008801649969266724
2024-07-12,0.012966410534460718,0.0021752467704196452,-0.0043682387338653235,-0.012172970728965877,0.007250115663666845,-0.0025324704992928672,0.025173626448393945,0.01725341171062427,-0.007920976165037494,0.029434316513726216,0.00550186402496512
2024-07-15,0.016604711122952226,-0.00415724342312324,0.00689267984525367,0.02462822213105491,0.0003234355915936915,0.0009037074717987297,-0.020271503926749194,-0.0684761884411782,0.013573223452067677,0.017609829570940913,0.0028222164233526843
2024-07-16,0.001790222992436432,0.006938899170423021,0.002400829750172942,0.01685308984774898,0.010080957591603816,-0.009828822670283803,-0.026166385437097185,0.01301902343585951,-0.00019794570087460064,0.015396997777534727,0.0063690499714532745
2024-07-17,-0.02562143727793435,0.03524619281792351,-0.005291539686634322,0.015099379746168604,0.015858069668872946,-0.013437522668846099,-0.06472155682322335,-0.014005738615083514,-0.01359148300115702,-0.031919700332288976,-0.014025441523645543
2024-07-18,-0.020748622538622436,-0.02384568917636538,-0.008198762879221331,-0.03228581379449673,-0.0001470230256818604,-0.007127534836636995,-0.017303707254443718,0.010801805427479032,-0.006850105551185622,0.002933302220995548,-0.007847112145350072
2024-07-19,0.0005798251887972192,0.006871353690530808,-0.0014784258589455087,-0.00095279736394569,-0.002271464302062485,-0.007430414246853622,-0.02753612578863353,0.004593800654480007,-0.015199547024618605,-0.04107613843938729,-0.007165879226406085
2024-07-22,-0.0015614484586003172,0.007458109267461292,0.011023232120128531,0.0023805580470651192,-0.0006950253196625002,0.013249399465881247,0.008887406753170814,0.012422636972049907,0.022111396609099564,0.05018271902171053,0.010734217246220293
2024-07-23,0.004677118393391397,-0.002653244981417439,0.005519201569123549,0.00023777465115964877,0.05473346315894137,0.00430293082596118,-0.008974961980467011,-0.010896010606048107,-0.007347374206872449,-0.02060764898795659,-0.0015593176939461904
2024-07-24,-0.02917568421256711,0.017518227371724406,-0.025302412065802485,-0.008307151691201678,0.027370444080763907,-0.036513435846721655,-0.035366327246909794,0.04474714956711472,-0.010588594775748297,-0.13164294360339135,-0.02342124222289286
2024-07-25,-0.004816062140524595,0.03326382249012664,-0.018060146909173944,0.0003834176305905797,0.011962240028562882,-0.02478569881921837,-0.02599699832593135,-0.02647107213869947,-0.002991918136000936,0.01953112906763447,-0.005155889019717259
2024-07-26,0.002158588764250717,0.01628015477399478,0.003442831645094721,0.016963754436467762,0.006499644284786605,0.016286125289281243,0.018076632777709822,0.011103698139541537,-0.004298828488061507,-0.0020452089625195087,0.011029420409570924
2024-07-29,0.001283850997720362,-0.0175432958667621,-0.0024982719638826163,-0.006570811359175933,0.00539720599042748,0.003427302547494342,-0.014360892272947488,0.0010766182785542163,-0.0070093488515346955,0.054450283723543685,0.0008129795718284517
2024-07-30,0.002562697388283347,0.026254356585752796,-0.006803669286577328,0.020374407019578544,0.018811908910439646,-0.008968503764098898,-0.050293347054540055,-0.0008074360586675017,-0.0070106042910166155,-0.04170207944562914,-0.0049725143613676215
2024-07-31,0.01487953617458846,-0.00784740158424745,0.014669126427542433,-0.01116857345397861,0.00789189407127213,-0.01086450447452471,0.06839463173362073,0.0280100085090003,0.009225196666354588,0.04157282172336867,0.015669980701917767
2024-08-01,-0.01689258636386748,0.02341263486356214,-0.006235926912466786,-0.02300697622929063,0.012725260598770856,-0.0029686024389876204,-0.07868534927056035,0.025844609809747912,-0.00558569079105111,-0.06778709499652093,-0.013788123791990166
2024-08-02,0.006845920100064433,-0.002216482514385889,0.006333206435960787,-0.04333778933106156,-0.00016386198152789223,-0.02088248537960372,-0.09078881297999776,0.01027992666406452,-0.018103219583858157,-0.043301714320780345,-0.01855290660855327
2024-08-05,-0.04936562890192134,-0.02638985788840174,-0.02494108949714639,-0.02152146747180079,-0.006196926448285272,-0.03320202234416512,-0.024902953005123338,-0.03233527502583094,-0.02489835506640183,-0.04324862022379944,-0.0304270413923931
2024-08-06,-0.009795975646951274,0.007295929258952213,0.018595589820947906,0.027529283930676083,-0.0070287161981657355,0.011223629939044391,-0.015829196641577746,0.003774748588920559,0.01824374652891547,0.008810602088580683,0.010300849493599515
2024-08-07,0.012420693505756687,0.00964586253739745,-0.008087680490299355,0.00029955651972684205,0.012751607755527137,-0.002957171901107422,-0.025029729978503123,0.007636063530715993,0.0031284260904014005,-0.04526769292244102,-0.007764715388769489
2024-08-08,0.016496458422253012,0.015294892647234921,0.035318586383214085,0.018098693204279672,0.005653943907736491,0.010635223699256395,0.05894242097727827,-0.00025769357768403963,0.030392989587774366,0.036255901329012616,0.02278113959089888
2024-08-09,0.013642437734129192,-0.0024714655784930373,0.018296489079221177,0.008490784116398689,-7.265297437462757e-05,0.008235223011291221,0.010910318406399394,-0.0010324750003517624,0.0056791103643204265,0.00581690373893266,0.004660798434381699
2024-08-12,0.007104555157224513,0.0013154493621184322,0.01005531607832828,0.0018931384980750163,0.00961680654463609,0.001944117435675855,0.016621010396599464,0.0015481061210232503,-0.001262774908766496,-0.012629388585244743,4.30330517200971e-05
2024-08-13,0.017046978109110288,0.005505781134785241,0.0014465434037067195,0.008451690038216724,0.004496857893185189,0.017543792845033362,0.029156508764176012,0.006936303598351473,0.023230036501256136,0.05103246867853809,0.016707233419049988
2024-08-14,0.0020317344886847037,0.009213398846499304,-0.0024428240292357828,0.011000084682932827,0.0067697877369270534,0.006860243509750224,0.030024930155046346,-0.0014088901184980047,0.02086045410112244,-0.03152675190710158,0.00381643656119841
2024-08-15,0.013439847568767335,0.0020702736974868865,0.016827327878111167,0.006211608901935067,-0.005215881850816352,0.011754428692502303,0.06309959824333647,-0.007721124949290965,0.0023246947007318376,0.061436309145650216,0.01600448993130413
2024-08-16,0.005901007033539339,0.0025819754326174955,-0.007734832924630989,0.011374502095013107,-0.00028546087063855075,-0.00609888717859512,0.009677199562171801,0.01487391096911767,0.016227189663051853,0.00920378250292453,0.0019878023683961516
2024-08-19,-0.0007082123398142163,0.01520112500548738,0.0020194674809198817,0.006892873815084651,-0.0031113484424927064,0.00728570453214924,0.005908996009983875,0.009878694309749924,0.021224915430160647,0.0300815962441386,0.009675327436177775
2024-08-20,0.0027410073983211787,-0.0036639077155281685,0.004403831328422638,-0.004325822227323504,-0.0024743568985003904,0.007727477874997174,-0.0059089960099837765,-0.004674037941586423,0.014433545219066181,-0.007300267158314731,-0.001986527237609709
2024-08-21,-0.00048572589701869034,0.0019353926586329917,0.005939885007131589,0.00037289484730821054,-0.005851821536798158,-0.0015546885568964326,0.003143638380299962,0.00832200327363097,-0.0020348558509935555,0.00976670507756732,0.004230714721006796
2024-08-22,-0.008293985694969138,-0.0008143762894688921,-0.004388996248110263,0.009415092267291371,0.005887966668801441,-0.020460760651732513,-0.03829448799624431,-0.009081985239799202,-0.011774265260477803,-0.05813634375381778,-0.00897294225665722
2024-08-23,0.010235543078494525,0.0059909839069346325,0.0018785126583196353,0.007725094305920522,-0.003633087715230432,0.0029795735240660307,-0.013616202354077511,0.009332884650000435,-0.0032421170044757163,0.044835591431516886,0.01141793740166443
2024-08-26,0.0014978366520770987,-0.0005569212020180334,0.015013818183773975,0.003931658736427255,0.0055519516454355985,-0.007949229783052039,-0.03906110810405236,0.012227342887030736,0.002487042900775845,-0.032803441227522996,-0.0031587101696058145
2024-08-27,0.0037344010555836887,-0.007728388437566853,0.01819747594722033,0.004597608416358222,0.004130370417229493,0.000846267371347911,-0.010672657771353075,-0.012855112737940511,0.010519066249806258,-0.018939062709292416,0.0015939251127232035
2024-08-28,-0.006776371617467972,-0.002657659037561784,-0.023207093615023915,0.005028755725133257,0.006350189182874103,-0.007859994201797635,-0.031135568709249984,-0.0025152299258633967,-0.017223248959821587,-0.01667672472989858,-0.005993900794735212
2024-08-29,0.01446507824791516,-0.0011265845286445673,-0.0016002320723663042,0.004148823317248048,0.00507597026864612,0.006118510227528658,0.00745672125440735,0.007777030652743458,0.012555361240849617,0.0025726237078790366,-3.937984343658622e-05
2024-08-30,-0.003443830085628291,0.005773007125537427,0.006464327677442936,0.011588303503668398,0.0022025278324919635,0.009683719362191931,0.0069860773287721365,0.012435738877692129,0.012727706981316846,0.03725544123667223,0.010042457079144168
2024-09-03,-0.027582126400669406,0.007005070284495011,-0.015596473373108571,-0.02022096569771859,0.004010190109358732,-0.018631497369604413,-0.08293875045832572,-0.007230211374782039,-0.03782046135977442,-0.016529275820300126,-0.021377963372397696
2024-09-04,-0.008656048877563856,-0.003445646156508446,0.012948252274008146,-0.004412833834048379,0.013240167897477643,-0.0013197197140895915,0.007983184369463717,0.014285298523823918,0.006435515032662266,0.040981513663141275,-0.0016038290273809634
2024-09-05,0.006903751881212554,-0.021289924940050105,-0.004549522155769492,-0.007780934679140606,-0.010827776753522367,-0.0012478937594180687,0.001119209493026721,-0.009293332676208455,0.005780067248840855,0.047876016035803666,-0.003022581014674196
2024-09-06,-0.007039638093426494,0.0027958538936420623,-0.010552364963221221,-0.024042696215387616,-0.0034531692057010867,-0.016517130478064756,-0.03425247958578418,-0.004366443602929409,-0.026457882741296495,-0.08824048544582774,-0.017410944507424406
2024-09-09,0.0004073944833826125,0.015494690559939047,0.02234514618920261,0.02026761746984833,0.017390272832418407,0.009957652889220039,-0.0012743602809803202,0.015015576759113514,0.014390399078832813,0.025949973905266994,0.011513534435818254
2024-09-10,-0.0036278385056592176,0.014806942974073119,-0.002457069963478899,-0.0532834765660181,-0.00762560094460518,0.020685734957678312,0.006700789071532604,0.013578974266728718,-0.0026685704336535075,0.044759273955983725,0.004462699977793541
2024-09-11,0.01151842752389934,-0.024167289933484368,0.0068090810542444135,0.008091396548722408,-0.009182317086757617,0.02111777347826174,0.042823378007939845,0.013636697211260833,0.011586129747868873,0.008628742512625562,0.01060855564984334
2024-09-12,0.000493951588154967,-0.002933494658903758,0.01611769132574699,-0.0030447400479385184,0.0023079140193459444,0.009317290893846248,-0.03868695740511819,0.0003595015867490745,0.007790857268768854,0.007337206636805016,0.00746735215680267
2024-09-13,-0.0012127431128300253,0.0009786213989525568,0.0010596062064180808,-0.011097157350172056,0.0028816046475599513,0.008372296683716049,0.04495518198984688,0.014157735596583771,0.014828375190360297,0.0020864851607279924,0.0053931422343560355
2024-09-16,-0.028168308687815325,0.007796171943311614,-0.008915262469749309,0.017177548124049574,0.005267684483913036,0.0017403273019270798,-0.04529927498287556,-0.00011813498226078439,-0.0008036935294560925,-0.0153589759450266,0.0012558408673102855
2024-09-17,0.002170297742130168,-0.011717002353727917,-0.011744406992420844,0.006664786901430263,-0.010368976770614342,0.008794162362626427,0.01762302843914265,0.003891292212247445,0.014835570987278094,0.004794890315022082,0.00026451509389645083
2024-09-18,0.017829881347589237,-0.0026397282474245483,-0.0053078345061429505,-0.008253820586087018,-0.0026845774244035623,-0.010023564754370362,-0.015675024776991356,-0.008153662219908464,-0.023530903417474703,-0.0029445960609886415,-0.0029006587083132912
2024-09-19,0.036395171765807234,0.0035181193042700823,0.009167695091685546,0.014114751067658703,-0.0005482178896355889,0.018125725385826866,0.021518526873608695,-0.02389503472096051,0.019860304375048397,0.07100962175825201,0.016834356892725128
2024-09-20,-0.002931758725845806,-0.0007751043439202871,0.006903755129983931,0.0028939451698143047,0.011854774822026822,-0.007826381688392003,0.01831848186920458,0.0056951883625468045,-0.00468215022173337,-0.023519752638904136,-0.0019429136300157343
2024-09-23,-0.007609972311959691,0.0018590083682787017,0.011074392589422227,0.0016567091444218253,0.014907980866141146,-0.004051686304327676,0.028949734457161893,0.0245866077485384,0.006171887327548246,0.048140375327935025,0.0028053344257131223
2024-09-24,0.003966191805385207,-0.0016522161072585948,-0.01709046865798678,0.0007091681208254195,-0.003243834158176046,-0.010061819951143226,0.004584986968586895,-0.006268216431431984,0.023662631961510274,0.016935793509053217,0.002508031103345345
2024-09-25,-0.004407859930241056,-0.011695455467539837,0.007602473176182724,-0.006638492071896559,-0.0011932277177507905,0.0068271269425222636,0.01865490399502717,0.003907513208579478,-0.0009696458308240915,0.010757148762662457,-0.001862983206212128
2024-09-26,0.005067342695137321,0.0033407366926655013,-0.00771325328730923,-0.0019525724410868648,-0.000934494310270662,-0.0018530739211141444,0.13743927284029206,-0.013803288773934094,-0.014138513058644735,-0.010953821465680538,0.004030542158199222
2024-09-27,0.0011860685754075597,0.014947599416027597,-0.017705567014478164,0.0034262683442960198,0.00855327764673401,-0.007657167365269767,-0.021898034042059946,0.012857388259782516,-0.005751395716727339,0.024249227064234113,-0.0012540029000721238
2024-09-30,0.02261423096318702,0.013715143009876056,0.0010156929876195182,0.0017087796635056568,0.0037706089602487524,0.005312670152797718,-0.03589229145522151,-0.00011828870778284626,0.0027106980963982827,0.004482044837533062,0.004227603658441509
2024-10-01,-0.02957464927194047,-0.002636472883820036,-0.010363458817057275,-0.018282468886450687,0.03578955468120851,-0.022586497643106683,-0.03333310660793845,0.008716163093423986,-0.004436957804562294,-0.013894251852425751,-0.009367848694454447
2024-10-02,0.002516574093651485,-0.0007111511407072474,0.0013098415193561507,0.0012067396981903192,-0.0044001074259604174,-0.008498138604399092,-0.004596384850575124,0.0018747342198356385,0.006999678553690186,-0.03550382703625727,0.00013838132698647728
2024-10-03,-0.004906649879491466,-0.006985066807227946,-0.0032608001139261284,-0.009987514417918366,0.004334011000063772,-0.0014153322675373953,0.019537559951133866,-0.004457988149930817,-0.006051275615924296,-0.03414806745440706,-0.0016828286544586894
2024-10-04,0.004994907172197257,-0.005952614994633006,0.008460543285230238,0.034878367648748174,-0.0011394335370211977,-0.0011531493865851786,0.0042141926684915055,-0.014209925840093405,0.01808673071178389,0.03839570976808335,0.008930255699186382
2024-10-07,-0.02278861556233194,-0.0035060495352883135,-0.010838576740504742,-0.001373928895595967,0.0006772659924329846,-0.015794916940013764,0.007559456732689128,-0.04338433667380906,-0.02501501892712528,-0.03768957599969925,-0.009632263829388773
2024-10-08,0.018236814306916337,-0.0031038538739165005,0.019082089442763715,-0.0008537881792175398,0.004136472096402687,0.012544905224485375,-0.003601942262541994,0.0026119829755895194,0.0278732517835532,0.015124010919583781,0.009642706804694385
2024-10-09,0.01656043075820059,0.008974632976615911,0.02076179762099076,0.01258948905299453,-0.004846930661853493,0.006609203252368461,-0.008225771445543307,0.0009933482724991094,0.007825014132255484,-0.014210915403026646,0.007088231016994585
2024-10-10,-0.002180565757251618,-0.0020559077393717475,-0.01716326167471175,-0.0027213643094061595,-0.012672760233639023,-0.003888085564833498,0.03848305912989142,0.004457748813583689,0.003923983872293207,-0.009503630132407154,-0.0020722685059824846
2024-10-11,-0.00652679560297194,-0.0008236813590222417,-0.005160825609972382,0.04344210214256254,0.011118093158105755,0.001153610447473251,0.011570512710363147,0.01130219865347111,-0.010322992088243511,-0.09192353886888906,0.00603360870729872
2024-10-14,0.016345681503048794,0.007490378248771246,0.0008207799005430021,-0.0036504806260474784,0.011028719824646243,0.0067509468527066,0.013193663327619745,0.012745297090592632,-0.013637251031821482,0.006224848869363662,0.007678114574594323
2024-10-15,0.01096435662917942,-0.011607698170503025,0.0054361003158104795,0.004100250290155632,-0.009655791111713516,-0.0009548898575293863,-0.03781126426647342,-0.0014483336447402323,-0.009894560787681906,0.0018690482583788197,-0.0076385660375134215
2024-10-16,-0.00889129467089114,-0.007323613272327829,-0.008114693434296764,0.005605118593130255,0.012859173335371257,-0.006276584883329331,0.046084093098953956,0.01914150392438815,-0.005653541874788889,0.007983687088569507,0.004668232782779766
2024-10-17,0.001595008975763286,-0.009972877810240094,-0.0023579591104635326,0.0034816431881980994,-0.005251851132709265,0.0014408914975963948,0.02539793554977566,-0.007254638565642935,-0.02065338186866424,-0.0019899714413276278,-0.00017117512853816633
2024-10-18,0.012201743052339915,0.0015366324700808972,0.004811768888395938,0.004224204652485847,0.003585993411208268,0.0034496331564147515,-0.008064660973296755,0.007136234092707093,0.10514382025913253,-0.0008605378505268966,0.003963686942774387
2024-10-21,0.00627821541300091,-0.012360461291969663,-0.003141306603748146,-0.010571729309093487,0.004566071017298487,0.001481597645644613,-0.018798948770141363,-0.004156524887349986,0.010651430031830415,-0.008417707909120813,-0.001824432756419033
2024-10-22,-0.002625164359778162,0.011830825388536303,0.00754941890851587,0.005009756795668524,-0.06318016736762522,0.02063187616318692,-0.011618433962383098,-0.0039350029255795,-0.010193305894346158,-0.004029147285192923,-0.0004749666671957937
2024-10-23,-0.02186021659325295,-0.004672931588666224,0.006337023012194121,-0.0031728330748873332,-0.010243436319615622,-0.006830152470504325,-0.026026701756692163,0.014941548914293272,-0.019755820185598415,-0.020018310718538105,-0.009233824267679564
2024-10-24,-0.000823625939923417,0.00937677416724278,-0.006415287158969773,0.007002802144980897,-0.012137618161403532,0.00030616093375025093,0.016989477339855487,-0.02563168218764576,0.006995466435572222,0.19818699146920774,0.0021434731305568283
2024-10-25,0.0036364823576416627,-0.009536549641175977,-0.002465592422888481,-0.011938805188318335,-0.003408917756916769,0.008019895005225524,0.00987160409091062,-0.016804970471404713,0.0001722797447159557,0.032891334056112616,-0.00029949201318627087
2024-10-28,0.008562672405012827,0.009694639523050292,-0.0002916941007592812,0.014247523843456112,-0.012743337276551664,-0.0036501745556983206,-0.014185943624167432,0.017529320906356213,-0.007394630553734816,-0.02512824530239814,0.002647934626732945
2024-10-29,0.0011560738307278412,-0.001213311175906862,-0.004465803718372004,-0.011596983569143049,-0.015191254322356218,0.012486504584813374,0.01668498451322559,-0.04076183206163283,0.013682104265904344,-0.01145548515134625,0.0016128259449012198
2024-10-30,-0.015395819656392546,0.0616642647568836,-0.008946472521872787,0.006751488526887231,-0.0015741224140216471,0.0013418399420045072,-0.03863667846427022,-0.005924935927976365,-0.00753383454536578,-0.007619899978935549,-0.0033056916724881185
2024-10-31,-0.018377259001906225,0.011693141438074458,-0.005600909030706144,-0.011157822452013551,0.00020151332969437928,-0.062436894245329576,-0.04349580723567161,0.002021075830241699,0.003033527708773245,-0.03035306639591626,-0.018790134928745348
2024-11-01,-0.01336857722678268,-0.0015707909144512687,0.004901877379420615,0.0045857595106540035,-0.0012827650309360189,0.009844338539194114,0.0008024140082725633,-0.024266827868254626,9.263468489393006e-05,-0.0034882074251496174,0.004084158004525459
2024-11-04,-0.00404570819269286,-0.015246911145984728,0.009935517830000667,-0.014275685630255644,-0.004134362009982312,-0.004665310576720929,0.019855789002750663,0.01310062941270631,-0.0007805996214769336,-0.02496977961188894,-0.0028160448131902913
2024-11-05,0.006465134704959913,0.006017467163149135,0.004616513295824787,0.007750476535719408,0.006698248693573033,0.007317939082192352,0.036293911214126416,0.003566262897603399,0.011056914984510502,0.03480162701711456,0.012191031029563081
2024-11-06,-0.003272138616377805,-0.0023828581351137182,0.01014866702103657,0.10925379117895656,0.00923012657161889,0.020971387131199563,0.058363510451468995,-0.053940084029401446,0.021113195936918582,0.13759466024737685,0.024981280957186654
2024-11-07,0.021146924610634377,-0.0034352568498969157,0.016192835832696845,-0.044190516373772026,3.6513150756707324e-05,0.01241719528604461,0.014029902348601686,0.001341173692552726,0.020714177435041992,0.028630012464395397,0.007403754173995657
2024-11-08,-0.0011889037514163,-0.0050497519375758936,0.03216036519000545,0.002534914672080062,0.02278844898607987,-0.006816282097792434,-0.013403939900647137,0.03100719889437609,-0.0018849391547445774,0.07869717552417867,0.0037497940357180464
2024-11-11,-0.012101516335167876,-0.13429086348935063,-0.011637758260114437,0.009700576051863499,0.01060670259810322,-0.010778708599341637,-0.029474025463776258,-0.01386739329380472,0.012996295816595059,0.08580690404849912,0.0009685941909569238
2024-11-12,0.0,-0.019333703139365378,-0.0005361470394387742,0.001127748329241847,-0.0081300606082991,0.011937662503231857,-0.04277975959233505,-0.02197602143431009,0.017305664911183728,-0.06342678815128278,-0.0028968514769364996
2024-11-13,0.0039612311503425665,-0.004334613774944115,0.0014469444080079023,0.0066567583398794965,-0.014648369646049623,0.005116654567756724,-0.04098212580215565,-0.0002693477740643231,0.013297409361242903,0.005313266949669512,0.00023220076414018386
2024-11-14,0.013676426842793,-0.004235667822470054,-0.010594313697234953,0.0029395817323541163,-0.034178104270053904,0.003966696728548974,-0.007433360463171321,0.013911401320246389,0.008142860375410834,-0.059448133931949705,-0.006068108582244
2024-11-15,-0.014209659405648549,-0.027734596311967882,-0.01837341660213338,0.014122434059854642,-0.007747931948803044,-0.028247877533689104,-0.029052896105956707,0.01411361727143883,-0.016012600453418426,0.030196972790488486,-0.013291430866793769
2024-11-18,0.013332927013838642,0.007788291402160843,0.013621366507458163,-0.0011421238135254105,-0.007262221248628225,0.0018297585256778933,0.012071384355656184,0.0005237415522044143,0.027637716175944627,0.054664350493325395,0.003910159746206537
2024-11-19,0.001139656106359027,0.0017425366842463055,0.011504923615234239,-0.007948971140280793,0.004322441838002625,0.00487067912586133,0.0022535680640577405,0.008992043975040484,0.02824960020678042,0.02120595242401374,0.003955750520596487
2024-11-20,0.0031490337274675513,0.0071185927054126024,-0.0022280614521788494,-0.009548013867551348,0.0027527004565810038,-0.005520365068712479,0.006527331721012136,-0.0025980617676541577,0.014278042540917576,-0.01154032611298051,2.19506213354446e-05
2024-11-21,-0.002098164010935638,0.023389126436521086,0.029273946899113716,0.01639442608337719,0.013522690783036993,-0.004326203860614632,0.043660316644613194,0.006224107398925042,0.015303459081387192,-0.007012172684276001,0.005326251844288491
2024-11-22,0.005890135574902158,0.02994371481166084,0.008709856124561882,0.015365963003291697,0.00038715154499995117,0.009953357355636724,-0.00116845664579345,-0.011057159329759604,0.000345332236541127,0.0373345373484672,0.0034619595915364653
2024-11-25,0.01296643688050535,0.0006215455409189025,-0.0032416808362367095,0.006976197898718255,-0.03821489030772676,0.004283522564924229,0.01776794287517102,0.008385833847401032,-0.03652484698312355,-0.040430888534493496,0.0030159278201245415
2024-11-26,0.009360398114540657,0.02278141348072624,0.01098134896902753,-0.0012793197980777167,-0.0008433951526970019,0.02173020992266081,-0.025985592357585855,0.011029728582325732,0.008065951684419054,-0.001063755153845317,0.005705697155263866
2024-11-27,-0.0005532298970713366,0.010653150608519138,-0.010294661750718873,-0.0007203965850783818,0.008212321764501573,-0.011751353407524907,-0.03600380360537133,0.01320450874285597,0.005417330579701593,-0.015914020837727676,-0.003808481083577712
2024-11-29,0.010164053964483975,-0.0008197420578487385,0.01068565767993973,-0.0002801784225896142,0.006937440840587832,0.0011104912861170885,-0.0025490811351282557,0.0019085249469105695,0.010736135674909466,0.03619593916712737,0.005592120396801623
2024-12-02,0.009477482219375487,-0.006361361909919438,0.0032052090442158585,-0.013993029335727342,-0.011027827183380967,0.017602669119136546,0.006106913518153548,-0.020547682612652662,0.012249765776087022,0.03397975234247804,0.0024454638805813736
2024-12-03,0.0126909452049901,-0.0014865061960898827,0.007306519971468972,-0.005824046867871793,-0.006439692905220695,0.0005103741626085211,0.01300484548909521,-0.010172428916207166,0.004922486966720681,-0.016005713052796626,0.0004513472420221813
2024-12-04,0.0014825707720744507,-0.028161409117399394,0.008889699709218966,-0.005817065998467598,0.0009666852774058752,0.01432185156953779,0.03309992984896506,-0.007235294849183089,0.009805783430522887,0.018355288553428408,0.00603318162813612
2024-12-05,0.00012346946689693563,-0.0016447929889720591,-0.008777697038076338,0.008509293201172592,-3.869341729021026e-05,0.01181771655842316,-0.02283623461855996,0.00605490640364515,0.007447008721974982,0.03178623389945424,-0.0018715258393823342
2024-12-06,-0.0008232492513117609,0.00011352089438951939,0.0104818053468207,0.007629269785375278,-0.008636446571988159,0.0021441051790593952,0.0029696470733968704,-0.01267841515430877,0.018212608984332163,0.05202108959673976,0.0024923453675383123
2024-12-09,0.015972763962328624,0.002154542979146796,-0.004796889855608359,-0.014455467227323814,-0.005903998271161391,0.005508072617721744,0.01617775546324841,-0.007202914069811267,-0.022777023799220735,0.0014634148953150045,-0.006163167285227462
2024-12-10,0.004125321184888936,-0.005110282606498728,0.005592456583623494,-0.0039041572285391604,0.0057285334922180155,-0.006049344846259759,-0.04699255031545874,-0.0075249041990126525,-0.0003722328068940099,0.028328310501358537,-0.002968284314279252
2024-12-11,-0.005179438715064517,-0.00742789030439844,0.0012977567752521612,0.002755002674862365,-0.017106537636679558,0.012686236526181975,0.039573360164120636,-0.00216036825350288,0.02509442057340535,0.0576113551148347,0.008132626411368235
2024-12-12,0.005945998080516994,-0.006790166793282813,-0.006353853817513127,-0.008246465826795009,-0.015307774764876722,0.0012685882031941264,-0.03814749095039408,-0.010326160901366383,-0.01182541056932772,-0.01582716714006912,-0.005428731461463251
2024-12-13,0.0006853353430694134,0.0010388797115582142,0.0009708670970947156,-0.006604704238971131,-0.0038941354729631257,-0.005106889429058768,0.04244943131074638,0.005448173129727094,-0.007243493167918512,0.04244899941747966,-2.646698937187397e-05
2024-12-16,0.011659484135205381,-0.010087004843724668,0.003551514198913584,-0.001501541617825382,-0.006083386237069373,0.009612307620700292,0.05467301607315603,-0.011338317747650862,0.0024022476085418594,0.05960057359180242,0.0037921550087844295
2024-12-17,0.00967265571279634,0.021614077863149655,-0.010926951349635743,-0.005105239298308026,-0.0021176062856001015,0.0063352395964357015,0.003135607935622264,-0.00716958159623886,-0.002119320771716721,0.035724138195772255,-0.0038714794806554956
2024-12-18,-0.021654566599526137,-0.013547835730090092,-0.017814119984949695,-0.034095477159057926,-0.015757015877441542,-0.03828458198616134,-0.044242470043511464,-0.024512531465101163,-0.032711854906997836,-0.08642421525210743,-0.02993650530451818
2024-12-19,0.006990244018990367,-0.008707458321498126,-0.01035673371201083,0.011180101746472573,-0.006814955174384448,-0.0008235315190065523,-0.17648689626827438,-0.01069227330604749,0.013943153901290493,-0.009038042516689774,-0.0008654867505367934
2024-12-20,0.01864099215595585,0.023394940034032034,-0.0007647998549232901,0.019721756928259396,0.019325906323633603,-0.0009843244105251629,0.034200185046229827,0.026868142446204696,0.0077411933708123005,-0.0352567708528249,0.010810479402397299
2024-12-23,0.003060172150662865,0.01587747310766891,-0.00436986410391571,0.0033193137446861855,-0.005187038603937259,-0.003096923918239146,-0.004448508837650484,0.011376377923875367,0.0026366164112929915,0.02240426356053564,0.007260849585616372
2024-12-24,0.011412822451557307,0.008984735220876987,0.009336158170181866,0.016309899885044703,0.003365410833718272,0.00933018766635653,-0.004916144922048284,0.005777244132313733,0.022424839005523084,0.07099116636191981,0.010982233165126825
2024-12-26,0.0031705417835750154,-0.004454553779257331,-0.0027990552810224973,0.003419611182619546,0.003782855056869972,-0.0027807995067303005,0.006030278160228866,-0.007434175029838009,-0.008597948986935411,-0.017787254049436575,-0.0004057410882578191
2024-12-27,-0.01333053752377513,-0.006662809775643229,-0.017343641328707114,-0.008135239801554674,-0.0020634039730945213,-0.017452981309023695,-0.013337405020387973,-0.003598895554730161,-0.018114960390536734,-0.05074526160258332,-0.01111730496491221
2024-12-30,-0.013352197899286681,-0.010219891147101125,-0.018787696105708143,-0.007700581521723709,-0.011518793002810264,-0.013327857900136086,-0.036880319720818254,-0.004865601839013845,-0.007876211907794101,-0.03356928885086787,-0.010759673941729728
2024-12-31,-0.007082884556027109,0.008476978237063159,-0.006461909673128027,0.0016283725682261364,0.005302781623049738,-0.007869372585478238,-0.013571910372587015,-0.000975813035865553,-0.010168866393821648,-0.03305021011916344,-0.0042940064589823065
2025-01-02,-0.026586223034352634,0.00974420935744818,-0.007075279902663552,0.0012089405079528117,-0.007622574349829048,-0.006951688737360282,0.03697425997432844,-0.001116792968246413,-0.005163052580591001,-0.06274403546918701,-0.002226363149448992
2025-01-03,-0.002011531014738605,0.009870927057390256,0.007413519344767929,0.013574139752798234,-0.0008920493512493534,0.011331237878659191,0.028670220045804325,0.005292538203025705,-0.006426083777830719,0.07895504556688626,0.01251735670782609
2025-01-06,0.006716463246120285,-0.006199544763066643,0.006665728173527442,-0.004887306085016179,-0.033384929801721856,0.010573388610832209,0.09937848301139295,-0.010472796270228834,0.0008395259937027319,0.0014850709586745647,0.005522766496818171
2025-01-07,-0.011453114152515327,-0.0031700342514346686,-0.0014534200078623464,0.009586376779297025,-0.004387411734584416,-0.012891076296472372,0.026347354738796108,-0.011434984989845524,-0.0029529276401935897,-0.04145067133894483,-0.011166021516637011
2025-01-08,0.002020945345819096,-0.005753666241440541,0.006490945305994405,-0.00016449280581512323,0.010484721330212743,0.005171734202694527,-0.024837415640523282,0.003260261119260711,-0.004777128112144082,0.0014697002488738569,0.0015591440938312422
2025-01-10,-0.02439910524175786,-0.018831684609498384,0.010266725410783243,-0.013499200565696506,-0.00170794257545402,-0.013301808959511373,-0.0007044162099219322,-0.04753155145685978,-0.04357581623306039,-0.0005065652243020289,-0.015531637650233373
2025-01-13,-0.010397981154345072,0.008922753960146709,-0.013149997492024104,0.017931487164727526,0.03177287386665703,-0.004209713361083816,-0.04404004902054415,-0.0062527617614929875,0.0030989922371442184,0.021478195369560783,0.0015742043780551176
2025-01-14,-0.004789455299651392,-0.006755770209766451,-0.00811104349961633,0.013260817228629734,0.002686894221917228,-0.0036501197316002546,0.023907220392380444,0.015118330558170183,-0.014250977047288118,-0.017382638722844804,0.001145623334164268
2025-01-15,0.019484820220812046,-0.014829666398193905,0.0068125328091834724,0.019527728407909367,-0.0010118948393740984,0.0252751058978852,0.05815644992122573,0.019086865652407255,0.02369106480526358,0.07731423282838396,0.018147132504516373
2025-01-16,-0.041239063349724395,0.013621443198196538,-0.004068889917622922,0.007579562708687478,0.005953641907193119,-0.004066333844555225,-0.005733968133296257,0.029577105007561777,-0.006967808266179407,-0.03420597069137618,-0.0021149243408667613
2025-01-17,0.007507065199941147,-0.012396567110462662,0.02516582955128376,0.019049010444632714,0.007081663339312662,0.010426397317843637,0.03023988296618771,-0.008583606873220559,0.018501272508278408,0.03018125256143425,0.009941478308394033
2025-01-21,-0.032436272934589734,0.006101607689210474,0.0048018911684154135,0.014822461872138098,0.03205139126658005,-0.0012361494730696021,0.033750162900671246,0.001270966543506475,0.013404740202815015,-0.005713813715474868,0.00873000944059605
2025-01-22,0.00533073634903999,-0.01995325009753494,-0.0032021708939445883,-0.0007226670758545719,-0.013822343454376685,0.04047669442051461,-0.0013721434651361197,-0.03387731065666543,0.09252785640126611,-0.021355043154943146,0.006119181086994129
2025-01-23,-0.0007597667449294769,0.008650409785061854,-0.0026923737820804252,0.011762858226698193,-0.004134073601715398,0.0011422801836775162,-0.04102055405763243,0.010746748151468245,0.03184628874456702,-0.006598243859181292,0.005299419459529372
2025-01-24,-0.003942266133607039,-0.002170256816674161,-0.0026356700056731513,-0.00418243268978068,-0.0006437003767890066,-0.005950053792459578,-0.015863380210794285,0.050693488451689805,-0.007409113006881773,-0.014164587635274254,-0.002859215984467759
2025-01-27,0.03128567506779453,0.03802308507109321,0.02684770966985413,0.0038065033496621605,0.01345151743415122,-0.021625564405378928,-0.12450436295879333,0.01363716711712005,-0.005847726599209448,-0.023466650856007368,-0.014688059032112328
2025-01-28,0.03589198626202065,-0.011885098966155931,-0.006840254213452042,0.0048404286501837045,-0.09629341544495121,0.028671851020683575,-0.031893868530872824,-0.0455849836193847,-6.178187647498028e-05,0.0023640734639690623,0.009175644177716802
2025-01-29,0.004606248776426157,0.002570896232145022,0.005565182624486814,-0.0020985276066447945,-0.00677773599611067,-0.01094983309274961,0.008575082196453736,0.004949209234757733,0.006482179238892049,-0.02284170549807513,-0.004689876056919602
2025-01-30,-0.0074221761809042195,0.0022227943083402103,0.015429789760010599,0.006170472111935493,0.011575456226997996,-0.06380164640765461,0.03845988269278244,0.005767062596851566,-0.005032371593747525,0.028327903495885404,0.005261548152180238
2025-01-31,-0.006714777691679628,0.045898844092475015,0.0008882442408722212,-0.0034730051160535313,0.007153831968939065,0.00016874873227374807,-0.013715430883447224,0.003639927897994785,0.003610311663888296,0.010734640646320742,-0.005059603990267195
2025-02-03,-0.03444236277603836,0.033368526382281063,0.026138192511881687,-0.0018348998432052479,-0.01639909773331382,-0.010024683928105366,-0.01457276318133717,-0.007152337527200997,0.0022293274077403525,-0.053090087069197885,-0.007637690729495203
2025-02-04,0.02079039301263678,-0.0009998002320275822,0.015811506304649788,0.004226137720357475,-0.0038278699658358764,0.003522489523911866,0.008195860194065917,-0.01631829382166522,0.016141745503761195,0.02198853609615247,0.007198907403029114
2025-02-05,-0.0014185589597766808,0.009431571506391413,0.020361633318229162,0.00925020153178368,-0.008433554944835777,0.0022285864475037904,0.031914172087028535,-0.01006485686762351,0.016191946422275377,-0.03645352337012321,0.003901053915613614
2025-02-06,0.003221032282342159,0.006342351954958521,0.007746525847070152,0.023643216469657564,-0.003005247044295779,0.006102866788378277,0.009992579045995797,0.00101113654495139,0.004509608839401998,-0.01023279935109268,0.003637674355266266
2025-02-07,-0.02426081133723444,-0.012357782425603479,-0.005750768128069285,-0.003980450407020918,-0.009250743280801776,-0.014705191886307426,-0.023978855594549167,-0.01454156550842612,-0.001724499745182529,-0.03451714290429038,-0.0095098456936602
2025-02-10,0.0011867542588922832,-0.0013650730400012153,0.01720102697525617,-0.01740949229758217,0.00858150225478492,0.00600996454062177,0.03857460711433207,0.020729869490191233,0.01339216005938524,-0.03057719520938892,0.006690112295455172
2025-02-11,0.0215967963512886,0.007797545839273067,-0.003376918753549351,0.01446829490112878,0.0025401181632973063,-0.0018940316988067122,-0.0194733175683235,0.008998229312114164,-0.019178488782939505,-0.06547989008634725,0.00033952514367385523
2025-02-12,0.018105374351350983,0.0060807114850560855,0.006385711678050873,0.0016713553765152645,-0.016582302048036825,-0.005850235766615248,-0.02584136842539624,-0.015042348307837338,0.01889624451814829,0.024091057420887543,-0.0027275831896475754
2025-02-13,0.019482183788990057,0.0023288743536549724,0.010961898217013162,0.003153436645634355,-0.016539732639536214,0.003660434373038543,0.04249621378909932,-0.009863562322054363,0.01581877930260432,0.05613428883532556,0.010372313214235747
2025-02-14,0.012630594967861392,-0.003002649267863511,-0.004663263359967854,0.0009765636883435763,-0.026880979335481888,-0.005152833719691518,0.03955823717807095,-0.007902983806482446,0.014184744127453314,-0.00028100285016493403,-7.19463955744955e-05
2025-02-18,-0.0005316274709570028,0.017372923359765605,-0.014869382928277471,0.012074914927567935,0.012562954889840277,0.0029582265703962454,0.07050574372935599,0.006444151190245334,-0.021724949336054202,-0.004873623368530301,0.002442003655551809
2025-02-19,0.0016347541192078612,0.005589456408660436,0.006145628577428262,-0.002503578931578016,0.010238073880333556,0.01244534475325291,-0.023017797295948828,0.008141957342975844,0.007195185874335193,0.018050813649058695,0.0023741488668242434
2025-02-20,0.003912790342024877,0.01772902051089312,-0.026425233684462344,-0.04560831253925787,0.0076849138666564044,0.005276764786776783,-0.01137147576258817,0.01551755667483064,-0.018173768141655878,-0.01723217010242546,-0.004343604884290259
2025-02-21,-0.0011396082356238142,0.005955818809181378,0.00019347440239029023,-0.009641263601417377,0.01010262925665719,-0.01921602050799018,-0.04297257552712491,0.020322502561072552,-0.021098681122551456,-0.04797223327197698,-0.017211396672539132
2025-02-24,0.0062925273857716004,0.009848392065737966,0.0005505261629170618,-0.011035689544814601,-0.0010217007235647098,-0.010366922754356748,-0.035319037806043715,-0.010956582631131286,-0.014742058092193432,-0.021756545199510743,-0.004981493566252351
2025-02-25,-0.00024275348378878053,0.0002939413169238399,0.01918519194768873,-0.015190983774941326,0.018431396996641154,-0.015214124467470782,-0.023221112301066195,0.006756536103281888,-0.011426032539885937,-0.08762494178787733,-0.004690715138395557
2025-02-26,-0.027412560535761223,-0.00555083518047458,-0.02269667987410026,0.005385815473393513,-0.015641432019765325,0.004588737309708598,0.04704166656221697,-0.0037949049140806076,0.01303325223135215,-0.04043677756749929,0.00013601502958346571
2025-02-27,-0.01281249910874131,0.009852361716893427,-0.009991881273603167,0.0010041421323705674,0.011171732389042236,-0.018176497248746027,-0.06217378013882784,-0.02322213589626284,-0.02763942363339965,-0.030905910133740465,-0.015991742678524653
2025-02-28,0.018951019545516527,0.019370287916458447,0.02598782690319557,0.02138699430288129,0.00871967020492089,0.011298163231421954,0.019520565365421946,0.019528101133849424,0.01799774411361912,0.03837459125197188,0.015729780420663385
2025-03-03,-0.015879649346846304,0.011652610090666676,-0.0016799918262352931,-0.015344736150118816,0.010834221107322876,-0.02164377946551058,-0.03355911440778322,0.020453669672367766,-0.007020558350709137,-0.028844050845269347,-0.017753402648308866
2025-03-04,-0.008861550228096498,-0.01774692604502951,-0.00957901034283635,-0.04060299150775104,-0.006927417980422598,0.00030885233368355185,0.007263283961144867,-0.010809441196494858,-0.0011509086117052949,-0.045311188236941684,-0.012310288231505477
2025-03-05,-0.0008055574465191736,0.018030583373994605,0.010438598992718873,0.005101768613493012,0.02551717410371505,0.03143509625479814,0.0338503517921226,-0.005235872206529807,0.018681465901272263,0.025621016692865903,0.011097472528735688
2025-03-06,-0.0017406835873191322,-0.0037415206492572837,-0.020373267591166925,-0.020037992319294016,0.002342848543038881,-0.010352028293722877,-0.05523985086696919,-0.0066910424627760565,-0.08919723785995191,-0.05770651942025788,-0.017979677107455568
2025-03-07,0.015767522493994435,0.01665760410906049,-0.06261428200574806,-0.017430156508055444,0.02598670059804428,-0.00906116940358572,0.04050379045090205,0.03948976833349015,-0.016968718296302938,-0.0029651004058366417,0.005505435045454467
2025-03-10,-0.04969407536537053,0.01099917454860776,-0.03149753617548653,-0.042408804290564386,0.011586844215874012,-0.03400586656246651,-0.06534196242811935,0.04470863767116933,-0.027798065938089693,-0.16754574067757613,-0.027343541788428148
2025-03-11,-0.02962380670226798,-0.014271048385955037,-0.004203941130381229,-0.013352129225021476,-0.02170857719227667,0.0007626153707795385,0.022370795967007393,-0.028366050708163566,0.03226565635510864,0.037245079838722016,-0.007596646918536578
2025-03-12,-0.017633318754951263,-0.00718901075330132,-0.0036715064079540977,-0.005426162066862894,-0.015864967621641506,0.007384816215004264,0.07139312607400998,-0.015107464374220766,0.027090340926826897,0.07319368705023706,0.004874967940490777
2025-03-13,-0.03422267822985216,-0.002407842774920072,-0.04012202211780379,-0.011962417253129097,0.013836657200207807,-0.011810505089285162,-0.007978258420007607,-0.002609056557085637,-0.032613372146137735,-0.030323348875332088,-0.013988366806464148
2025-03-14,0.01800745100151966,0.0010393898864954846,0.014823047903633826,0.03168762054297627,-0.0037682715713967894,0.025518483597740883,0.06042627108155374,0.011211607348385508,0.03078498734062667,0.037912677650069934,0.02104290595319694
2025-03-17,0.002386116066015787,0.012669139669799745,0.013941146666178234,0.006389631803128005,0.0030841683450651158,0.00036025350404682315,0.022757171202586857,-0.019772762083139193,0.03428560157621044,-0.04906823105490024,0.0063956349746060355
2025-03-18,-0.006140313816847984,-0.0028951054763703328,-0.02045637872820295,0.004435994449087223,0.0035651043400843217,-0.01341609797870548,-0.013572381208310344,-0.019747271983119694,-0.021319933087025726,-0.05483544563443516,-0.010710667074319702
2025-03-19,0.011917946504138393,-0.0075099765326363055,0.0066590913249466805,0.01746594787286633,0.002702573979017932,0.011149567865415448,0.0033368279485333436,-0.0028328298266510313,0.031238774864425615,0.045761190368065426,0.010740608172953766
2025-03-20,-0.005310463195201758,-0.0013673020275358921,-0.00961412829851739,-0.00041839917877553275,-0.008129800019069,-0.0025302398321035346,0.009168056275838976,0.009177700546664749,-0.009056066632039995,0.0016944590202751025,-0.002187283513782985
2025-03-21,0.01928958046898615,-0.009242433565729439,0.015360516328927471,0.010902310944798398,-0.05967970595904503,0.011361244907056804,-0.08380370750498417,-0.003802089509589239,0.009889514600122846,0.0513547158131408,0.0008243136078323211
2025-03-24,0.011207462561574549,-0.004007738596067909,0.018286158145118095,0.02626304951973095,-0.010792632057532245,0.0046407934402340955,0.023167141990398554,-0.01149355678029643,0.012110175410393526,0.11273547481030481,0.01749211712863917
2025-03-25,0.01358908980631859,-0.03815234330856345,0.004546754048802814,0.012300114597185935,0.01616813232723693,0.0052776368544547045,-0.028884532975824172,-0.021347988713474757,0.02568605063956945,0.034423463077927825,0.0015730954906538206
2025-03-26,-0.009971390117563473,-0.00019872925502998324,-0.0005483012595738228,-0.000398306429642902,0.006988033068947278,-0.013221003912957944,-0.022007203140752035,0.016483933727486532,-0.027065565912028654,-0.05742390273973778,-0.011219640357598032
2025-03-27,0.010418207068331341,0.007029481905872962,0.009633549402398422,-0.01166004543915008,-0.006513057093312285,0.001562941839961383,-0.010584265413792001,0.004293085872398685,0.006234014041770758,0.003925268964187628,-0.0033124610071321114
2025-03-28,-0.02693996501737922,0.012597898022571663,-0.009730327997375738,-0.021468534679006362,-0.0017879165898079274,-0.03062433599252162,-0.030291983473133374,0.0059794796061608604,-0.044884140730301114,-0.035704833212183235,-0.019934601126853548
2025-03-31,0.01922660780137315,0.020395612020511048,0.0171909946006029,0.010038051553130917,0.011754374858636165,-0.009042769370022559,-0.01638012655371908,0.0062260239971881765,-0.0014145437246995904,-0.016797411271064034,0.005523240357645722
2025-04-01,0.0047606279397177,-0.015633190087102705,0.009072901534072534,-0.00670818379243805,0.004311141471390303,0.017952329987691355,0.020729601107415,0.0004231462498769491,-0.00446020079316369,0.03525624951763979,0.0037741045552120668
2025-04-02,0.0031314275761356735,-0.005249678449896663,0.011128114949507186,0.008825860009297616,0.009384286367370457,-0.0001308788273190025,-0.001240827145973897,-0.00622327035430487,0.007661441187513773,0.05189662060946535,0.006705661429484109
2025-04-03,-0.09701335938325019,-0.017452497704328426,0.0020702751129794365,-0.07223228996132189,0.004208713406836428,-0.023913885891821262,-0.17548262822092206,0.02327951689487707,-0.01994052894095296,-0.05630172235818194,-0.04960591182899663
2025-04-04,-0.0756802390377645,-0.07558920773644363,-0.05374103998977189,-0.07778676716002625,-0.05104105909936147,-0.036213786729319,-0.13857898187724738,-0.07526019723778225,-0.0690552221154098,-0.11003572551557192,-0.061609061898230934
2025-04-07,-0.03742599630886612,-0.0021954986087248944,-0.009152665606086843,0.019590115545253983,-0.0030823476763027495,-0.005517678378348084,0.05486408843786714,-0.028038568156398703,0.013889015640287229,-0.02597878190231111,-0.0023341946059635883
2025-04-08,-0.051101920416750976,-0.060092051657191746,0.0006824836526004128,0.011267982840683793,0.028691630046362507,-0.009264184824621362,-0.04227358840972261,-0.01470954194082906,0.0029570767314336757,-0.05023573100190593,-0.015825083277054855
2025-04-09,0.14261744902614956,0.023460473126277373,0.06025499568476707,0.07747491024055522,0.041702193395190004,0.09652484652660565,0.17238005461978345,0.05271176348821109,0.08272924074462461,0.20449058000160142,0.09089487983303646
2025-04-10,-0.04331863405620976,-0.03186363413564148,-0.0009121816433807872,-0.03133845761157868,0.0031536216471237267,-0.023684793984475577,-0.10583136756305891,-0.012807394568780415,-0.026037561283405158,-0.0755220285780395,-0.03522060702411168
2025-04-11,0.03979218842354236,0.0048677578566227965,-0.000933746951660685,0.03924442309370407,0.02386641525378162,0.018446853729889506,-0.0071633040962011205,-0.01373287068280589,-0.0031312952868676005,-0.0003566259450699316,0.01793038083577807
2025-04-14,0.021814247212016923,0.022872573793367816,0.016379378475893137,-0.00628570566828288,0.0009261151217523844,-0.0016489157454682107,0.020915370611176796,0.028166582651261488,0.014046695449959883,0.00015855643290671638,0.007913319326342991
2025-04-15,-0.001878136709860532,-0.0037260727670089724,-0.0024537752502332517,-0.006797011981520049,-0.012191704620663059,-0.005377851474534099,0.0002815950921346517,-0.0004432260894740085,0.04718944739095126,0.006950209565496345,-0.001729275225300909
2025-04-16,-0.03971147016854836,-0.029387070650968027,-0.009430920991572661,-0.015214083227613336,0.01584548952972256,-0.03729284222344867,-0.0243653296818006,-0.030309987825058428,-0.015119631392512912,-0.050690742903996715,-0.022663253964902527
2025-04-17,0.013853093573358932,0.0076016479874558675,0.027266334012293513,0.010182857998511543,-0.027627270498817094,-0.010359919889256344,-0.007674010541544221,0.010155514164891358,0.011785146371862005,-0.0007454979855451015,0.0013259586237727749
2025-04-21,-0.01958312753284327,-0.01649458597664378,-0.03763249286774578,-0.012886575496702562,-0.012467411030272045,-0.023828312253194008,-0.03039925735689794,-0.024888619994817097,0.015176675573398387,-0.05918076725792799,-0.02384964833401801
2025-04-22,0.033497551842340836,0.021050839695365847,0.022158912584422017,0.028414584561694545,0.008148642734009769,0.021214627916156678,0.05068638955370151,0.029852956004739483,0.05171122474213761,0.04499438204493094,0.02480695212545062
2025-04-23,0.02404041488197309,0.018642101059811147,-0.0034679108406206484,0.0222059692720542,0.003176151510847919,0.0204268401646701,0.03800923784822722,0.009409315662521962,0.008852058286035611,0.052271947159751794,0.016523864366879457
2025-04-24,0.018258334444546515,0.018578133729848338,-0.0003689437356675212,0.015488762591883542,0.007008010806910872,0.03390150503066673,0.05974500270890718,-0.013770660755356833,0.0440610287489463,0.03437870754426389,0.020056628082583162
2025-04-25,0.0043577006560267615,0.031058927282980188,0.0017207208030395912,-0.004465402528273779,0.022935121094601912,0.01167953606531316,0.03002781785771929,-0.003926253176361291,0.004239484385887407,0.09351849398026,0.0073460847957005125
2025-04-28,0.004101000253042508,0.033195431827970946,0.0014112532897980418,-0.001355994566668566,-0.0028304383928273204,-0.0017623789531737114,-0.01541023437096982,0.00151186745937669,0.008002195851168065,0.0032583903115033577,0.0006405015390019333
2025-04-29,0.005079000062798506,0.006064475192346216,0.01335900753758598,0.005739637735685942,-0.000861217195784295,0.007335708257394689,-0.021616963820005306,0.015887778202009744,0.013649472138226081,0.021284373105168935,0.005785641545556399
2025-04-30,0.006089009921960949,0.008183248801704996,0.002819453229188279,0.0,0.003921887070055609,0.00309138857707487,0.0009102226138982117,-0.0055170485526518,0.005386784116202549,-0.03438223363024816,0.0014788972519335208
2025-05-01,0.003851464551987565,-0.009062092460073123,0.004554735621625681,0.009236954927443163,-6.286867261366735e-05,0.07348606392615331,0.010599803425892057,-0.012488079837383736,0.001545151521462873,-0.005829314402079844,0.006279345716451974
2025-05-02,-0.03807764715659128,0.026187699298216235,0.010528206662931609,0.022507910753153126,-0.01035237495886727,0.022959613092205088,0.03723064746349016,0.015623092990535945,0.020105848820724383,0.02356864125337387,0.014619191109112719
2025-05-05,-0.03196390482377563,-0.012166138575179024,0.006514537928960546,0.00019800019864706612,-0.0026260017130209073,0.0020426156845589198,-0.003723505965709769,-0.014866296845096385,-0.019585475465838113,-0.024495847170982712,-0.006402047029318447
2025-05-06,-0.0019124478912930995,-0.04656134754180361,-0.004334965653137742,-0.01319245971353123,-0.007129463976638714,-0.006578705731860101,0.0011185462860719367,0.006634634442200095,0.003195767832350697,-0.01767474071206643,-0.007722985278391797
2025-05-07,-0.011450050864054507,0.0050101184526221846,-0.0033206878806866795,0.0005615496108670264,0.006620397376642943,9.238302663668128e-05,0.02587037395239768,0.012247989022413861,0.015455396325036062,0.0031546161942166075,0.004336938106710132
2025-05-08,0.006298553278077304,-0.013434558851304866,0.0005559502183623885,0.01622755754889683,0.006787503283190787,0.01106117236817179,0.030162677284096533,0.014151174356554629,-0.009548559114653046,0.030659773437438274,0.005783021147465641
2025-05-09,0.0052522561730470926,-0.005294652386463374,0.00037695638677372314,-0.0015398895433142948,-0.0021307200620948627,0.0012771348036137197,0.008303600050172541,0.028711358866728844,-0.0036854493146534556,0.046108194570086934,-0.0007117341348763632
2025-05-12,0.061232534979605055,0.029201041634513387,0.007963534075261212,0.027168256780371918,-0.0007605017425833328,0.023717767946247185,0.07221771967002596,-0.008857017817667644,-0.026861238754808288,0.06528003118679684,0.03203997667702081
2025-05-13,0.010101108038264882,-0.01095051055910495,-0.016991448049302384,0.011318223902413577,-0.028576779529951,-0.00026715172174336216,0.04905331531947621,0.03413585644180055,0.025298904434168913,0.04810492051681205,0.007222059020245977
2025-05-14,-0.002821717330413214,-0.05780948804658399,-0.0075255032474807314,0.00994999321188632,-0.023433116411376537,0.008424933329915445,-0.016749365236876007,0.0011089186980623692,0.010963513361741804,0.0399319216619113,0.001023891242276054
2025-05-15,-0.004153119684206215,0.02361449039979814,0.0189114349869879,0.006940096679528279,0.034914773711997825,0.002253580700858679,0.0013628131241365474,0.03216848891445932,0.023178644502780166,-0.01407694599861275,0.004123817438757677
2025-05-16,-0.0008989154258587225,0.012797560103959778,0.015086500309518398,0.0002615513514445931,0.006813378259493046,0.002512640710313931,0.026364991338937948,0.006017869779703682,0.011437116938894962,0.020670491941373468,0.006980849368100189
2025-05-19,-0.011808533337582812,0.009141830168663108,0.00826159820736234,-0.010066876881309096,0.010070353985144276,0.01007525434818192,0.006610808824199395,-0.015316640036198589,9.232733594230135e-05,-0.02280219175263177,0.0008757295660482738
2025-05-20,-0.00923883715308381,-0.004641567336452419,0.0023946241304394337,0.0030156855702859614,0.005817429718105211,-0.0015266622370332876,-0.005590912410430226,0.007418976770252822,0.0003188543139033674,0.005044436283555748,-0.0038877770695725784
2025-05-21,-0.023329135189360545,-0.01663746955420522,-0.011172956046513083,-0.017618970943967305,-0.011711431560333581,-0.01229780006935159,-0.023307397011283974,-0.03933368712573183,0.002187116339275364,-0.027122740878422213,-0.016266719267758897
2025-05-22,-0.0036187742583048813,0.004062010470275244,-0.0070176590822750885,-0.0014183492096078835,0.00036152683090793543,0.005047225468213278,-0.010594135844113377,-0.06645993400556066,-0.005590549115891708,0.019004252475032086,-0.0004449700224211693
2025-05-23,-0.030711203617569474,0.003936566123612452,-0.009503488404575213,0.00015344503002777786,-0.00334276868732098,-0.01034217475294644,-0.015515735871486504,0.012175361696633009,-0.0021740967125370558,-0.004997253689502847,-0.006730899591473139
2025-05-27,0.024983636786132652,0.01333441795529205,0.00916944954672062,0.01741480703584556,0.01685498641484494,0.023077819973463497,0.03172860733274243,0.004123691418769144,0.02184517335156901,0.06709725458197968,0.02025258080218437
2025-05-28,0.0010484119211289164,-0.014262525476629094,-0.004579122144246266,-0.006808066040373695,-0.014511800962176342,-0.007254554533967682,-0.0020772927234483673,-0.012273744738587453,-0.002495698388374052,-0.016644185010272462,-0.005586802576444734
2025-05-29,-0.0023478901995321877,0.013723751540440738,-0.004352448449121485,0.0033342341469043382,0.0078630035452637,0.002881971891791121,0.006425548804426097,0.026139522982089183,-0.019796697022899924,0.0042777491260106125,0.0040031708706317415
2025-05-30,0.004491076894813233,0.0026363680070239817,0.030691776359706317,-0.0014004710705303042,0.018179065264967,0.003655992522284545,-0.02447060774396432,0.02363501935120174,0.018703850855478602,-0.03396601533337422,-8.118845699520562e-05
2025-06-02,0.004223123822604175,0.004717316761540958,0.015898985161485104,0.0024969787959588214,-0.0005428388027566769,0.003491133675305472,0.03862608842618613,0.0010982099727229874,0.009685989485742773,-0.010941091649071494,0.004093651490626028
2025-06-03,0.007753628371346302,0.0013894185914025436,-0.001192917023145075,0.006064617228970622,0.0028153992965755555,0.0021623473779866947,0.040618242757324854,0.011339579442278924,-0.0008535685372644202,0.004599945784019605,0.005783533535368979
2025-06-04,-0.0022161327214579923,0.000480596969056084,-0.003701462777847417,-0.007728813355191128,0.004239480711085982,0.0019421162964943276,0.009732444706667462,-0.015195962996586392,0.017676279575685065,-0.03614067809813415,7.368474471916267e-05
2025-06-05,-0.01085656861922265,0.0006936106798513024,-0.039646421498511816,-0.008628310774969465,-0.008706205329886632,0.008179910169773305,0.029017958182577373,0.022918004020902764,0.008722304386243758,-0.15384948606327908,-0.005291357978698112
2025-06-06,0.016265311589657865,0.012510165619931585,0.004077559403388641,0.014327202840637213,0.007627220974429185,0.005756609379951794,0.021131858114509985,0.009188441672773776,-0.0072632935068567455,0.0360138325066553,0.010228196215376713
2025-06-09,-0.012186604353181927,-0.003535735578479097,-0.00866854920341621,0.0037935608094850424,-0.0017869109342060546,0.00502584442172111,0.021776635826949674,-0.003609581015865476,-0.013796263418287496,0.04453121583281344,0.0009195251863913659
2025-06-10,0.006037906567603641,0.001795704490790212,0.0010827435896165326,0.006948924419923433,-0.008207015298117164,-0.003878462387048046,0.028346109545097888,0.012576939577089337,-0.017166245108416866,0.05519232015438431,0.005468012541646841
2025-06-11,-0.019380304664322945,0.010498814273396525,-0.010468890022423174,-0.0016769415898236731,-0.04349904349209264,0.0036034432589252476,0.016422978956175595,0.0026062263022708144,0.013418806350824633,0.0010421025390305668,-0.002747660318287345
2025-06-12,0.002110555431279122,0.004792686344702876,0.00593151347021481,0.00033582307263955655,0.027370533688865526,0.01313740717075899,0.0012920109521944783,0.011441168072709553,-0.003983730463288795,-0.022679683166052338,0.0038151330716763875
2025-06-13,-0.013901334631808855,-0.006988331693152982,-0.012544596578491888,-0.01234099184149388,0.03595589710112804,-0.008198533336373638,-0.005004851275825826,0.012649726446667856,-0.0023731421289326614,0.019242741328905938,-0.01136066859010289
2025-06-16,0.00997799202842381,-0.0011519285266374806,-0.0059253654111151455,0.02021325683892858,-0.04067646354428904,0.008762249888579429,0.036021569581896375,-0.01346273144539471,0.010830935206337884,0.011674257976472,0.0093488231481891
2025-06-17,-0.014109671339226077,-0.028593151641358925,-0.006768366625940733,-0.0031118123904715325,0.025952424960177897,-0.0022984082372658823,0.004163585187186003,-0.026367957520395793,-0.003826648031077676,-0.03960360944657592,-0.008387259723643134
2025-06-18,0.004793205338059429,5.402456692038356e-05,-0.0028883501545914725,0.01633946760359263,-0.022660567397533547,0.004591545905710506,0.012223439875918259,-0.004043706517439352,0.0013262186806519752,0.017857560202303197,-0.00030928803472058796
2025-06-20,0.022235474358199368,-0.0010248404645854265,0.0055135174043166035,0.003788909751133215,0.00417388688316962,-0.0059312857551390005,0.014506047244718438,-0.0005590869111859515,0.007433726873013619,0.00034155282181088666,-0.002181035215587759
2025-06-23,0.0024844339906089923,-0.008345641477108465,0.02437686121030061,0.011820672245913535,0.004029615535506927,0.01785392919372585,-0.012373969498517608,-0.011247114266927937,0.017811674173543252,0.07910624722725408,0.009560655071259439
2025-06-24,-0.0059731051616175096,0.009693803835317741,-0.0025519421906815766,0.010687843475496625,-0.026291860160700405,0.008421152289271351,0.0466503365609437,0.00942816562561369,0.020193028869081687,-0.023827555571310416,0.011060328616958607
2025-06-25,0.006270780317822125,-0.0008627640806749502,-0.015469543017505825,0.009905924849131961,-0.003940794151307946,0.004397553030850552,-0.005173195574046806,-0.01495730390351426,-0.003022298139064477,-0.03868634165630777,-3.286108349665331e-06
2025-06-26,-0.002782109146813589,0.00752330715633282,-0.0036863123795275853,0.016375772302118827,-0.0010695995744174523,0.010467691135128966,-0.009871770662128089,0.009198428856939014,0.02433972335194451,-0.005418374727754274,0.007988131032516797
2025-06-27,0.0003979183634067224,-0.024276451016533453,0.0022663405995125667,-0.0056959616659804846,0.0015057965401180018,-0.0030401229157608115,-0.009889939072717922,-0.001409791111954281,0.01251058407398746,-0.006621400161764133,0.005205399256150098
2025-06-30,0.02013598512579886,0.01799302718226337,0.004860510845340535,0.009705172720324043,0.009872810418259229,0.0029597920564695132,-0.012177155694764064,-0.020954351712694406,0.012027550230879784,-0.01861926308527601,0.005151137506128882
2025-07-01,0.01283348104812217,0.02326998667147095,-0.004028530234269087,0.0017232559318204079,0.006027444798337739,-0.010834379756567498,-0.01933384668440921,0.05110602931091921,-0.03459107344404193,-0.0548353231730864,-0.0011191571098791433
2025-07-02,0.021987282881436514,0.003992154420257193,-0.003657930916323781,0.005460193258271696,-0.007302263141215494,-0.0019529267652533882,0.00700664087156265,-0.0005475749619360598,-0.006779329907735996,0.04848766871497916,0.0047338743064907745
2025-07-03,0.005211437084864038,-0.00773623413314258,0.004732396371453018,0.018411637237474136,-6.482705701866527e-05,0.015658016819526364,0.004507687887508542,0.011708763819632923,0.00954299129773333,-0.0009508330128998894,0.00830437821066394
2025-07-07,-0.01700156615400143,-0.008755400312526902,0.005214227069009598,-0.013708487143463162,0.0140409230183023,-0.0022477122660855987,-0.018629605997350782,0.01170702486384273,-0.005845050512391753,-0.07030747928005848,-0.007893368104244017
2025-07-08,0.00028562316547696605,0.011340856003760447,-0.006410466335411801,-0.031981841615752835,-0.012982001740553304,-0.0022125131390817805,0.03683809460358057,-0.03111445679061176,-0.011158372443518322,0.013080017887538436,-0.0007161432504695748
2025-07-09,0.005366268772479442,0.004469015998095327,-0.0038110483305624104,0.001343107664572376,0.00010792841834656128,0.01377846032826156,-0.01767660809159465,0.01628939648815306,0.010118745668433462,-0.006501707849529647,0.00604380277677969
2025-07-10,0.0059970332459500465,0.022717702626648646,-0.012211697951653527,0.017607652934024574,0.002695772824066478,-0.004039912377084586,0.007091882608049051,0.01335248899346378,-0.029692593273850147,0.046198855706690405,0.0027424410729257912
2025-07-11,-0.005902207974138676,-0.013163160507695785,0.00016492074969105152,-0.004625655891737332,0.00686836417892983,0.0036624036551624194,0.011468448394398745,-0.003220620088994152,-0.004391532655106852,0.01167844971117151,-0.0033029717732258423
2025-07-14,-0.012101822196916256,-0.004844093368628261,0.010844404242176302,0.006393976063866745,0.012879015599628969,-0.0005961893456745816,-0.04870585993706199,0.008565411770986473,0.01343424909194373,0.01075495879659973,0.0014064243309367943
2025-07-15,0.0023461060134709884,-0.0185511580181339,-0.013579197630749,-0.00747518396519486,-0.007311874142809604,0.005550923029067078,0.01256719259876741,-0.004541463394664238,-0.0013321541526241931,-0.019500985006087518,-0.003964145065672561
2025-07-16,0.005008651362872237,0.022230872877946443,-0.01699838934427114,-0.0025507324971038876,0.0028675587131006806,-0.0003954959980058848,-0.031117818330754957,0.0009367314889943717,-0.007934480701235952,0.03444095462458378,0.0031885685253844154
2025-07-17,-0.0006663968221358684,0.004293300077965812,0.0026662498797572235,0.014173707490373645,-0.004826291384370669,0.011953135753057375,-0.027604078019960794,0.00546853015897359,0.01890347839079122,-0.007050661595447646,0.005359380240011013
2025-07-18,0.005508060298912894,-0.011243640830265824,-0.003107831404394009,0.004714693762369093,-0.011230883956497647,-0.0032297704035930386,0.009927533119812336,0.010190025873421492,-0.05230289192361651,0.031555911584314186,-9.049030280841674e-05
2025-07-21,0.006137005974840423,-0.02357698063668755,-0.003571234807875777,-0.0010306240011560119,-0.00742028227542016,1.9661010407750972e-05,-0.010192522471348475,0.0028923921226204244,0.019677113643957515,-0.003525100711992725,0.001398157005673256
2025-07-22,0.008995570441175984,0.012151968617518539,-0.006299010960271573,0.0015797422926184335,-0.11441765113205662,-0.009435429636930838,-0.03605684881316924,0.017826296243989823,-0.03564864758531446,0.010959828902223289,0.0006373284966667569
2025-07-23,-0.0011666351987472624,0.018217966756121237,-0.00044622483064864124,0.018123901169806483,0.0208409446509762,0.0011867184348362016,0.005569463049007088,-0.06280333106704333,-0.011238652087892414,0.0013540923687317768,0.007781532145702873
2025-07-24,-0.0018228822567824276,0.0014683011756982463,-0.007882749258768121,-0.0007078817982073606,0.0027620372101322507,0.009855084104650864,0.017151548531541515,-0.011741063677285264,0.0033763616050264227,-0.08552542784602518,0.0006979799969332514
2025-07-25,0.0005612739072953638,-0.0028863015654764647,0.0017974155816577043,0.006955973239975053,0.0014732407685563108,0.005524139117045585,-0.004215433238393299,-0.0016689725476497943,-0.00022863142800759478,0.034637201499348805,0.003966451001680552
2025-07-28,0.0007945156573705577,-0.00929256590286534,-0.0015939360012750714,-0.0011391169694588115,0.0004034991613896134,-0.0023581275674398206,-8.99784107370157e-05,-0.007123390768088304,-0.005001980713685433,0.029706848621967902,0.00017684247126657597
2025-07-29,-0.013072685194727512,0.01422053187136987,0.0006208299888024268,-0.004165875983125991,-0.0028757946260408633,0.00013648099091268176,0.006361812449314062,0.008514250168680742,-0.005001406177409877,-0.013574889801361277,-0.002963830197466829
2025-07-30,-0.010563550635202222,-0.010038753938345944,-0.007582917547050512,0.008681571317405568,-0.003457384265313293,0.001306309824448206,0.024527016371593695,-0.013432325182756976,0.013141175518664925,-0.006747506520358081,-0.0012502139385094711
2025-07-31,-0.0071047515593244985,-0.0015330711741775446,0.012993216653893183,-0.011378411668114333,0.005478460765611096,0.03871550377272254,-0.05003723667116839,0.0009854422320374986,-0.021164774672168887,-0.03434052685502853,-0.003701662046374567
2025-08-01,-0.025321452731960625,0.032274353745813465,0.014998701222596594,-0.02346375029226635,7.129756166095767e-05,-0.017757526568690802,-0.03981469688581751,-0.009331233522943124,-0.0006902660325966032,-0.018465033347039538,-0.0161213871855698
2025-08-04,0.004781383941140812,0.010040483278395648,0.0029875734132599084,0.016757409513463654,0.006369010175302053,0.021760873384904587,0.027182412392721317,0.0018448727688157986,0.010637151581439363,0.02167142527004271,0.014629564491414495
2025-08-05,-0.0021168103845438796,0.006873271036373235,-0.012364530833005476,-0.009869809296697134,0.01065813088596532,-0.01483979261347463,0.011899009241191551,0.009173762749459259,-0.019941463130295562,-0.0017476574412364776,-0.004869703780462017
2025-08-06,0.049653465367576075,-0.01139676683831334,0.026076263712399014,-6.863743643252152e-05,0.015317308409633537,-0.005338691627633824,-0.002570670884538425,-0.00903200733211811,0.026317395499606315,0.03560499649944306,0.007255522219852605
2025-08-07,0.03129862336367004,0.012956859788628159,0.009136701108609074,-0.015252024807010456,-0.00947321139468793,-0.007840948828233461,0.028009955764871468,0.0285095256258062,0.0016025014685783592,0.007349951735303974,-0.0007977981718278668
2025-08-08,0.041485459058363504,-0.004081427882195851,0.003604904066837018,0.006322837817386712,-0.01195742058871053,0.002301084239984531,0.06086114920212305,-0.002345012271309505,0.02614685554412887,0.02264179762598033,0.0077694548163894745
2025-08-11,-0.008372443140046247,0.0029744804169919174,0.007879314480644084,0.0027664947916633004,0.0014790451179172552,-0.0005171439459320964,0.03982236006348825,0.0005521865954233293,0.0054898371122196355,0.028057128395424267,-0.0025072683938851073
2025-08-12,0.010813739262220462,0.0,0.0025353494976196453,0.011298002043544053,0.012357108686599855,0.014215062335260138,0.03205429673372686,-0.008176919728656416,0.00570472528645494,0.005324552775796538,0.011281559075170764
2025-08-13,0.015897409188223566,0.014146447529650549,-0.012588282124164867,-0.007953615764175729,0.025192065128005158,-0.016498310921669652,-0.0276186933790993,0.006104538129743692,-0.017154657651950473,-0.004292710283261014,0.0032248733840464015
2025-08-14,-0.0023599515483424664,0.01580722245533367,-0.0035409962448732157,0.012416995645537214,-0.01193348416246287,0.0036430222204388717,0.008174420174485423,-0.0008303292786375063,0.021454617684049337,-0.011260099884090402,0.00030304487855445177
2025-08-15,-0.005125179855144962,0.009772365556776009,-0.0034405120724136412,-0.012554672148154833,0.0005486530768991337,-0.0044310090625219204,-0.03591547096438267,0.042946072888785304,0.006794871269998873,-0.015072159502432556,-0.0029013399163647113
2025-08-18,-0.0030272408078767946,-0.000580749698996616,0.007492154506141449,0.0035737631822661455,0.0070144341418653154,-0.005919366331114072,0.021930403292398516,0.004102320750253315,0.0049436184170346936,0.013819862125930686,-0.00010076825773579619
2025-08-19,-0.0014302167695570704,-0.0018412436703921814,0.0015304383616014804,-0.002988822409168859,0.0010433565964576075,-0.014276749033120633,-0.012215201322983446,0.010379227851269084,-0.02516358700024584,-0.017608491717904177,-0.005875329112207127
2025-08-20,-0.01993198153129969,0.014253560421306512,0.013891010577557884,0.005421123035909119,0.011047356257235248,-0.007976380270356328,-0.04046354187763804,-0.0043225484767667405,-0.00023887322088703142,-0.01656474162017639,-0.002434630632264957
2025-08-21,-0.004923405133202545,0.0016720582475665024,-0.025344371782740748,-0.0026381140072249784,0.0026869313546828435,-0.0012882899129955533,-0.012188926689545722,-0.0013135791992966537,-0.0063221470927787874,-0.011770166368817137,-0.004012219728951123
2025-08-22,0.012636639150230075,0.0052368491142699486,-0.011554920335438722,0.01623282013136046,-0.0022386194320827444,0.0059122821399642455,0.016190797203383494,0.0031496143789661855,-0.001294192795084481,0.0603104166993377,0.015072285158779139
2025-08-25,-0.00263778288690945,-0.014588300631138182,-0.01785191363920931,-0.004533739271184696,0.0034007713257352135,-0.005872572717918165,-0.010764729496581783,-0.013189277419391732,0.011078594465947656,0.019196337227210383,-0.004275512539646319
2025-08-26,0.009420124567184027,0.003895125860221757,-0.00025488634013946055,0.012368292982916862,0.017139852512475857,-0.004412262225915996,0.000686868374526009,-0.006393213222073337,0.006562621352990151,0.01452187916170169,0.00412547371011636
2025-08-27,0.005132723136336729,-0.001441007031959546,0.008652230589307178,0.002375121079454116,-0.0021760519910811174,0.009318292757191949,0.010672495820956987,-0.012775040051165514,-0.002114662310438496,-0.005903612812939926,0.0023881304533030262
2025-08-28,0.008940725237363131,-0.000673010939618194,-0.004814075478811071,0.005963135610113079,0.0037555732901040887,0.005706532947103561,0.03545729069195944,-0.016959039908398543,0.006476718171825952,-0.010408659566889222,0.003151747441466755
2025-08-29,-0.0018075874774794432,0.011857096186474124,-0.0017370070192006617,0.0011618954965327219,-0.0012063261902731815,-0.005805202352673754,-0.024813440797382916,-0.000554871295312375,-0.019019303115602227,-0.0356293206445078,-0.006418740402792551
2025-09-02,-0.010479481927209851,0.007198357990320543,-0.004781808768081305,-0.005722669168439365,0.0003757200704917088,-0.00310341311922011,-0.004463363304208921,0.008293043119537056,0.00483831724078611,-0.01360034804236362,-0.006946350061030363
2025-09-03,0.03738232415098372,-0.0002831665261092755,0.011606685146709653,-0.0006341631872106665,-0.007631249892097057,0.0004552210217968493,0.0020235533068932404,-0.014139421560911936,0.00989229107279525,0.014259073808795026,0.005087112302941308
2025-09-04,0.005478322675703245,0.005366500352942039,0.006422865650346349,0.01428761796469974,0.01719858907916489,0.005171201377735059,0.04520595348131735,-0.010666809195058084,0.025206112230526274,0.01320230431684188,0.008311847102873571
2025-09-05,-0.0003753762063927571,-0.00206791856434696,0.007898384616271889,-0.03156393811186982,0.015313920931388482,-0.02586461097900745,0.056044047889458264,0.00042330130258279606,-0.010922407291680833,0.035717557533237444,-0.00317017266993674
2025-09-08,-0.007580043466470937,-0.013117218806222374,0.008649781515203191,-0.005006081235652613,-0.010379221377047509,0.006443859038900876,0.0006849942229412122,-0.01606644309407102,0.0007554038403364093,-0.0127361095766315,0.0021037644508885675
2025-09-09,-0.014950591264106123,0.0029984735689342016,0.007585503564530499,0.016724578852530356,-0.004475110381353339,0.0004213686407725411,0.02834833875701787,0.004290667474040987,0.0147450174537423,0.0016441653277190816,0.0026845470300734414
2025-09-10,-0.0327913485579626,0.00578117503064138,-0.023725811398349818,0.0089908234907804,0.01478962843660244,0.0039247880153606115,0.03459138916940469,0.01374830792259498,-0.012377840042214941,0.0023605495234688204,0.0029790282293981275
2025-09-11,0.014185282152052413,0.0397402883899659,0.008362082602739287,0.016565351427075933,0.014680399529952743,0.0012782645216960395,0.07278551554285996,0.003933755487671785,-0.03607593542736632,0.05868272574299215,0.008450087623093565
2025-09-12,0.017410513088878223,-0.008573493242964,0.003705573782833297,0.004408446558456795,0.001231347544485156,0.017588554017360425,0.043281580212824786,0.004476807264527118,-0.012592427928025049,0.07098109112687562,-0.00048287788142832935
2025-09-15,0.011173272269641253,-0.0033490077200289707,-0.008091400162832227,0.006462827276646859,0.004107727841814354,0.010651038921044187,0.003428698218226758,-0.001956211918854011,0.01156156398354513,0.034992045964953526,0.004695577726559718
2025-09-16,0.006107203194049533,-0.006223134464350686,-0.008398799433984876,0.0009385419777185793,0.002258400121877595,-0.0123390602296241,0.006633254339343159,-0.02363367438642701,-0.0014566142659774585,0.027849686096646824,-0.0012887604333313247
2025-09-17,0.0035210509004652986,0.020821281584865556,0.011445947192489614,0.008245469609331688,-0.0025331616866191716,0.001923308987091985,0.007339803724429888,0.006850189642151147,0.02304741320657587,0.010006196509857018,-0.0009706390782443865
2025-09-18,-0.004655381783017964,0.005329699268512511,-0.011141478399347371,0.004736331686826227,0.0010562367840244351,-0.0030830589173016253,0.05413632473981309,0.0068038021124815174,-0.017009937847520876,-0.021384159862326838,0.004777687836708263
2025-09-19,0.03153050760714429,0.002159930834601998,-0.001260833135962689,0.004936139756553078,-0.0014367552994886434,0.018473236213084644,-0.03715524238610799,0.00408830734086056,0.015763741399948957,0.021877209710827277,0.004873523937481177
2025-09-22,0.04219296246145317,0.0005392545417668396,-0.008340306981714143,-0.007461455257924356,0.0156298105020944,-0.006741670095727397,0.011547349932376452,0.01770933651077554,0.0003259606752927878,0.01892459915165681,0.004400350714762291
2025-09-23,-0.006464066249566687,8.982410131226225e-05,0.0003603837180259109,0.0009597367997552143,0.012987952322240552,-0.010198618417527087,0.010814885245333477,-0.00041470910365512135,-0.007277690439242993,-0.019441082441463448,-0.005517351828739721
2025-09-24,-0.008367296999735473,-0.011839254410982547,0.0017682654582881854,0.0021718736457442527,-0.0008633644009135965,0.001804968828676149,-0.028650050732340802,0.02066452778576871,-0.011988184444468761,0.03900845039857305,-0.0028506771652953692
2025-09-25,0.017911684479911448,-0.006612960435612744,-0.0020756262247713926,9.585385449975235e-05,-0.003935778155801574,-0.006134581432704233,-0.03064217300907626,0.011045356251023888,0.0035569446620502313,-0.04480186162620923,-0.005021648742526333
2025-09-26,-0.005504333945722916,0.009427360858766326,-0.02943315167133653,0.008292107300832718,0.006380075631232945,0.008699166536281246,0.002801595906305248,0.015947136055069946,0.0019596055393419514,0.03938961629749567,0.005884489130413512
2025-09-29,-0.004040053534453041,0.011492490264236524,0.001003805824334327,-0.001171293405719094,0.009270876932054417,0.0061205198928544705,0.04129246932105506,0.004734968438176414,-0.00347534235451548,0.006360288086303643,0.002632077259912619
2025-09-30,0.0007857485936756352,0.03686362393923757,0.009508946977762684,-0.0008240551220147734,0.01458873192800845,0.0064888745247557375,0.02065166452469164,-0.009492463507638866,-0.0062278604528906555,0.0034011943142930328,0.004082503613507919
2025-10-01,0.0032151298202565005,0.053971820433873975,-0.008996330006160907,-0.015076722044174576,-0.00042071440253753026,0.003392207882805762,0.0849222534402557,0.04126162473896494,-0.023648484699905204,0.03260699487618123,0.0033941541712235066
2025-10-02,0.006555105475919997,-0.032522577854489504,-0.000621590296577457,-0.010222311661684191,0.0007211075161111987,-0.007668185610937748,0.008745651305394129,-0.0062480022251464274,-0.007174002174054821,-0.052409624917241146,0.0006181636213842448
2025-10-03,0.0034552785601604428,-0.011265334535240168,-0.0015173663983600251,0.008031374012496316,0.010220766343369712,0.003116719229398485,0.02258730086104532,0.023762459197228733,-0.007953904430856654,-0.014252492909231236,6.55106568658717e-05
2025-10-06,-0.005167911774969734,-0.01603147946443256,-0.004862315126217837,0.002104449370548132,0.01914210501654512,0.02145578678755221,0.016526665153987315,0.02528356913927645,0.008624655064905477,0.05305409919515741,0.003639959282762629
2025-10-07,-0.0008183388012963765,0.011403481208968435,0.0042284050993129044,-0.004830776503950356,-0.006183491314281368,-0.008721815046370006,-0.027985347658719725,0.01330766741598767,0.02357428945390597,-0.04549829949251959,-0.003818687706853079
2025-10-08,0.006141262664732185,-0.00685235821245378,0.0,-0.011966329515502801,0.005755652029584304,0.0016590651962219399,0.05678722022670132,0.00992532266084901,0.019282936866159166,0.012847468714676217,0.005810748494187323
2025-10-09,-0.015700412963745435,-0.002381309145751261,0.030244206409392554,0.0049215097121276695,-0.0122533555018715,-0.004678908361057399,-0.02165317471592431,-0.0039344432760090725,0.013757100891169572,-0.007206358713169257,-0.0027593739802789824
2025-10-10,-0.03513201331059678,-0.0008240140529667304,-0.013754263118699872,-0.015303148360657198,-0.005351453225543489,-0.02214234287731204,-0.05740616981241403,-0.004309823338383261,-0.008967271388423636,-0.05195335338705128,-0.027485975439899807
2025-10-13,0.009697183027240885,-0.0008680352761368224,0.005949976602654466,0.0232575029985918,-0.002418541211172274,0.006029293841267811,0.059691239082913405,0.01133341512635583,-0.0008609973480512449,0.052779538485349636,0.015478263036934031
2025-10-14,0.00044408201230031126,-0.005093257944649431,0.011636273997209153,-0.019310468168949824,0.0026759341768063036,-0.0009342779996549505,-0.03006835801773759,0.004025014985215273,-0.0030233282460020387,-0.01539666493428667,-0.00156555149694257
2025-10-15,0.006316514957929752,-0.00559829986571194,0.008919268463274637,0.011879608665396404,-0.011487402165188653,-0.0002725401304099781,0.02575347038332509,0.013495480250105668,-0.009972639555149472,0.013674604901329141,0.004017918503427979
2025-10-16,-0.007608847967879364,0.0028691410875135905,-0.031237125516615578,-0.02366750205086559,-0.012411275935441063,-0.003551178269864027,0.053705196289011284,-0.008663090424746623,-0.01650728922428068,-0.014816786729139185,-0.006314280275141975
2025-10-17,0.01937065335040572,0.011830922146587196,0.011504252092996827,-0.0032880390458567164,0.003844593432850435,0.003843272406871184,-0.000740920970479,-0.006132952340746981,0.013235853745980942,0.024331310172500658,0.0052568739445263
2025-10-20,0.03868074365918946,0.01078788237985932,-0.0002350353680124152,0.016002350664474377,0.021478278168327997,0.006230772970226132,0.021459953597157452,0.0028351977578346833,0.03216138089084199,0.01831477587612344,0.010615724136144117
2025-10-21,0.0020191213000104453,-0.00289134281667488,0.0014837895893260703,-0.01758318264479671,-0.03295457053657753,0.0016820092785216976,-0.02190487553104068,-0.009243890534100503,0.0022500771460428246,-0.01085364312168525,3.269591641698797e-05
2025-10-22,-0.01657682531661047,-0.011780993806191228,0.007629508387871871,-0.010081334710992866,-0.004832816230436233,0.005547964873942636,-0.019064290532897894,-0.013786706776536775,-0.10611715476420716,-0.008235365016010689,-0.005351834774743029
2025-10-23,0.004362761632552592,-0.001882090233801278,-0.0027879539981184864,0.0014610796457244781,0.0018661738475828347,3.858399568198024e-05,0.040678969926106014,0.004937132422052066,-0.0024933184380806998,0.022547291398770954,0.0058104798620133855
2025-10-24,0.012404351927066352,-0.0011397320456996392,-0.010575251992360132,0.019833214005043415,-0.005423864562614902,0.0058420107731584105,0.0578462164427625,0.013837739780738354,-0.017117806753439414,-0.03457920037137167,0.007871361975244856
2025-10-27,0.022535356074125084,0.00017535471794352298,-0.0024597992579510767,0.012272916806787389,0.0030853492438666823,0.014993712197358728,0.004918888833101178,0.019010185095694045,-0.00011876659235180352,0.042211814191010485,0.012215141327379352
2025-10-28,0.0007065288197559364,-0.0021510690288761144,-0.006138029925680505,0.003970393153771377,-0.0023440604273328412,0.019654159742433237,0.00818995774611246,-0.02901142999323875,0.007227860598235325,0.01781041931942346,0.0022853305022299255
2025-10-29,0.0025989767572192316,-0.010603670654922454,-0.01278484382985478,0.0004911655410182541,-0.0009061721609860782,-0.0009597391008330833,0.021046793044478408,-0.021896499560712303,-0.001897487379416268,0.002082342411769511,-4.3579204733175357e-05
2025-10-30,0.006283466664280875,0.013500096138628905,0.008468939305201543,0.01278168110500893,0.009004719213033658,-0.029590420376358836,-0.011628069919036853,-0.0014687842501531312,-0.010422982996880532,-0.047501755655160294,-0.009954191424534511
2025-10-31,-0.003802376160255665,-0.04554400891573717,-0.008118805865725059,0.005414430516229459,0.004400966727549789,-0.015236564413907323,-0.0010719366795803006,-0.002944056368242777,0.027050466016529426,0.03671813319553837,0.0026145009178832708
2025-11-03,-0.004894071892846057,-0.028280864085254192,0.018038068618209252,-0.005705237869812616,-0.008042314342593502,-0.0015074686283697196,0.047689396831851624,0.004657412629473937,-0.01691830492781363,0.025538450543862383,0.0017192339969181521
2025-11-04,0.0036728825801045834,0.018371400799331892,0.013592039753298379,-0.0003233185823422173,-0.006084745335831552,-0.00523582904257145,-0.07367546481546441,-0.0011011400721306652,-0.00650242882900469,-0.052848572813666,-0.011806250392326715
2025-11-05,0.00037018397954444794,0.004067890486106625,-0.006088208474603319,0.00782697078634768,-0.02471631837584695,-0.014038489946731849,0.08553495405892558,0.005493521023298861,0.005019614778490941,0.03930641199562339,0.0036468976756877185
2025-11-06,-0.0013706039944364156,0.010417402182842551,-0.01232116333466519,0.005567120897077869,-0.008959114442854542,-0.02003535345157169,0.0034886620598010157,-0.0017058406431455031,-0.0013117606200815858,-0.035599264459215095,-0.011241134514722728
2025-11-07,-0.0048305427121975416,0.0005477404252288332,-0.0009099930689446095,0.0025173808048567906,-0.022799170906797082,-0.0005634072263488708,-0.0017218812914788014,0.023263888786827454,0.00603446069381144,-0.03744886561150212,0.0012610463474931072
2025-11-10,0.004538267036518442,-0.002055327216834189,-0.00781157727237409,0.00849318920257305,-0.013729673489517296,0.018308934606734578,0.06264009640099451,0.00995846846017565,0.01475931206466686,0.03592274671529928,0.015283626703501816
2025-11-11,0.021371261548658933,0.02910888831148415,-0.0018584796333575282,-0.004015879815729697,0.010933125326372077,0.005282370952023882,-0.04932128840215355,0.011611116300793882,0.014509327407528673,-0.01268032095842644,0.0020731999523923177
2025-11-12,-0.006487751089554257,0.03516944056869406,0.00015309675383084914,0.015062554036688654,-6.56025837643531e-05,0.004824391767340633,0.015596721254834162,0.0015146085005729175,0.018361962431557386,-0.020731107188327342,0.0006293191259445972
2025-11-13,-0.001903436960562969,-0.004038478694118764,0.012049690272778447,-0.03470778938489241,-0.002607091913438895,-0.015476922342647425,-0.03300081235970724,-0.02236961533546739,-0.0028290821335396296,-0.06875241071018368,-0.01669545163092778
2025-11-14,-0.0019802422957864835,0.00030133809293694114,-0.0022726760121075237,-0.01914978279688969,0.021528078854978216,0.013597020135189248,0.04085069670310238,-0.001310634229980243,-0.037120337209794796,0.005853666241942873,-0.0005018514712717733
2025-11-17,-0.018338397301833606,0.007033227105277368,-0.011320774705203079,-0.010728849772076882,0.010698976663600125,-0.005286587242164504,-0.019968738023675197,0.02204894745814522,-0.008370005003862462,0.011238716089416035,-0.009204497894305158
2025-11-18,-7.47637995860424e-05,-0.0005557006127357478,-0.019373655079679312,-0.0032010896333239994,0.008334239495557182,-0.027366657918495088,-0.057194894812281086,-0.013029057936511037,0.03387430989070521,-0.01893489628165649,-0.008290709844169318
2025-11-19,0.004179213098975278,-0.004113300251698413,-0.005017708618094581,0.012809467451722185,-0.010183878918087513,-0.01359982200959675,-0.011355279888496777,-0.004381109744315266,-0.03650721271743568,0.006805426562391663,0.00374680773726533
2025-11-20,-0.008638668653641398,-0.014966979097399245,0.003015879163148571,-0.016255550189590746,-0.003517523334930374,-0.016130733570459205,-0.11503690545697218,0.0003560947591000201,-0.040159352667523636,-0.021922199285516537,-0.01568972611631523
2025-11-21,0.01948948732721377,0.029332351266910188,0.0063828802871831285,-0.0012073146958899105,-0.01610302584763079,-0.013276759568626431,0.029360570726362122,-0.0030262082348122793,-0.012953801842307513,-0.010530198558583292,0.009775103041592069
2025-11-24,0.016185880529873065,-0.029070936538662086,-0.01444177249178491,-6.698885365101652e-05,-0.021320349503676173,0.003974214213768214,0.07682889638838043,0.008944139454556691,0.025181221447094147,0.0660172720981127,0.015348818899081837
2025-11-25,0.0037980518798046425,0.009928354647568912,0.00922241922272941,0.016639313176714444,0.002988527257097617,0.006288079705412228,0.0026758137376987606,0.007098047417807646,-0.02431874266544283,0.003870128654219355,0.009020886000832944
2025-11-26,0.002091988799439141,-0.018021647728491727,0.015455879931615261,0.015197488830821964,0.0038606730836848566,0.017683802879553616,0.025199756754102742,0.008334860803428285,0.01652928158507354,0.016974787220379935,0.006882969436149685
2025-11-28,0.00467286127681409,0.00017567699292719358,0.005851263909187222,0.01752837065397771,0.008113887087158817,0.01331982147428266,0.026654626139370936,0.008729592148435692,0.013475802216186683,0.008380619474776033,0.005340487341137372
2025-12-01,0.0151262172065036,-0.011439799752237035,-0.0017857740930432298,-0.013376374437189708,-0.034067728013883886,-0.010769020544935939,0.016690092436376428,-0.019188582050482798,0.014305033091517828,-6.97394621241348e-05,-0.005337548746055966
2025-12-02,0.010855696011275954,-0.003292716013438275,0.010981626913500377,-0.003372188940712489,0.0059704351692158415,0.006675349732992619,-0.0040421060286607744,-0.0008272853752418132,0.0020139262116795936,-0.0020945908399217085,0.002454221195936617
2025-12-03,-0.007153684504557431,0.025825777451170286,0.00024937026173487293,0.01370965631620816,0.011208498084065328,-0.025359684307076167,-0.02250698529244776,0.004364998048907756,-0.05054753220193953,0.039960567737700375,0.0029753605210852863
2025-12-04,-0.012215789741831256,-0.006667326668224293,-0.029043054042996556,0.012638893895108867,0.0034631012899781844,0.006488812662661286,-0.03259770444131843,-0.018534492438280765,-0.007143556419947035,0.017287167308555625,0.001079738711974404
2025-12-05,-0.00686355564689062,-0.011565964259397953,-0.0013179856952717913,-0.0033590274171098424,0.00855042184852321,0.004813305577848631,0.04558096567904013,-0.0031227577805534403,-0.02929535527015304,0.0010335035967348669,0.0019347688846794776
2025-12-08,-0.003197540392983899,-0.01317918326657369,-0.00803507978102787,0.0005394129055581656,0.028729709632428466,0.016137024080980087,0.04007648145687658,-0.03152748743419798,-0.03502359665675328,-0.03447772390855956,-0.0034833153316476935
2025-12-09,-0.0025582223487182498,-0.0005828061508543902,0.0010360659869109651,-0.04775790962736907,0.003239389136868409,0.002034460923044121,0.02202992259719039,-0.011361656327064427,-0.0008268923577584577,0.012636566806914386,-0.0008767431610132386
2025-12-10,0.005755762741702212,0.00977309796495354,-0.015917791036447592,0.03144579667059773,0.002246397118349343,-0.027737782748785963,0.043755567921219186,0.020260424303864075,-0.04224046851842553,0.014008389943790958,0.006726880659139976
2025-12-11,-0.0026938721785778564,-0.005343278689079661,0.011450524719252635,0.02317282517367252,0.014722076087115107,0.010207698642583593,-0.02010896866933554,-0.0007384523320917019,0.014775400353610975,-0.010152139695978377,0.00207719198371703
2025-12-12,0.0008986907156853279,-0.002951008262667077,-1.1349089052386471e-05,0.0035855219227433673,0.011244618437787504,-0.010270345009627218,-0.06936324673389375,0.005403417449134626,0.011623187813603025,0.026650529578487583,-0.010720913458554537
2025-12-15,-0.015098298686657966,0.018324702716184214,-0.027405175489361604,0.0046982441476575145,0.00864554767498137,-0.007783100806013461,-0.01521005885492902,0.0,-0.015029980279052533,0.03500417593015653,-0.0015978388918367072
2025-12-16,0.0018224664254049999,-0.016758692751033526,-0.00019753329561890556,-0.014066328419756299,-0.01531008548612481,0.0033010826256549314,-0.021234384028107536,-0.004049847026159232,0.00849535816855895,0.03019325551468915,-0.00238676400843967
2025-12-17,-0.010138247658845124,0.0028572086010275593,0.0026232899887439756,-0.0018080768714039638,-0.004769642169555331,-0.0005669788742274988,-0.030524388876555293,-0.012746922834188077,0.002323630322992605,-0.04727460429487326,-0.01165985661137129
2025-12-18,0.001286746577224654,-0.006664668215094701,-0.005882989639299085,-0.006305831983255496,-0.009842052827429055,0.016373686322175084,0.09723517369089764,0.006950485035703676,-0.008369145853426522,0.03389652701091261,0.007902951520479156
2025-12-19,0.005422681951884745,0.01779247947943932,-0.00229979592132903,0.01336064980495706,0.008451029901426679,0.00400041265745044,0.06755154235244218,-0.016335502322862388,0.004140346600575626,-0.0044993863680713635,0.008779407421828872
2025-12-22,-0.009914939859583293,0.004794061094967713,-0.0065899149131425335,0.01836689313213553,0.019714519805430743,-0.002060026788581246,0.03934065261324491,0.006266454467898722,-0.012365534554967321,0.015527202757109204,0.006415870575561936
2025-12-23,0.005116600880012278,0.0038536944223973,0.00561942238791704,0.008751792862432993,-0.002111594535533102,0.00397214761063837,-0.0011575601871458335,-0.003128318685530849,0.0028918419790292128,-0.006507353223946919,0.004540067046788208
2025-12-24,0.005309660095674185,0.004796462226478199,0.019773061020122894,0.009891715088425703,0.006609553626403591,0.002400221534646221,0.03698790470815232,0.008237627856550193,0.0014961998100042604,-0.0003295782832779731,0.003216304344700708
2025-12-26,-0.0014984030103084444,0.00039127870560670393,0.0017074940519106378,-0.003835191346630759,-0.005615280479822633,-0.0006353561311843441,-0.006614437592745831,-0.0004971957631630484,0.008824700597992863,-0.021258551524587485,-0.00030440987710828846
2025-12-29,0.0013159300206065142,0.003732543143711119,-0.006328951945208288,-0.012767537556005815,0.012017786287866735,-0.0012515348656507654,0.033489244285292465,-0.001742708652832641,-0.0033930653925848377,-0.03327112293491262,-0.003498162923937312
2025-12-30,-0.0024872503984942067,-0.00477654096512589,-0.0025266895769615965,-0.0010197253785205723,-0.0017811553398549113,0.0007798461292190305,-0.005928507397996862,0.003233841102799338,-0.003937670665281337,-0.01139973602177475,-0.0013766142506534472
2025-12-31,-0.004477472540670465,-0.005455822482473179,-0.003831074749697026,-0.003717336683380555,-0.00891251162825588,-0.007949807912633325,-0.024982243849487017,-0.0031092543107136025,-0.00021325203204188765,-0.0104187006411069,-0.007384867434248815
2026-01-02,-0.003131377948914837,0.0035823567184813825,-0.009133160785392292,0.01006647108593755,0.02732798844377574,-0.022330964886835367,0.09997847864591672,0.008064077964099805,-0.02998876172177114,-0.02624643791802105,0.0018929140261155547
2026-01-05,-0.01393373781601678,-0.04062939409953412,0.024552750995116286,0.025959837358100403,0.02875356115968204,-0.00019031417583016398,-0.010421349351835833,0.0048074161422387175,0.0051521213288106835,0.03057312274344065,0.006334024511051582
2026-01-06,-0.018504424048275635,0.016888073612586502,0.015140410982255005,0.006205359570892412,0.02025970515548851,0.01189892113605505,0.09549936716904404,-0.003325667913110767,-0.008895754186268803,-0.04230652917497186,0.0061775920038938375
2026-01-07,-0.007767586346101093,0.04150588705469404,-0.007360184174310287,-0.023036113384685624,-0.04941575185396526,0.010312111434744248,-0.011362013941607726,-0.033625046512255834,0.0008821461471938105,-0.003586402728205757,-0.0034458535710101927
2026-01-08,-0.004967528026699398,-0.04061312176516942,0.036413315280344534,0.008526606258458363,0.042495862392853044,-0.011148447616020766,-0.037599925453171215,0.014189886360008256,-0.0022068261773083102,0.010124471981728621,7.654532942294603e-05
2026-01-09,0.0012730781005779077,-0.0182351299914393,0.01040125406089343,-0.0018209993893160631,0.04613771853606596,0.0024441728912703835,0.05378391456443591,0.005019487350459286,-0.011889686232613982,0.02091338126870214,0.006454611138321038
2026-01-12,0.0033870509285561217,-0.00018183062471068535,0.01948708098452228,-0.014380347466553112,0.015208279154332233,-0.004391217865887232,0.002257784312572568,0.01527887894224149,-0.0005590140649358909,0.00883700211279967,0.0015763900591805138
2026-01-13,0.003069277518178039,0.00322160531985972,-0.0012201767643043645,-0.04278342356899576,0.012726207084024626,-0.013736507182654508,-0.022632559912595482,0.0063898125739840815,0.01012634275674175,-0.003927828743923437,-0.0019410055882070072
2026-01-14,-0.004184200562639289,0.005150859248744384,0.009562046907517238,-0.009793751259905982,0.025465595234776383,-0.02427942109519256,-0.014237430436204465,0.004156008122591438,-0.01979151777006806,-0.018051031148363036,-0.005347633584135448
2026-01-15,-0.006754488045120549,-0.023437152680580775,0.0060490980606841506,0.004504793022612319,0.009021501010379457,-0.005938635536979807,0.009791470829538518,0.002558352342216601,-0.005662529090922263,-0.0014354670972459708,0.002576603920444464
2026-01-16,-0.0104334609449757,-0.003120793676038526,0.007144570644685378,0.01032607894635446,0.007825424700142771,0.0069829161120922465,0.07472938270554307,0.01736853554297163,-0.0005680551233812557,-0.0024427450941923528,-0.0006425086684515026
2026-01-20,-0.03516675157780259,-0.001447351330831224,0.0006743408431178534,-0.03163414819950337,-0.010997191364439869,-0.011680223052395683,0.0061834865523042815,-0.0014358194455894122,-0.00844462230153222,-0.042609305094350874,-0.020842460953261224
2026-01-21,0.0038434513252299496,0.009809683577033775,0.019105677287797485,-0.0023147430832682497,0.01750040941558494,-0.023169670533137062,0.06396470459174612,0.004063041673050385,-0.022014578032853435,0.02866105598439217,0.01152111763356032
2026-01-22,0.002822574664753265,0.009026934159742258,-0.006829948520848507,0.005250256375453734,0.013015541348015353,0.015705520178247077,0.021534111592088248,0.014444970725635558,-0.021552044115642193,0.040695858938020815,0.0054725007079021405
2026-01-23,-0.0012490498169329728,0.005258696976000662,0.007226683642601648,-0.019656330235491997,-0.0052163749943639525,0.032300585451473816,0.005193003861509222,-0.003060993598464792,0.030416134360482395,-0.0006678119583802994,0.0003268164274822459
2026-01-26,0.029280156810427234,0.006863255918300289,-0.005691239810185246,0.011089756398072094,-0.015625354700424966,0.009249904782276927,-0.026778517374290545,0.007752008277235459,-0.004888914394703592,-0.03135078007637384,0.00499359426016032
2026-01-27,0.01113537016267108,0.014212010859855021,-0.007587476292708552,-0.0024279625603488807,0.022591405399424617,0.02166550821931283,0.052931703104178836,0.019465364673470386,-0.001401157609461954,-0.009929693133760457,0.004073587840441241
2026-01-28,-0.007110802091642614,-0.023769756098427203,-0.00983920732132703,0.0015304477762258923,0.0038918414786166884,0.0021824219748765978,0.059247215176785446,0.00480766500155502,-0.011044671485654096,0.0012987560805733547,-8.172639170147053e-05
2026-01-29,0.00714951195007178,0.008016417373355454,-0.008246023982912154,0.0186110134055129,0.04139039978836656,-0.10528434928615048,0.0011709671350626884,0.006941668425881973,-0.017640453872120793,-0.0351442835440217,-0.0012934674424623016
2026-01-30,0.004635516244257892,0.011636451538405718,-0.011988449612748708,-0.0017311372082860605,0.018636222163480074,-0.007432400683403792,-0.04917123700277065,-0.003180322060535246,0.003960331592525699,0.032707748293060876,-0.0043111794144580756
2026-02-02,0.03977922983061694,0.011724228049462857,0.029458126374265224,0.007328600953698427,0.0028027017047571345,-0.01621288172015588,0.053772883250046075,-0.018022607986479817,-0.008781959929549539,-0.02018328139266714,0.005376785277364613
2026-02-03,-0.0019647246882501424,8.863723193629463e-05,0.009823942396142092,0.021542138345198095,-0.012244435870716162,-0.029142520112481862,-0.042841743124944626,0.028434603237285815,-0.034668494866036126,0.00035553266889641583,-0.008439495590663714
2026-02-04,0.025680287047938025,-0.03862534279949868,0.0004396176216175024,0.007656813482897179,-0.04143501239060286,0.007220868463188697,-0.10032942909783592,0.01286443463143384,0.002748299197890326,-0.038532688670109685,-0.005085300155013826
2026-02-05,-0.0020997961220096443,0.008758923412255308,0.01112001936176591,-0.022664883328897042,0.010594597660665289,-0.0508118658368591,0.009156786816035205,-0.008483133536084386,0.008818278049107975,-0.02191272731756527,-0.01232667785383289
2026-02-06,0.00797784107081465,0.01993506201723665,0.011927074826100876,0.03870475774615286,0.023363301703524603,0.018797518997179397,0.030352857342625123,0.002910239274291945,0.0163123038654673,0.03439569638292661,0.019504344282200718
2026-02-09,-0.011729000497211482,-0.0007611231966179063,-0.003572167296261525,-0.0009309078897587004,0.02331564717259577,0.030588820346685523,-0.028760979383340872,0.0001117765239900627,-0.008920395630107958,0.014992548192064116,0.004680117860123293
2026-02-10,-0.003428831498793266,-0.003679584675130989,-0.02677909315614085,-0.011930662750366815,-0.013771517590538625,-0.0007982280148395168,-0.027091237718317375,0.014974505040609584,0.009042068721576509,0.018729813289406434,-0.0033091822845107053
2026-02-11,0.006628103245317512,-0.006992562004470948,0.007089537028841723,-0.023717540387654817,-0.001366931020162637,-0.021770891178542195,0.09473765258397274,0.005818144386374342,-0.032011585959292,0.007170667714086594,-4.89572699497733e-05
2026-02-12,-0.05127407257936166,0.029485419047978946,0.020961782016979118,-0.026669835860967567,0.013790225884352234,-0.006276264375390111,0.008807452063199384,0.006219666480404207,-0.04837580776178695,-0.026499721174377204,-0.01578494138611745
2026-02-13,-0.022995839415095466,0.017429627685975134,0.01945195116817285,-0.00029753461935999966,0.02348933457044192,-0.001294823159871587,-0.00559569244457289,0.020137463702534025,0.013226174784744665,0.0008867362574486323,0.0004989646444475858
2026-02-17,0.03117681438621338,0.005857566358088923,-0.00633331436634734,0.015024590848798631,-0.004607800839959689,-0.011175591191809244,-0.029283479872050176,-0.011688604048994059,0.0016897027624235893,-0.016448249621048336,0.0010307906306565179
2026-02-18,0.0017795532383034164,-0.01793888907502339,-0.015905657645359485,0.005357871770775795,0.00035405339323083413,0.006880453544403101,0.0515997669813385,-0.016202117127691488,0.012775164097640738,0.001678940551719039,0.005550636821134019
2026-02-19,-0.014364224365880748,-0.01929122117193728,-0.00832709572129297,-0.0023670305321947045,0.025375094959484645,-0.0005770287920214309,-0.008588926457355917,0.00459365143884164,-0.01277516409764069,0.000947679089765262,-0.0028261153915347848
2026-02-20,0.015233823534795543,0.002048233171890255,-0.0025848003814665558,0.008855479136574062,-0.012455117865496853,-0.0030916176909677397,0.025595087601237517,0.0058753686807728606,0.021456443212334277,0.0002671812076260135,0.006915755702175204
2026-02-23,0.00602904668779855,0.020560282773646625,0.0007609729596111841,-0.04313195799520826,0.003578748460163337,-0.03264977069912112,-0.01695872207388159,0.020189645991132838,-0.034265445663474656,-0.02954695527872473,-0.01043995947145646
2026-02-24,0.022144036649487702,-0.004542242406783908,0.012507355158231745,-0.0012438296284315005,0.005750762081551857,0.011713641833520843,-0.007056169730225954,0.017076446119289893,0.026225108083880806,0.023604408796446652,0.007622488962383376
2026-02-25,0.007650520846136862,-0.006676054369442237,-0.003682533594768456,0.019980716469079444,-0.025810741827945356,0.029384055394936336,0.02595150928034548,-0.005975168542134754,0.05799803764167521,0.01940114803767631,0.0081034339701294
2026-02-26,-0.0046786052410885525,-0.00987587062031136,-0.008094903773682702,0.009287483425649617,-0.009106990956239366,0.002791917205408831,-0.031829889740384164,-0.03335431707164686,0.02259644789536066,-0.021357279325286554,-0.005380026995566101
2026-02-27,-0.032657957379533524,0.032360452944154613,0.024080885255503344,-0.019227938861463983,0.025314704900053806,-0.02260753692228252,-0.007706006640835749,0.025960612099525368,0.12902903644605476,-0.014967735162802963,-0.004348795128037643
2026-03-02,0.002041924719824955,0.009349471549164158,-0.007966014940438271,-0.009166031826472012,0.03315786328720259,0.01468509769894799,0.0007273291767035578,-0.011368607888161375,0.008793296193829804,0.002010344152525457,0.0003982754131349892
2026-03-03,-0.0036708976244395467,-0.001708982953444612,0.004973779867965339,0.00903284313298966,-0.0132093741622421,0.013408647831676312,-0.08331958461401096,-0.001295226835651164,0.006263182149385641,-0.027372150980348144,-0.009488908731312503
2026-03-04,-0.004674468498819032,0.009913953521647523,-0.0010225770978597546,-0.002901611774074465,-0.0050139366258385885,0.003139220615922468,0.054058852985650226,0.00010802026589337108,0.009778105111342597,0.03384721273919843,0.00772612574014956
2026-03-05,-0.008530831338801404,-0.016391668776890595,-0.024301047317833217,-0.01969920234007789,-0.014369514853906053,0.013433508696627289,-0.0093254004951742,-0.016002096805088746,0.005155897810164323,-0.00096123102727329,-0.005662707772703004
2026-03-06,-0.01093213459894777,-0.009687481049845013,0.015681831071696333,-0.01396170454436624,0.025280813472472713,-0.004196959457124567,-0.06974871484232646,-0.0012078026616499857,-0.0015137147025320707,-0.02198816416611494,-0.013365720432496335
2026-03-09,0.009355669414157603,-0.011626992853078355,0.0071878192847519545,0.0015189002047436512,-0.011407984769350742,0.001099767241845775,0.05008815158460007,0.010818064304421582,-0.0070943538778291204,0.004903095477786746,0.008269871665388671
2026-03-10,0.003648874557014285,-0.0019363929697883764,-0.007929527898103037,-0.004113092137313458,-0.019660582578628943,-0.00895519345973096,0.03480781064014106,-0.005121244784755268,-0.014135206551931585,0.0014036436297643494,-0.002137402505887721
2026-03-11,-7.670972662595488e-05,0.002947075808224837,-0.0051568445175423465,-0.004199734075961804,-0.002690881201193722,-0.002171161078240015,0.037921342790355014,0.001310073807279859,-0.021373936048478384,0.02126320318819362,-0.0008379521856348736
2026-03-12,-0.0195526595655038,-0.010197668828516917,0.01111488820694678,-0.016234141178046287,0.005160184095851359,-0.007486996517855703,-0.03237994499431911,0.0007633970832059794,-0.006131116884707675,-0.031914812787204434,-0.015344808189494536
2026-03-13,-0.02229865363447962,-0.025571508826778645,0.005080169058993982,0.001942306825587805,-0.010517280871800677,-0.015826551578986114,0.04999361445027994,0.011381570049260568,0.010547508665349805,-0.009692136394107657,-0.006077546398501344
2026-03-16,0.010737011185857437,0.008024867818055321,-0.00665623013813917,0.009550584461822866,-0.0012391386117849455,0.011062368643045354,0.03611282587035402,0.0004310443585728398,-0.0011548015930686177,0.011083506865035645,0.010079909746818997
2026-03-17,0.005561553592463054,-0.007660820009985527,-0.005585864243242129,0.0025478674235575463,-0.013843041614694206,-0.0013511210133194,0.04403640216743201,-0.003129227456779326,-0.00886264873323595,0.00933537602077204,0.002491149384952951
2026-03-18,-0.017018440434935896,-0.05336466969121064,-0.016436974721949476,0.0029583516932415376,0.00930706773922802,-0.019262435829129988,8.66365731875464e-05,-0.01711306369131069,0.0035967069586971237,-0.016388196671314647,-0.013700999383730839
2026-03-19,-0.003928637969992818,-0.010179295252309295,-0.0052590849850799315,0.0007989451438162021,-0.007454412792900925,-0.007095289098823652,-0.038547880577459254,0.015815398151761445,-0.031755502083178906,-0.03228927274343446,-0.002752582623899739
2026-03-20,-0.0039038546496206693,-0.005640572053076699,-0.002516511333882352,-0.004908211151035378,-0.01593787917732162,-0.01855045253982266,-0.04929670888726777,-0.03199661224806809,0.0008716696141233494,-0.032986169449252166,-0.015253934307770224
2026-03-23,0.014014812591042392,-0.0006830357597711054,-0.006811041644375762,0.011622475968344073,-0.017979373968228216,0.0029547673243715392,-0.04485492623979872,0.008123377929783635,0.01684702463238727,0.03443139945829688,0.0113881090950741
2026-03-24,0.0005962460475602484,0.0013167211813378756,0.008342220709342898,0.008552216779579985,-0.009915146499718256,-0.027153937768180758,-0.02205420453360035,0.015287615225976865,-0.026697181284675055,0.005707699063017406,-0.0037495954593205535
2026-03-25,0.0038868788463975487,0.009602821148258158,0.0010674099336817904,0.010275454764177187,0.02273327053577922,-0.004571152690792659,-0.03457043240187263,-0.005033373886760036,0.014847441232143177,0.007594547116542637,0.005404493759949214
2026-03-26,0.0010682625170895263,0.018838689960782973,0.004901515910147379,-0.01280937241443384,0.005001895816047801,-0.013758534009891197,-0.07224343376531911,0.0,0.011207023805721111,-0.036518388902705916,-0.017559440961209507
2026-03-27,-0.016305280196262602,-0.008180360557682273,0.004288201992759466,-0.030707409764835016,-0.01848551206570683,-0.02546012506735926,0.0049390619614593685,0.002629250604811621,0.0011780521882001416,-0.0280150189690427,-0.01686323194605131
2026-03-30,-0.008760109701824332,0.017609088295033496,0.012845836658924522,0.003282672939755061,-0.02844374368393065,0.00611966014484149,-0.10400164563888577,0.007086445677727068,-0.004935622473379676,-0.018268243604687585,-0.003953553833355896
2026-03-31,0.02861786495948073,0.02029749125224341,-0.00015058502925595701,0.03595979399902107,0.00967621970485204,0.030751447801748214,0.048642279776453995,0.008976366985990275,0.03363261430672198,0.045315377792307994,0.028714893309798716
2026-04-01,0.007223978636376895,-0.011607878361573966,0.00013046744565918596,0.004138821976746752,0.02168607800522872,-0.0021635289281511007,0.08510279573145141,-0.00032303645343051646,-0.006259785279425216,0.02525999735964806,0.0071429450037592815
2026-04-02,0.0011338123573076417,-0.02897657672562139,0.01829520615806366,-0.0026441735436960176,0.00830356086153304,0.01101201335750153,-0.004386442984800487,0.0032258420635682423,0.032029930298934,-0.05574001402961767,0.0011202481362370179
2026-04-06,0.01142239161475063,-0.010348316997097798,0.0035307640925890623,0.007985826785513652,0.02397222148947832,-0.0015542218182786648,0.03097027495173735,-0.004519032415182383,0.0027328994958231542,-0.021783536042954785,0.004417013131605809
2026-04-07,-0.020923456036972127,-0.0015494143369916538,-0.005256490847418443,0.006578412169908947,-0.01611920474973957,-0.0015835039189674074,-0.00047666049559205275,0.010085866659813756,-0.001112522090490639,-0.017642424845982326,0.0007589600331270599
2026-04-08,0.02107802518992581,0.024979752648972637,0.016697391919432834,0.03492429647888253,0.001273663259578264,0.0054646202714657,0.07436716413279935,0.005323692404723241,0.005751488509533254,-0.009856563133277247,0.024772038357183543
2026-04-09,0.006122567123347408,0.0038208212878294997,0.0017068290865076613,0.007633806144905957,-0.0073940225252618905,-0.003371654917970858,0.035693959252142256,0.003286567341901294,0.026411420321449847,0.0068808468500743715,0.006151066869514015
2026-04-10,-3.8345556912621514e-05,-0.021221667218964003,-0.03305894759824667,-0.0014833255164648355,-0.016403255164585684,-0.0059144890165382935,-0.0021850199833543895,-0.004242703806675046,0.009363172473301472,0.009588788947183922,-0.0011391696991393636
2026-04-13,-0.0049260673756055485,-0.00709443351519563,-0.017804578078969607,0.012220485822152918,0.00968060659672216,0.03575403655529446,0.014094558115486615,-0.01910132904078688,0.0014551248787686708,0.00989500379675574,0.010121875493741075
2026-04-14,-0.0014286068821369137,0.018189678714239856,-0.006187185003154174,-0.008194680751405403,-0.013173556585042417,0.022483811465560243,0.0877027297071536,-0.010783890681578607,0.029795892893426323,0.03287951656879651,0.011713988916143619
2026-04-15,0.028940120889102108,-0.0005276441477816611,0.010155505385266746,-0.01682235070371428,-0.0007852284022758433,0.04503888343389864,-0.02045870357096832,-0.0007669098878159572,0.013365312456864674,0.07343111096819813,0.00794414491156507
2026-04-16,-0.011437796552710188,0.0027311644356252454,0.0024949659242066344,0.013054716392694827,-0.0059248738513546515,0.021745251113201896,0.0021894808055187495,0.006445687562167532,0.0007424764244076467,-0.0078120863116936485,0.002606555815286028
2026-04-17,0.025599724502604514,-0.0029230707982103163,0.012762483685237254,0.0010963345559705288,-0.025508164638011355,0.006002043749179862,-0.004735293470206686,0.0016321370430757588,-0.10228316454221555,0.0296911094422974,0.011968553928737802
2026-04-20,0.010381401662850636,-0.02266591262885728,-0.0020522973858292473,0.021362883546273116,-0.018594914586977485,-0.011226740924225573,-0.01472098075573518,0.00032609140352273035,-0.025815899540493556,-0.020476797687229584,-0.0023771959102520377
2026-04-21,-0.02551957602598669,0.006897703140210567,0.00795550609984794,-0.012667040147730398,-0.01618102255900348,0.014461871447776973,0.002138599599430455,-0.015443093804639428,-0.02401267882324361,-0.0156116416401595,-0.00636845358085314
2026-04-22,0.025959122658055597,-0.02278090318101796,-0.0021000060400198574,6.385450264070844e-05,-0.029309020962915863,0.020442188268340603,0.08138041750703223,-0.006644525876737942,0.007103635875256623,0.0028167845306925577,0.010405756011537825
2026-04-23,0.0009512419139857489,0.0022418589619336363,0.010584381158609409,-0.0042578849925245695,-0.04726191521322589,-0.04046886377167461,-0.011886252822004267,0.06713930283762852,-0.004514660731255279,-0.03623482292188371,-0.004141432170939999
2026-04-24,-0.00870548556450589,-0.011209596503569428,-0.00318925266821547,-0.01100066621441083,-0.03132798271953823,0.02111053357014146,0.030663428346420583,-0.010129060932594684,-0.0041023187083142456,0.006879807968652782,0.007942067917632457
2026-04-27,-0.012809554739298108,-0.0067156797229953255,-0.01308029003462739,0.010808076207741784,-0.00019485123217676415,0.00047093907199736843,0.05453328031788565,-0.004734078030850631,-0.011642584746365106,0.006278483691632188,0.0012316180005498539
2026-04-28,0.011517520751980868,0.0015693300755230516,-0.004026111395583546,-0.0005776973848079748,-0.0020669981356733285,0.010373913089718178,-0.03940824465004311,0.017560817849405684,0.009801798138300519,-0.007022844604162197,-0.0049061878687959495
2026-04-29,-0.0019966978339397375,0.030880470177833432,0.004687161578375171,-0.007088869541220571,-0.004852725554699482,-0.01122176316871562,0.02771142861113203,-0.02454501197602253,-0.0016269204410802823,-0.008600254179982027,-0.00039925174351248426
2026-04-30,0.0043581493936293405,0.03579297722013844,0.01575641306029891,0.012787757483226312,0.01587916646719332,-0.040089887405449304,-0.0025107014437028953,0.03864057043593168,0.016045117136059692,0.023409515563600516,0.010186184168105012
2026-05-01,0.03187991038650981,-0.022589020727279974,-0.0013434150652010261,-0.0024292809532104396,-0.010089829318748599,0.016200380815886175,0.04730118121359987,-0.009546860302749214,-0.016696710034440693,0.02379554904158833,0.00292404968652147
2026-05-04,-0.011885962197690256,0.007522446128749488,0.0010767807505931454,-0.015545747384606946,0.010437383103249416,-0.0019805564528877612,0.061235233745253574,-0.014964373797804619,-0.011361286162145188,0.004314924812415465,-0.004070462487840939
2026-05-05,0.026204338554427865,-0.009897022540460798,0.003577755702757804,0.005672182198308184,-0.017954354604186217,-0.005430265418195371,0.10489197947800083,0.008029623822983722,-0.03499320007516082,-0.008032003657369561,0.008087227380575185
2026-05-06,0.011649801728447845,-0.00525370587531913,-0.020545689669302713,0.017620215107473358,0.010418524984721268,0.006251935224948011,0.040394602846275544,-0.009286855477562164,0.004314235369792054,0.023754487827164997,0.014482944327746904
2026-05-07,-0.00024353676707370125,-0.011379884588432516,0.016246912153396954,-0.027788100651294837,-0.003603959703363635,0.016317029709620266,-0.030400962216958632,-0.021939300875609306,-0.00022656518844578285,0.03222900776203085,-0.0038103454826786936
2026-05-08,0.020250074126795237,-0.00573891464812724,-0.003236284162417074,-0.013708901199919597,-0.011580947314461071,-0.013518725545446366,0.14403647938012107,-0.0023602759896770784,-0.008649219112086319,0.03942710124226755,0.008390405429031966
2026-05-11,-0.0012634684139431265,0.00608413679997636,-0.009281740882652883,-0.006975695828254186,0.011268701008322935,-0.005943620767689755,0.06294636653057975,0.018517054690306352,-0.023593102853679847,0.03813364950728898,0.0018781917406753333
2026-05-12,0.007217281916175962,0.024743137592040537,0.02217424264819189,0.016135812931797267,0.0169372546343577,-0.011920778009659372,-0.03681801421469637,-0.0026394990741806625,0.0255343629193098,-0.026297804689101322,-0.0016038944114079717
2026-05-13,0.013711560991706276,0.003074262142221525,0.010900516101439675,-0.015302751160139258,-0.002036616755041578,-0.006297779830460884,0.04719983362001147,0.0027449567842686333,-0.001141491994954247,0.02690433759547956,0.005832206062995343
2026-05-14,-0.002210772244144634,0.010828470580825493,0.00787732556134019,-0.001133015411396599,0.0009034858386564116,0.010360489291041258,-0.034973519366229576,0.008712613098129015,-0.007105991129842601,-0.004434100858338372,0.007626449143738461
2026-05-15,0.006750976522238501,-0.0018045635038011856,0.0073677027874062976,-0.007026813007544652,-0.008490746772981717,0.030049788861924314,-0.06846290783581223,-0.02454629887595412,0.0009196850738049823,-0.048672864587404434,-0.012440381787730354
2026-05-18,-0.007992466908238653,-0.004668878040071436,0.02589752484090922,0.009757209291206721,0.023557063944994065,0.003832278848626929,-0.061347600045348796,-0.04737727726642143,0.029775278355584456,-0.029441104289050234,-0.0007359385925655567
2026-05-19,0.003786820722815226,0.020559794374660587,0.01644597459025529,-0.016867440023781054,-0.003185004061049871,-0.014555068940400357,0.02492381688492933,0.01139037051526931,-0.003575818860149041,-0.014445663458309575,-0.006700720556670582
2026-05-20,0.010911251503184886,-0.006853481566516922,-0.018733800594519665,0.02101544817933584,-0.007700954749099145,0.008682378065394921,0.04648811941781014,-0.020075826762909643,-0.013978420662051825,0.03202247022638431,0.010734208066325955
2026-05-21,0.009024467670268961,0.010309355284118893,-0.022180718818523234,0.0033719680731615523,0.0003825425651523177,-0.002526090592902171,0.0403108974473076,0.015959046348554922,0.013642544507330972,0.0014129789484986274,0.0017138609316666425
2026-05-22,0.012479649444335736,0.005578800878880263,-0.02137000398212201,0.011093342450438514,0.019791774167726872,-0.0012415277754476936,-0.014672094009317325,-0.012791908657896887,-0.007869681667746861,0.019340312041325056,0.003720045284340991
2026-05-26,-0.0015880121843198519,-0.012033174806022584,-0.024922884708939292,0.001174264026317696,-0.000637750815398056,-0.006086787367366893,0.17640082893617903,-0.01021576991649423,-0.010438013708656994,0.017636535587117294,0.006089680623147164
2026-05-27,0.008139905925081868,0.010641371945631306,0.0007575024706383691,-0.024620894478387285,-0.003308167561627322,-0.008109095484610435,0.03566693266656291,0.0,-0.0037708075687654065,0.015493162254673815,0.00016486555361860245
2026-05-28,0.005325999563197865,0.014884089235915601,-0.008494755815334992,-0.008556887250948752,0.011363452863506332,0.03411229625288361,-0.005280960463927135,-0.00457406769347929,-0.011398406397370426,0.003943573700417892,0.0057372272122164095
2026-05-29,-0.0014410307239461104,-0.004170986449720045,-0.0398511415161254,0.008657160564949532,-0.01266339450032949,0.0530201813564115,0.05013403095880588,-0.002754481953052628,-0.003944824383579218,-0.014375619088440037,0.0021699047314878454
2026-06-01,-0.0185978161231111,-0.0222464003717574,-0.0107337668557444,-0.009162885581194609,-0.026650437358182448,0.02257550971290651,0.06431324077558637,-0.039262069341712995,-0.0019782187608479397,-0.046763726698806594,0.0026218560604907887
2026-06-02,0.02860974364520492,0.011533297585561885,0.00858784486218918,0.014660351758215043,-0.005961602125509124,-0.042608691140752344,0.027244833747665183,0.023858419913531305,-0.029792919202055217,0.018723267699191404,0.0012912549125880068
2026-06-03,-0.0157967095998125,0.007999538607087674,0.00789106689993307,-0.00036542992595152884,-0.002730412144118206,-0.032167630063060046,0.014433471475381822,-0.012921576008169563,-0.021960302632445753,-9.435010681166908e-05,-0.007399348892067432
2026-06-04,0.0031215368741391546,0.03533743583581593,0.010878059201509,0.03282731941213016,0.013616919831162462,0.0016600419254275758,-0.08057075815712432,0.012921576008169566,0.0004905680371817453,-0.012468248792164637,0.0040467623691873905
2026-06-05,-0.012577609274253502,0.010128990751878958,-0.0004937512068941816,0.004749216223855405,0.00903338865683618,-0.02694540884818325,-0.14216293829238902,0.0018656259591015244,0.007573051396381757,-0.06784987766553562,-0.026801330315360895
2026-06-08,-0.01905190902330898,-0.018477045198929565,0.0029589822270172034,-0.004041882785132528,-0.007070150794673751,-0.011902515359320368,0.09411946963377248,-0.021549190855360324,0.005581850256947644,0.04488536904530807,0.0029737052076611974
2026-06-09,-0.03712706918079524,0.010479664308660661,-0.006339594399747305,0.005097770013067561,0.0191588367152776,-0.02043863488144832,-0.014205852572168061,0.009713410599589653,-0.014995656856297852,-0.030463037176546175,-0.0025797185926219454
2026-06-10,0.0035387281174611347,-0.0020871789702759896,0.01514400967781753,-0.01145002339481894,-0.009685874393591587,-0.015110789647077107,-0.04816635608666443,0.003412782455876847,0.007221086694835443,-0.0387831676710731,-0.016332095868206012
2026-06-11,0.013794324313997033,-0.0008004655559169104,-0.00784052762912156,0.013973159341883886,0.044078985956330724,-0.0178244891134849,0.11028512173276377,-0.0032949713289203656,-0.008942343805078731,0.044990546617469984,0.01736719891346488
2026-06-12,-0.015338769356976291,0.013083021770824104,0.006802719967803833,0.0228010883052494,-0.015335284615802074,0.0010242073496361669,-0.014422651647655686,0.01346389904843756,-0.01150932011068026,0.018074423616042716,0.005012928127161434
2026-06-15,0.018007493246393634,-0.027331886961102187,-0.002956433386900841,-0.0041242535490580295,-0.018624102018888637,0.022822039293822094,0.10289310560142804,0.0015107188086340155,0.01641913160152725,0.011546402155351725,0.01639328413858115
2026-06-16,0.009468481540986734,0.003963455567484789,0.007354562556550603,0.03609700380331456,0.010484902287248032,-0.014945081454071895,-0.06378445705201312,0.0012764795055678758,-0.036789446699124054,-0.015910879171028017,-0.005700396039273383
2026-06-17,-0.011055331985774613,-0.005589401532496792,-0.02160642336209515,0.006981595563343599,-0.006796069884746133,-0.03862059048154452,0.02173584285639124,-0.005815322046518457,-0.02261147378959168,-0.020673857986175808,-0.012222675603360274
2026-06-18,0.0069365133751416366,-0.021658482636498475,-0.014752191709073811,-0.025021004563508302,-0.04097306408014825,0.0012923218845768704,0.08345904056632747,0.011827556979258292,0.005442519316332916,0.010315413608767319,0.010787813962926182
2026-06-22,-0.0033612346094813285,0.06057837998353574,-0.00010514675407572931,0.01906562392442834,-0.03454627699258539,-0.03230320168250443,0.0660178840537027,-0.007753301141948375,-0.05991409851229798,0.01132171311591987,-0.003711932684976348
2026-06-23,-0.009166227388095017,0.020440929934441455,0.006631682471373346,0.0079925927086734,0.020195833419716917,0.017807523534874563,-0.14128573925467466,0.004057723610427811,-0.0008235767088769166,-0.059611379843779726,-0.014466928386098657
2026-06-24,-0.004154050285409865,0.0005536245622168879,0.0035543996780275176,-0.0020670898451318684,-0.024174547234374184,-0.02293855257082976,-0.003104372188164387,0.013674472436823532,-0.013549265538430867,-0.016060748057995154,-0.000983415367731934
2026-06-25,-0.06312918215256177,0.03452008976407206,-0.019808076141269407,0.004995642558455251,0.026851239555468094,-0.03517049422135125,0.1461881132819663,0.0009125508481708328,-0.013170917958387061,-0.0010923964729650014,-9.921104004703284e-05
2026-06-26,0.030882904454319803,0.04113454939579896,0.010872068970324542,-0.018278986678531093,0.004701624438883533,0.05551167425391712,-0.06928074837034713,0.009758396252117623,0.04022373564541098,0.012161819203993191,-0.0004717686829183932
2026-06-29,-0.00721466060725805,0.0037820296751464953,-0.006170958644063583,0.0010328228489229123,-0.010560068346495864,-0.011867317971901738,0.011371682557313906,0.0011286097894378179,-0.0004065150817039805,0.08122713454703766,0.01168156135934559
2026-06-30,0.02668691184994011,-0.010554493411971028,-0.01191207368874244,-0.006273683348712328,0.014611757677135429,0.01200133530108292,0.007836333258961223,-0.010089152264908398,-0.03278978490696134,0.02104736226435513,0.007888998838148293
