Date,AAPL,ABBV,COST,JPM,LMT,MSFT,MU,NEE,NFLX,TSLA,^GSPC
2021-07-01,133.80418395996094,94.72412109375,373.77899169921875,137.81423950195312,334.447509765625,260.6537170410156,78.11823272705078,65.52803039550781,53.354000091552734,225.97332763671875,4319.93994140625
2021-07-02,136.42628479003906,95.478515625,377.9571533203125,137.68186950683594,335.5646057128906,266.45977783203125,78.3327865600586,65.60752868652344,53.39799880981445,226.3000030517578,4352.33984375
2021-07-06,138.43426513671875,95.94278717041016,377.88128662109375,135.36997985839844,333.08404541015625,266.46942138671875,79.06413269042969,66.35829162597656,54.16400146484375,219.86000061035156,4343.5400390625
2021-07-07,140.9198760986328,96.78836822509766,383.3951416015625,135.52880859375,337.3150939941406,268.64788818359375,76.27523040771484,66.53494262695312,53.59600067138672,214.88333129882812,4358.1298828125
2021-07-08,139.62347412109375,96.4567642211914,385.7353210449219,133.19044494628906,334.18365478515625,266.23907470703125,75.19283294677734,66.35829162597656,53.07600021362305,217.60333251953125,4320.81982421875
2021-07-09,141.4462432861328,96.64744567871094,390.6807556152344,137.45245361328125,336.9895935058594,266.73809814453125,76.78231048583984,66.2346420288086,53.597999572753906,218.98333740234375,4369.5498046875
2021-07-12,140.85165405273438,97.5179214477539,386.4268798828125,139.42019653320312,333.4360046386719,266.1430969238281,77.58191680908203,66.32295989990234,53.73099899291992,228.56666564941406,4384.6298828125
2021-07-13,141.96282958984375,97.75005340576172,385.6500549316406,137.34657287597656,332.3540344238281,269.6555480957031,76.49952697753906,66.11980438232422,54.06800079345703,222.84666442871094,4369.2099609375
2021-07-14,145.38424682617188,98.3787612915039,388.3879699707031,136.87892150878906,331.4567565917969,271.1239318847656,76.53851318359375,66.86172485351562,54.79499816894531,217.7933349609375,4374.2998046875
2021-07-15,144.73117065429688,98.22786712646484,390.1596374511719,137.17889404296875,332.7147216796875,269.7036437988281,75.00753784179688,67.85096740722656,54.29499816894531,216.86666870117188,4360.02978515625
2021-07-16,142.69393920898438,98.49610900878906,388.78594970703125,134.04635620117188,331.7383117675781,269.43487548828125,73.14503479003906,68.82254028320312,53.03099822998047,214.74000549316406,4327.16015625
2021-07-19,138.8533935546875,96.75252532958984,392.3670959472656,129.6873016357422,327.23468017578125,265.8455810546875,72.7257308959961,68.00112915039062,53.22800064086914,215.4066619873047,4258.490234375
2021-07-20,142.45999145507812,97.28063201904297,394.34710693359375,132.10504150390625,334.23638916015625,268.06243896484375,73.51557922363281,68.16011047363281,53.10499954223633,220.1666717529297,4323.06005859375
2021-07-21,141.7289276123047,98.0685806274414,393.1819152832031,134.8846893310547,335.0368347167969,270.0585632324219,75.2708511352539,67.02072143554688,51.362998962402344,218.42999267578125,4358.68994140625
2021-07-22,143.09359741210938,98.52962493896484,395.57879638671875,133.18157958984375,334.1923522949219,274.6075744628906,73.6521224975586,67.23269653320312,51.176998138427734,216.4199981689453,4367.47998046875
2021-07-23,144.8091278076172,99.07450866699219,401.15899658203125,132.9257354736328,334.9313049316406,277.995361328125,74.05191040039062,68.18660736083984,51.54100036621094,214.4600067138672,4411.7900390625
2021-07-26,145.2283172607422,98.73919677734375,400.9695129394531,133.8169403076172,323.7425537109375,277.40032958984375,74.40296936035156,67.93047332763672,51.64899826049805,219.2066650390625,4422.2998046875
2021-07-27,143.06436157226562,98.88170623779297,402.0210876464844,133.6404266357422,329.618408203125,274.9914855957031,72.37467956542969,68.76954650878906,51.89099884033203,214.92666625976562,4401.4599609375
2021-07-28,141.31956481933594,99.37628936767578,400.0126647949219,133.86105346679688,327.9295654296875,274.68438720703125,73.67160034179688,68.7607192993164,51.93000030517578,215.66000366210938,4400.64013671875
2021-07-29,141.96282958984375,99.64453125,403.66705322265625,135.00816345214844,327.7448425292969,274.9530944824219,75.1635513305664,69.03453826904297,51.42499923706055,225.78334045410156,4419.14990234375
2021-07-30,142.1773223876953,97.49019622802734,407.88134765625,133.931640625,326.9267578125,273.4271240234375,75.65113830566406,68.80488586425781,51.75699996948242,229.06666564941406,4395.259765625
2021-08-02,141.8459014892578,96.77767181396484,407.1220703125,133.3933563232422,323.9624938964844,273.3407897949219,75.70964050292969,69.60862731933594,51.51499938964844,236.55667114257812,4387.16015625
2021-08-03,143.63943481445312,97.44828033447266,412.95947265625,134.91111755371094,324.9740295410156,275.5481262207031,78.84960174560547,70.14741516113281,51.082000732421875,236.5800018310547,4423.14990234375
2021-08-04,143.2397918701172,96.46749877929688,412.9309997558594,133.45513916015625,318.1042785644531,274.96270751953125,79.94173431396484,70.54487609863281,51.73500061035156,236.97332763671875,4402.66015625
2021-08-05,143.34701538085938,96.50101470947266,420.66680908203125,135.14056396484375,317.3478088378906,277.85137939453125,79.46393585205078,71.09247589111328,52.48899841308594,238.2100067138672,4429.10009765625
2021-08-06,142.66368103027344,95.93939208984375,417.2876892089844,138.97900390625,318.4649353027344,277.7938232421875,79.96124267578125,71.198486328125,52.05500030517578,233.03334045410156,4436.52001953125
2021-08-09,142.6148681640625,95.61248016357422,418.08502197265625,138.8289794921875,317.5764465332031,276.7094421386719,78.21574401855469,71.1543197631836,51.99700164794922,237.9199981689453,4432.35009765625
2021-08-10,142.13650512695312,96.24956512451172,420.5149841308594,140.53204345703125,318.63201904296875,274.89556884765625,74.02266693115234,71.12782287597656,51.58399963378906,236.663330078125,4436.75
2021-08-11,142.39031982421875,95.32746887207031,421.72039794921875,142.20863342285156,319.5644226074219,275.3851013183594,73.16454315185547,72.75299072265625,51.2400016784668,235.94000244140625,4442.41015625
2021-08-12,145.3482666015625,96.93694305419922,422.7265319824219,142.76454162597656,316.44171142578125,278.1297302246094,68.50338745117188,73.3094482421875,51.071998596191406,240.75,4460.830078125
2021-08-13,145.55323791503906,97.64107513427734,425.0614929199219,141.16737365722656,314.8848876953125,281.04718017578125,69.15672302246094,73.70689392089844,51.59199905395508,239.05667114257812,4468.0
2021-08-16,147.52520751953125,99.2589340209961,429.84539794921875,140.24082946777344,316.881591796875,282.72662353515625,69.16649627685547,74.14851379394531,51.79199981689453,228.72332763671875,4479.7099609375
2021-08-17,146.61729431152344,100.30677032470703,429.35174560546875,138.54661560058594,318.069091796875,281.2678527832031,69.02020263671875,74.15734100341797,51.89099884033203,221.90333557128906,4448.080078125
2021-08-18,142.87843322753906,98.32008361816406,423.53338623046875,137.28480529785156,313.67095947265625,279.54681396484375,68.86420440673828,74.56363677978516,52.1870002746582,229.663330078125,4400.27001953125
2021-08-19,143.21035766601562,98.8565444946289,431.1742248535156,136.13768005371094,311.410400390625,285.3544616699219,68.53264617919922,74.67847442626953,54.37099838256836,224.49000549316406,4405.7998046875
2021-08-20,144.66493225097656,99.60261535644531,435.6638488769531,136.52590942382812,314.17236328125,292.6524353027344,68.48388671875,76.20648193359375,54.6879997253418,226.75332641601562,4441.669921875
2021-08-23,146.1487579345703,100.05528259277344,431.8101501464844,138.27310180664062,314.3306884765625,292.9313659667969,69.9563217163086,74.54598236083984,55.33300018310547,235.43333435058594,4479.52978515625
2021-08-24,146.06088256835938,100.32351684570312,428.8297424316406,139.12896728515625,315.7821044921875,290.97943115234375,70.19035339355469,74.31634521484375,55.340999603271484,236.163330078125,4486.22998046875
2021-08-25,144.8308563232422,100.92707061767578,428.2982177734375,141.996826171875,315.56207275390625,290.39288330078125,72.19915771484375,74.6607894897461,54.757999420166016,237.06666564941406,4496.18994140625
2021-08-26,144.03038024902344,100.92707061767578,426.4757385253906,142.72923278808594,318.086669921875,287.58514404296875,70.96073913574219,74.36356353759766,55.012001037597656,233.72000122070312,4470.0
2021-08-27,145.0651397705078,100.23970031738281,427.4534912109375,143.87637329101562,318.4121398925781,288.1909484863281,72.16015625,74.00865936279297,55.891998291015625,237.30667114257812,4509.3701171875
2021-08-30,149.47763061523438,101.069580078125,432.75927734375,141.57325744628906,318.4649353027344,291.9120788574219,71.3410415649414,74.4877700805664,56.61800003051758,243.6366729736328,4528.7900390625
2021-08-31,148.2183380126953,101.24561309814453,432.3415832519531,141.14089965820312,318.7749328613281,290.2677917480469,71.86760711669922,74.52326202392578,56.91899871826172,245.24000549316406,4522.68017578125
2021-09-01,148.8821258544922,94.11197662353516,433.3193359375,140.93798828125,315.9930419921875,290.2197265625,71.8871078491211,75.72109985351562,58.207000732421875,244.69667053222656,4524.08984375
2021-09-02,149.99502563476562,93.90241241455078,437.5431213378906,141.5908966064453,317.2244873046875,289.56585693359375,72.15039825439453,76.73262786865234,58.85499954223633,244.1300048828125,4536.9501953125
2021-09-03,150.62954711914062,93.56710052490234,439.0428771972656,140.7349853515625,315.408203125,289.5564270019531,71.97488403320312,76.03166961669922,59.053001403808594,244.52333068847656,4535.43017578125
2021-09-07,152.96273803710938,91.39600372314453,436.24285888671875,140.48793029785156,309.3836364746094,288.6332702636719,71.8091049194336,75.44606018066406,60.67100143432617,250.97332763671875,4520.02978515625
2021-09-08,151.42031860351562,92.51091003417969,442.0328674316406,139.86143493652344,311.3858642578125,288.6621398925781,70.4731674194336,76.6971206665039,60.60499954223633,251.2899932861328,4514.06982421875
2021-09-09,150.405029296875,89.920654296875,442.2606506347656,140.4702606201172,309.1444091796875,285.81597900390625,71.0582504272461,76.16476440429688,59.75400161743164,251.6199951171875,4493.27978515625
2021-09-10,145.42633056640625,89.42607879638672,441.5202941894531,138.85545349121094,306.4421691894531,284.3351745605469,71.6725845336914,75.35733032226562,59.87200164794922,245.42333984375,4458.580078125
2021-09-13,145.99253845214844,90.0967025756836,436.2997741699219,141.0615234375,306.8231506347656,285.5660095214844,72.5014419555664,75.04679107666016,58.92900085449219,247.6666717529297,4468.72998046875
2021-09-14,144.59658813476562,89.25843811035156,435.1133117675781,138.59957885742188,305.0777587890625,288.25823974609375,71.66283416748047,75.10002136230469,57.7760009765625,248.163330078125,4443.0498046875
2021-09-15,145.48487854003906,90.33979797363281,437.3154296875,139.56141662597656,305.72454833984375,293.0948486328125,71.98462677001953,75.07339477539062,58.2869987487793,251.94332885742188,4480.7001953125
2021-09-16,145.25062561035156,90.59966278076172,439.7642822265625,139.49961853027344,302.5615539550781,293.4794006347656,72.77447509765625,74.53215789794922,58.650001525878906,252.3300018310547,4473.75
2021-09-17,142.58555603027344,90.30626678466797,436.1573791503906,139.1378631591797,302.10089111328125,288.3352355957031,72.45268249511719,72.43815612792969,58.935001373291016,253.163330078125,4432.990234375
2021-09-20,139.539794921875,89.19137573242188,428.21282958984375,134.9728546142578,299.8681945800781,282.9794006347656,70.5706787109375,72.4825210571289,57.542999267578125,243.38999938964844,4357.72998046875
2021-09-21,140.01815795898438,89.82007598876953,429.1334533691406,134.9905548095703,297.7330017089844,283.4601745605469,70.34639739990234,72.68658447265625,57.31399917602539,246.4600067138672,4354.18994140625
2021-09-22,142.3805694580078,89.19977569580078,429.3423156738281,137.57598876953125,302.7653503417969,287.0947570800781,72.13090515136719,72.6688461303711,59.064998626708984,250.64666748046875,4395.64013671875
2021-09-23,143.3372344970703,89.99610900878906,429.7693786621094,142.22625732421875,304.9537353515625,288.037109375,72.19915771484375,72.10985565185547,59.32600021362305,251.2133331298828,4448.97998046875
2021-09-24,143.4251251220703,89.75300598144531,443.9786376953125,143.86752319335938,309.66717529296875,287.8351745605469,72.20890808105469,71.60408782958984,59.23899841308594,258.1300048828125,4455.47998046875
2021-09-27,141.91197204589844,90.29788208007812,437.1540832519531,147.3441925048828,313.0693054199219,282.8544006347656,73.3108139038086,69.88276672363281,59.263999938964844,263.78668212890625,4443.10986328125
2021-09-28,138.53428649902344,89.97933197021484,424.6153564453125,146.550048828125,311.9972839355469,272.6141052246094,71.28253173828125,68.56069946289062,58.3849983215332,259.1866760253906,4352.6298828125
2021-09-29,139.43243408203125,91.23673248291016,428.8297424316406,146.43533325195312,310.349365234375,273.07568359375,69.85882568359375,69.51896667480469,59.90599822998047,260.4366760253906,4359.4599609375
2021-09-30,138.134033203125,90.42361450195312,426.5137634277344,144.4411163330078,305.7510986328125,271.07568359375,69.31199645996094,69.66980743408203,61.034000396728516,258.49334716796875,4307.5400390625
2021-10-01,139.25668334960938,91.44630432128906,425.5455017089844,147.47659301757812,308.1432189941406,277.9795837402344,69.32176208496094,70.28205108642578,61.314998626708984,258.40667724609375,4357.0400390625
2021-10-04,135.8302001953125,91.14452362060547,417.77178955078125,147.31773376464844,306.5396423339844,272.2198791503906,68.96044158935547,70.41512298583984,60.334999084472656,260.510009765625,4300.4599609375
2021-10-05,137.75331115722656,91.7983627319336,423.5617980957031,149.72348022460938,308.09893798828125,277.6525573730469,68.84325408935547,70.52161407470703,63.48099899291992,260.1966552734375,4345.72021484375
2021-10-06,138.62216186523438,91.63909149169922,426.5042419433594,150.0430450439453,310.0835266113281,281.8351745605469,68.29644012451172,72.02999877929688,63.90999984741211,260.9166564941406,4363.5498046875
2021-10-07,139.88145446777344,92.93840026855469,429.8548278808594,150.99290466308594,311.6694641113281,283.50823974609375,68.88233947753906,71.79930114746094,63.185001373291016,264.53668212890625,4399.759765625
2021-10-08,139.50070190429688,93.19828033447266,428.88665771484375,151.10829162597656,313.414794921875,283.50823974609375,68.47221374511719,71.16931915283203,63.26599884033203,261.8299865722656,4391.33984375
2021-10-11,139.4128875732422,92.494140625,426.8459777832031,147.93026733398438,316.3651428222656,282.91217041015625,67.59334564208984,69.05758666992188,62.70399856567383,263.9800109863281,4361.18994140625
2021-10-12,138.14378356933594,91.01039123535156,424.15972900390625,146.7939910888672,317.28656005859375,281.61395263671875,65.15210723876953,69.98036193847656,62.49399948120117,268.5733337402344,4350.64990234375
2021-10-13,137.55807495117188,90.97688293457031,422.6695861816406,142.92349243164062,320.5115051269531,284.912109375,64.82009887695312,71.15159606933594,62.97600173950195,270.3599853515625,4363.7998046875
2021-10-14,140.3402557373047,92.40222930908203,427.7571716308594,145.11618041992188,320.7861328125,291.10430908203125,66.20671081542969,72.27842712402344,63.380001068115234,272.7733459472656,4438.259765625
2021-10-15,141.39462280273438,92.75856018066406,429.3992004394531,147.9036407470703,323.9313049316406,292.5082702636719,66.08954620361328,72.46475982666016,62.82899856567383,281.010009765625,4471.3701171875
2021-10-18,143.06394958496094,91.14655303955078,438.4734191894531,147.8503875732422,323.3820495605469,295.4698181152344,65.67939758300781,71.86141967773438,63.797000885009766,290.03668212890625,4486.4599609375
2021-10-19,145.22134399414062,91.16351318359375,443.3426818847656,149.6436004638672,328.7599182128906,296.3736267089844,65.98213195800781,72.78419494628906,63.900001525878906,288.0899963378906,4519.6298828125
2021-10-20,145.70944213867188,91.97801971435547,445.89593505859375,151.65866088867188,328.8131408691406,295.5851745605469,66.66566467285156,74.461181640625,62.513999938964844,288.6000061035156,4536.18994140625
2021-10-21,145.92422485351562,92.27497100830078,452.9768371582031,150.46917724609375,330.5939636230469,298.80633544921875,67.02696228027344,74.36356353759766,65.31600189208984,298.0,4549.77978515625
2021-10-22,145.1529998779297,92.59736633300781,457.4948425292969,152.4931640625,331.8874816894531,297.2678527832031,65.92354583740234,74.90481567382812,66.47799682617188,303.2266540527344,4544.89990234375
2021-10-25,145.1042022705078,92.05435943603516,465.1928405761719,151.7474822998047,333.4201354980469,296.2774658203125,67.14415740966797,74.78947448730469,67.16600036621094,341.6199951171875,4566.47998046875
2021-10-26,145.76805114746094,92.8943099975586,460.85504150390625,152.1558380126953,294.06500244140625,298.1812438964844,67.31991577148438,75.83647155761719,66.85199737548828,339.4766540527344,4574.7900390625
2021-10-27,145.30923461914062,91.96952819824219,464.2531433105469,148.98666381835938,293.20562744140625,310.7389831542969,66.63636779785156,75.42831420898438,66.29199981689453,345.9533386230469,4551.68017578125
2021-10-28,148.94073486328125,93.04703521728516,466.3541259765625,151.23260498046875,293.6044616699219,311.87353515625,67.94489288330078,76.67937469482422,67.40499877929688,359.0133361816406,4596.419921875
2021-10-29,146.23663330078125,97.28917694091797,467.3143615722656,150.8154296875,294.4282531738281,318.8638610839844,67.4761734008789,75.71224212646484,69.03099822998047,371.3333435058594,4605.3798828125
2021-11-01,145.41659545898438,97.40794372558594,467.6281433105469,150.73544311523438,293.19677734375,316.7004699707031,69.03856658935547,75.94291687011719,68.11699676513672,402.86334228515625,4613.669921875
2021-11-02,146.45140075683594,98.86724853515625,472.49578857421875,151.33026123046875,289.10357666015625,320.3157653808594,69.09716796875,75.79208374023438,67.77200317382812,390.6666564941406,4630.64990234375
2021-11-03,147.88641357421875,99.7496109008789,477.5726623535156,151.38348388671875,293.56890869140625,321.15234375,69.57564544677734,75.63239288330078,68.8290023803711,404.6199951171875,4660.56982421875
2021-11-04,147.36903381347656,99.31690979003906,490.2075500488281,149.39498901367188,297.24566650390625,323.49847412109375,70.54237365722656,75.20647430419922,66.83999633789062,409.9700012207031,4680.06005859375
2021-11-05,147.8969268798828,99.4187240600586,487.830810546875,149.18194580078125,301.1351623535156,323.133056640625,71.20640563964844,75.88970184326172,64.5719985961914,407.36334228515625,4697.52978515625
2021-11-08,147.0757293701172,98.46849822998047,478.9797058105469,150.0785675048828,302.80963134765625,324.0273742675781,72.80784606933594,75.0556411743164,65.1449966430664,387.64666748046875,4701.7001953125
2021-11-09,147.4374237060547,98.0866928100586,483.63812255859375,148.9422607421875,299.6113586425781,323.0273132324219,73.81364440917969,75.3661880493164,65.5989990234375,341.1666564941406,4685.25
2021-11-10,144.61209106445312,99.05390930175781,480.5959167480469,148.8002166748047,299.13287353515625,318.075439453125,71.68489074707031,75.5969009399414,64.69100189208984,355.98333740234375,4646.7099609375
2021-11-11,144.56320190429688,98.95208740234375,486.9371643066406,148.7913818359375,297.59130859375,319.6427917480469,72.79810333251953,75.74774169921875,65.75800323486328,354.5033264160156,4649.27001953125
2021-11-12,146.6357879638672,99.24054718017578,491.68115234375,148.12554931640625,300.39971923828125,323.7677001953125,75.48347473144531,76.581787109375,68.26100158691406,344.47332763671875,4682.85009765625
2021-11-15,146.64556884765625,99.1302490234375,494.2672119140625,147.85923767089844,302.0477294921875,323.1427307128906,74.97569274902344,77.49566650390625,67.93299865722656,337.7966613769531,4682.7998046875
2021-11-16,147.62319946289062,98.77391815185547,500.7605285644531,146.7939910888672,301.5604248046875,326.4504699707031,75.00499725341797,77.17626190185547,68.73999786376953,351.57666015625,4700.89990234375
2021-11-17,150.0575408935547,99.56295013427734,500.35174560546875,146.00390625,302.9957580566406,326.67193603515625,73.68671417236328,77.88610076904297,69.16899871826172,363.0033264160156,4688.669921875
2021-11-18,154.33956909179688,99.32537841796875,503.27984619140625,144.7433624267578,303.0753479003906,328.7430419921875,75.21004486083984,77.72637939453125,68.2020034790039,365.4599914550781,4704.5400390625
2021-11-19,156.9596405029297,98.62120819091797,507.48199462890625,142.8524932861328,302.5084533691406,330.5155029296875,81.07881164550781,78.35635375976562,67.87999725341797,379.0199890136719,4697.9599609375
2021-11-22,157.41912841796875,98.12064361572266,513.0535278320312,145.8973846435547,305.64483642578125,327.35589599609375,81.88931274414062,77.51342010498047,65.91999816894531,385.6233215332031,4682.93994140625
2021-11-23,157.80043029785156,100.86103057861328,518.386962890625,149.3861541748047,305.8219909667969,325.2848205566406,83.40289306640625,77.46906280517578,65.40599822998047,369.6766662597656,4690.7001953125
2021-11-24,158.3185577392578,100.67440795898438,522.6365356445312,148.21434020996094,304.4043884277344,325.50634765625,84.18408203125,77.72305297851562,65.8290023803711,372.0,4701.4599609375
2021-11-26,153.3032684326172,98.85027313232422,519.2139282226562,143.7490692138672,303.64251708984375,317.5784606933594,81.45965576171875,76.72488403320312,66.56400299072266,360.6400146484375,4594.6201171875
2021-11-29,156.6565704345703,99.17267608642578,527.5326538085938,143.127685546875,302.3223571777344,324.2733459472656,84.11572265625,79.01533508300781,66.38400268554688,378.9966735839844,4655.27001953125
2021-11-30,161.6033935546875,97.80671691894531,512.7965698242188,140.9971160888672,297.7575988769531,318.4550476074219,82.0260238647461,77.33983612060547,64.19000244140625,381.586669921875,4567.0
2021-12-01,161.08526611328125,98.34122467041016,503.7267761230469,140.1626739501953,293.3803405761719,317.9637451171875,83.14899444580078,78.28453063964844,61.777000427246094,365.0,4513.0400390625
2021-12-02,160.0978546142578,99.15572357177734,499.610107421875,143.1099395751953,295.2652893066406,317.39544677734375,80.93233489990234,78.97969055175781,61.64699935913086,361.5333251953125,4577.10009765625
2021-12-03,158.22079467773438,100.8355941772461,502.86163330078125,140.51779174804688,298.1952819824219,311.1532897949219,79.70196533203125,78.45386505126953,60.2130012512207,338.3233337402344,4538.43017578125
2021-12-06,161.6229705810547,102.95667266845703,506.9212646484375,142.17782592773438,303.6890869140625,314.2165832519531,80.51246643066406,79.45203399658203,61.26900100708008,336.336669921875,4591.669921875
2021-12-07,167.35189819335938,103.09241485595703,515.3064575195312,144.31727600097656,302.9833984375,322.6261291503906,83.81301879882812,80.57495880126953,62.55799865722656,350.5833435058594,4686.75
2021-12-08,171.16470336914062,103.3978500366211,503.9833984375,142.6660919189453,304.68963623046875,322.67425537109375,83.99855041503906,80.49474334716797,62.80799865722656,356.32000732421875,4701.2099609375
2021-12-09,170.6563262939453,105.3322525024414,498.48828125,142.4441375732422,306.94073486328125,320.8729553222656,82.93415069580078,80.12935638427734,61.099998474121094,334.6000061035156,4667.4501953125
2021-12-10,175.4369659423828,106.45219421386719,531.278564453125,141.8760223388672,308.0841979980469,329.9664306640625,83.52983093261719,80.4591064453125,61.16600036621094,339.010009765625,4712.02001953125
2021-12-13,171.80996704101562,107.3345718383789,529.75732421875,140.18931579589844,308.6827087402344,326.941650390625,82.36779022216797,81.76029205322266,60.45600128173828,322.13665771484375,4668.97021484375
2021-12-14,170.43148803710938,107.996337890625,518.4628295898438,141.26344299316406,308.76318359375,316.2876892089844,81.33271026611328,80.23629760742188,59.79899978637695,319.5033264160156,4634.08984375
2021-12-15,175.2903594970703,110.49068450927734,537.6102294921875,140.20704650878906,307.6733093261719,322.36602783203125,83.64701080322266,81.99199676513672,60.50400161743164,325.3299865722656,4709.85009765625
2021-12-16,168.40774536132812,111.80577087402344,525.3935546875,142.3997344970703,308.0484619140625,312.973876953125,80.7468032836914,82.19698333740234,59.10599899291992,308.97332763671875,4668.669921875
2021-12-17,167.31285095214844,109.89679718017578,520.6209106445312,139.1595458984375,307.4231872558594,311.914306640625,81.04951477050781,81.04730224609375,58.67300033569336,310.8566589355469,4620.64013671875
2021-12-20,165.9539337158203,111.02520751953125,521.5242309570312,136.65618896484375,301.420166015625,308.1670837402344,80.102294921875,80.15607452392578,59.374000549316406,299.9800109863281,4568.02001953125
2021-12-21,169.12144470214844,110.2531509399414,518.5484619140625,138.56475830078125,304.4126892089844,315.27618408203125,88.54902648925781,80.6106185913086,60.492000579833984,312.84332275390625,4649.22998046875
2021-12-22,171.712158203125,112.03483581542969,522.5792846679688,139.1063232421875,306.52984619140625,320.9693298339844,88.217041015625,80.92254638671875,61.42399978637695,336.2900085449219,4696.56005859375
2021-12-23,172.3378143310547,112.91720581054688,523.2449340820312,139.60342407226562,309.99591064453125,322.404541015625,92.20115661621094,80.83340454101562,61.409000396728516,355.6666564941406,4725.7900390625
2021-12-27,176.29730224609375,114.0371322631836,535.6994018554688,140.40237426757812,312.9080810546875,329.87969970703125,92.2109146118164,81.38595581054688,61.3120002746582,364.64666748046875,4791.18994140625
2021-12-28,175.28054809570312,114.02015686035156,536.8117065429688,140.82847595214844,316.0078430175781,328.7237548828125,90.75590515136719,81.88504791259766,61.07099914550781,362.8233337402344,4786.35009765625
2021-12-29,175.3685302734375,114.84314727783203,539.7874145507812,140.75746154785156,316.4723815917969,329.3980712890625,93.91004943847656,81.98307800292969,61.05400085449219,362.0633239746094,4793.06005859375
2021-12-30,174.21495056152344,115.32674407958984,536.1176147460938,140.6864471435547,315.85601806640625,326.8646240234375,91.68358612060547,82.67822265625,61.20899963378906,356.7799987792969,4778.72998046875
2021-12-31,173.5989990234375,114.87705993652344,539.7207641601562,140.571044921875,317.49078369140625,323.97479248046875,91.05796813964844,83.20405578613281,60.24399948120117,352.260009765625,4766.18017578125
2022-01-03,177.93972778320312,114.8940200805664,538.7797241210938,143.54490661621094,316.552734375,322.46240234375,93.59959411621094,81.68898010253906,59.73699951171875,399.9266662597656,4796.56005859375
2022-01-04,175.68138122558594,114.67344665527344,536.4218139648438,148.98666381835938,323.36871337890625,316.9330749511719,94.17633819580078,80.8155746459961,59.1150016784668,383.1966552734375,4793.5400390625
2022-01-05,171.00830078125,115.27584075927734,522.8172607421875,146.2628631591797,319.929443359375,304.76666259765625,92.27992248535156,79.96893310546875,56.75199890136719,362.7066650390625,4700.580078125
2022-01-06,168.15357971191406,114.7328109741211,522.7030639648438,147.81678771972656,319.8044128417969,302.35845947265625,93.50184631347656,76.43970489501953,55.32899856567383,354.8999938964844,4696.0498046875
2022-01-07,168.3197784423828,114.43587493896484,509.75421142578125,149.28138732910156,321.716064453125,302.5125732421875,92.32878112792969,77.01010131835938,54.10599899291992,342.32000732421875,4677.02978515625
2022-01-10,168.3393096923828,115.7170181274414,493.2308349609375,149.42425537109375,324.4943542480469,302.7341003417969,91.7813491821289,75.12069702148438,53.98500061035156,352.7066650390625,4670.2900390625
2022-01-11,171.16470336914062,116.20909881591797,496.3017578125,149.57608032226562,325.2893371582031,303.4181213378906,92.08439636230469,75.56631469726562,54.08399963378906,354.79998779296875,4713.06982421875
2022-01-12,171.6046142578125,116.4806137084961,499.8858642578125,150.42446899414062,322.7523193359375,306.5873107910156,92.97396087646484,75.83367156982422,53.72200012207031,368.739990234375,4726.35009765625
2022-01-13,168.3393096923828,114.45753479003906,491.405517578125,150.23695373535156,326.2183532714844,293.6116943359375,93.4725112915039,75.66436767578125,51.91999816894531,343.85333251953125,4659.02978515625
2022-01-14,169.1996307373047,116.47203826904297,478.2000732421875,141.00283813476562,332.86456298828125,298.8135070800781,95.17343139648438,74.14927673339844,52.569000244140625,349.8699951171875,4662.85009765625
2022-01-18,166.00279235839844,117.25211334228516,464.0154113769531,135.0908966064453,336.3663330078125,291.54071044921875,90.7842788696289,72.4113998413086,51.08000183105469,343.5033264160156,4577.10986328125
2022-01-19,162.51260375976562,115.90625,466.0024719238281,133.00119018554688,337.0720520019531,292.1957092285156,87.97871398925781,73.60563659667969,51.58599853515625,331.8833312988281,4532.759765625
2022-01-20,160.83103942871094,114.03749084472656,459.024169921875,131.8670196533203,335.1068115234375,290.5291748046875,83.15946197509766,74.4255599975586,50.82500076293945,332.0899963378906,4482.72998046875
2022-01-21,158.77806091308594,113.13739776611328,457.8739013671875,129.56295776367188,331.5960693359375,285.16363525390625,80.08997344970703,73.61454772949219,39.75,314.6333312988281,4397.93994140625
2022-01-24,158.00570678710938,113.29168701171875,464.80450439453125,129.4468536376953,333.4988098144531,285.4911193847656,81.08706665039062,73.00852966308594,38.71500015258789,310.0,4410.1298828125
2022-01-25,156.20681762695312,114.08892822265625,453.7952575683594,130.8578643798828,345.8621520996094,277.9003601074219,78.90714263916016,66.93041229248047,36.641998291015625,306.1333312988281,4356.4501953125
2022-01-26,156.11886596679688,115.066162109375,459.6421203613281,132.0991668701172,349.4979553222656,285.8186340332031,80.12908172607422,64.738037109375,35.970001220703125,312.4700012207031,4349.93017578125
2022-01-27,155.6593780517578,116.5577621459961,458.7388916015625,129.76832580566406,347.5684814453125,288.8338317871094,76.95206451416016,64.62216186523438,38.66999816894531,276.3666687011719,4326.509765625
2022-01-28,166.5209197998047,118.2293472290039,468.1604919433594,130.9292449951172,351.2041931152344,296.94482421875,77.48971557617188,64.6132583618164,38.43600082397461,282.1166687011719,4431.85009765625
2022-01-31,170.87136840820312,117.34639739990234,480.23468017578125,132.70648193359375,347.6130676269531,299.5648498535156,80.42232513427734,69.62191009521484,42.7140007019043,312.239990234375,4515.5498046875
2022-02-01,170.70521545410156,117.4406967163086,483.35296630859375,134.98370361328125,345.71929931640625,297.4263916015625,79.62075805664062,68.82870483398438,45.7130012512207,310.4166564941406,4546.5400390625
2022-02-02,171.90774536132812,118.82942199707031,496.2922058105469,133.90313720703125,346.0141296386719,301.95379638671875,82.6120376586914,69.27432250976562,42.948001861572266,301.88665771484375,4589.3798828125
2022-02-03,169.03343200683594,120.63813781738281,496.8064270019531,132.79576110839844,348.122314453125,290.1920471191406,80.12908172607422,67.52754974365234,40.560001373291016,297.0466613769531,4477.43994140625
2022-02-04,168.74957275390625,120.56958770751953,494.90203857421875,136.24293518066406,347.791748046875,294.7098693847656,79.34705352783203,67.74143981933594,41.016998291015625,307.7733459472656,4500.52978515625
2022-02-07,168.0350341796875,122.18121337890625,491.207763671875,136.69839477539062,350.4805908203125,289.903076171875,79.05377960205078,67.44734191894531,40.209999084472656,302.4466552734375,4483.8701171875
2022-02-08,171.13809204101562,123.02128601074219,496.2160949707031,139.27035522460938,353.7858581542969,293.3804626464844,82.23077392578125,67.25125885009766,40.35300064086914,307.3333435058594,4521.5400390625
2022-02-09,172.55746459960938,122.75553131103516,503.52862548828125,139.850830078125,352.4459228515625,299.7864074707031,86.14096069335938,68.32072448730469,41.28900146484375,310.6666564941406,4587.18017578125
2022-02-10,168.48524475097656,122.3354721069336,493.67364501953125,139.27035522460938,344.307861328125,291.280517578125,88.97582244873047,67.24235534667969,40.62699890136719,301.51666259765625,4504.080078125
2022-02-11,165.0787811279297,121.73542785644531,485.2852783203125,137.45745849609375,353.9198913574219,284.2100524902344,87.74412536621094,66.80563354492188,39.13100051879883,286.6666564941406,4418.64013671875
2022-02-14,165.31370544433594,122.58409881591797,482.3240661621094,136.18040466308594,345.68353271484375,284.1714782714844,87.84186553955078,66.77001190185547,39.65700149536133,291.9200134277344,4401.669921875
2022-02-15,169.14108276367188,124.09281921386719,489.3319396972656,138.1719207763672,341.4403991699219,289.440673828125,93.8439712524414,66.92150115966797,40.74599838256836,307.4766540527344,4471.06982421875
2022-02-16,168.90618896484375,125.04435729980469,487.88470458984375,138.4219512939453,345.62109375,289.1029052734375,93.90262603759766,67.04629516601562,39.80799865722656,307.7966613769531,4475.009765625
2022-02-17,165.31370544433594,124.27284240722656,490.3697814941406,135.2337646484375,347.2915344238281,280.63726806640625,91.6249771118164,67.17996978759766,38.66699981689453,292.1166687011719,4380.259765625
2022-02-18,163.76707458496094,123.46705627441406,488.1417236328125,135.8678741455078,345.2279052734375,277.9344787597656,88.76078033447266,66.0837631225586,39.12900161743164,285.6600036621094,4348.8701171875
2022-02-22,160.85000610351562,124.77860260009766,478.15362548828125,135.62667846679688,344.9957275390625,277.73187255859375,88.53593444824219,65.75401306152344,37.737998962402344,273.84332275390625,4304.759765625
2022-02-23,156.68972778320312,125.8072509765625,471.5647888183594,132.7868194580078,347.40765380859375,270.5404052734375,85.34915161132812,64.45284271240234,36.74599838256836,254.67999267578125,4225.5
2022-02-24,159.3033905029297,124.530029296875,481.39093017578125,129.08966064453125,353.4910583496094,284.3632507324219,86.83501434326172,67.23342895507812,39.00299835205078,266.92333984375,4288.7001953125
2022-02-25,161.36878967285156,128.1903839111328,492.7310485839844,132.14382934570312,365.80084228515625,286.9888916015625,88.07647705078125,68.7663345336914,39.08000183105469,269.9566650390625,4384.64990234375
2022-02-28,161.63308715820312,126.67308044433594,494.406982421875,126.63375854492188,390.1851806640625,288.4175109863281,86.86433410644531,70.14192199707031,39.45199966430664,290.1433410644531,4373.93994140625
2022-03-01,159.753662109375,126.6044921875,497.9107971191406,121.85596466064453,410.701904296875,284.7108459472656,84.32272338867188,69.39813232421875,38.624000549316406,288.1233215332031,4306.259765625
2022-03-02,163.0426788330078,128.21609497070312,502.7384033203125,124.38329315185547,404.7563781738281,289.76885986328125,91.20459747314453,69.49667358398438,38.00299835205078,293.2966613769531,4386.5400390625
2022-03-03,162.71961975097656,128.93617248535156,507.5466613769531,123.49915313720703,402.7955627441406,285.64715576171875,87.17713165283203,70.60792541503906,36.80699920654297,279.7633361816406,4363.490234375
2022-03-04,159.72425842285156,129.06475830078125,500.3580627441406,120.0252456665039,412.0869445800781,279.7974548339844,80.0704116821289,71.8804702758789,36.17300033569336,279.42999267578125,4328.8701171875
2022-03-07,155.93601989746094,128.11322021484375,503.2333679199219,115.39033508300781,419.2826843261719,269.2275695800781,73.99986267089844,75.43817901611328,35.0260009765625,268.1933288574219,4201.08984375
2022-03-08,154.1152801513672,126.14160919189453,498.3202819824219,114.57765197753906,403.84796142578125,266.2738952636719,75.42709350585938,73.43975830078125,34.17599868774414,274.79998779296875,4170.7001953125
2022-03-09,159.5089111328125,127.59032440185547,502.40521240234375,119.16788482666016,403.60516357421875,278.48468017578125,77.6559066772461,71.97903442382812,35.87900161743164,286.3233337402344,4277.8798828125
2022-03-10,155.17250061035156,127.87318420410156,507.2324523925781,117.75691223144531,399.68353271484375,275.6756591796875,74.01941680908203,71.83564758300781,35.676998138427734,279.4333190917969,4259.52001953125
2022-03-11,151.46250915527344,127.77890014648438,502.18603515625,115.10456085205078,394.8984069824219,270.34735107421875,71.18456268310547,71.06495666503906,34.03200149536133,265.1166687011719,4204.31005859375
2022-03-14,147.43930053710938,130.38490295410156,500.7863464355469,116.24763488769531,399.764404296875,266.8434143066406,67.84136962890625,71.0470199584961,33.10100173950195,255.4566650390625,4173.10986328125
2022-03-15,151.8148956298828,133.6251983642578,516.3731079101562,118.31056213378906,403.5601806640625,277.1816101074219,71.46807861328125,73.46665954589844,34.375,267.2966613769531,4262.4501953125
2022-03-16,156.21986389160156,133.77096557617188,517.3920288085938,123.59737396240234,378.9779357910156,284.1702575683594,77.88072204589844,73.94160461425781,35.75299835205078,280.07666015625,4357.85986328125
2022-03-17,157.2281036376953,135.94833374023438,526.3422241210938,125.16022491455078,385.4990539550781,284.971435546875,78.71163177490234,74.10292053222656,37.13999938964844,290.5333251953125,4411.669921875
2022-03-18,160.51719665527344,136.47120666503906,534.49267578125,125.11559295654297,383.3313293457031,290.00054931640625,77.6265640258789,73.816162109375,38.060001373291016,301.7966613769531,4463.1201171875
2022-03-21,161.8876190185547,137.19985961914062,528.9513549804688,124.71369934082031,395.7618408203125,288.7746276855469,76.59037017822266,73.30533599853516,37.45899963378906,307.0533447265625,4461.18017578125
2022-03-22,165.25498962402344,137.1655731201172,532.6549682617188,127.3660659790039,396.29248046875,293.50457763671875,77.34307861328125,74.24628448486328,38.29199981689453,331.32666015625,4511.60986328125
2022-03-23,166.61561584472656,135.8026123046875,527.5133056640625,124.82984161376953,400.4840393066406,289.0931701660156,73.95099639892578,73.99539184570312,37.44900131225586,333.03668212890625,4456.240234375
2022-03-24,170.39413452148438,137.39706420898438,531.4076538085938,125.64247131347656,404.5136413574219,293.5430908203125,76.4534912109375,75.00804138183594,37.57099914550781,337.97332763671875,4520.16015625
2022-03-25,171.03038024902344,138.29710388183594,529.1224975585938,126.7409439086914,408.0484313964844,293.1377258300781,76.34597778320312,75.2231216430664,37.3849983215332,336.8800048828125,4543.06005859375
2022-03-28,171.89178466796875,138.8457794189453,538.1680297851562,125.80321502685547,400.2412109375,299.9140625,78.06645965576172,75.66223907470703,37.85100173950195,363.9466552734375,4575.52001953125
2022-03-29,175.1808624267578,139.02577209472656,542.7097778320312,126.08004760742188,393.1983642578125,304.46051025390625,80.207275390625,75.83251190185547,39.18199920654297,366.5233459472656,4631.60009765625
2022-03-30,174.0159912109375,140.3716278076172,548.8892822265625,125.50851440429688,401.1136169433594,302.9643249511719,77.3821792602539,76.62110137939453,38.14699935913086,364.663330078125,4602.4501953125
2022-03-31,170.92266845703125,138.96580505371094,548.298828125,121.7398910522461,397.0211181640625,297.60699462890625,76.14069366455078,75.91314697265625,37.45899963378906,359.20001220703125,4530.41015625
2022-04-01,170.62905883789062,139.45437622070312,548.0322265625,120.83789825439453,401.140625,298.6784362792969,74.4691162109375,76.8093032836914,37.34700012207031,361.5299987792969,4545.85986328125
2022-04-04,174.67181396484375,138.7772216796875,547.6133422851562,121.37373352050781,399.36871337890625,304.0357971191406,75.9256362915039,76.72864532470703,39.150001525878906,381.8166809082031,4582.64013671875
2022-04-05,171.36318969726562,140.0973358154297,547.7942504882812,119.96123504638672,402.2738952636719,300.0877990722656,72.93436431884766,77.36492919921875,38.01499938964844,363.7533264160156,4525.1201171875
2022-04-06,168.20140075683594,144.79495239257812,556.8112182617188,118.2968521118164,408.87591552734375,289.1029052734375,72.12298583984375,77.50830078125,36.834999084472656,348.586669921875,4481.14990234375
2022-04-07,168.50486755371094,148.5410614013672,578.9583740234375,117.93701171875,418.70703125,290.90789794921875,71.63423919677734,78.03704071044922,36.21500015258789,352.4200134277344,4500.2099609375
2022-04-08,166.49818420410156,149.981201171875,571.3316650390625,120.09620666503906,415.1181335449219,286.66070556640625,70.61619567871094,77.14982604980469,35.5880012512207,341.8299865722656,4488.27978515625
2022-04-11,162.2498016357422,145.5836181640625,556.697021484375,119.65534973144531,417.5736999511719,275.35723876953125,70.50851440429688,75.7966537475586,34.79999923706055,325.30999755859375,4412.52978515625
2022-04-12,164.1194610595703,143.42337036132812,553.5452880859375,118.34181213378906,420.5419006347656,272.2682800292969,70.43999481201172,75.17830657958984,34.40999984741211,328.98333740234375,4397.4501953125
2022-04-13,166.8015899658203,137.4149627685547,562.8098754882812,114.52726745605469,422.01702880859375,277.63525390625,70.85113525390625,74.87361907958984,35.042999267578125,340.7900085449219,4446.58984375
2022-04-14,161.79949951171875,140.31976318359375,562.143310546875,113.4656982421875,420.6408996582031,270.11572265625,68.64866638183594,74.21044921875,34.112998962402344,328.3333435058594,4392.58984375
2022-04-18,161.58416748046875,137.7694091796875,554.2689819335938,115.57089233398438,420.44293212890625,270.7817077636719,69.6471176147461,73.22470092773438,33.7859992980957,334.7633361816406,4391.68994140625
2022-04-19,163.86495971679688,135.167236328125,565.8663330078125,117.9639892578125,413.6610412597656,275.3957824707031,71.19373321533203,73.33222961425781,34.861000061035156,342.7166748046875,4462.2099609375
2022-04-20,163.69854736328125,135.46981811523438,574.6547241210938,118.37785339355469,408.2373046875,276.41900634765625,71.65380859375,73.04546356201172,22.618999481201172,325.73333740234375,4459.4501953125
2022-04-21,162.90560913085938,137.04324340820312,563.4286499023438,117.4601821899414,395.3480529785156,271.0616760253906,69.4219741821289,68.26895904541016,21.82200050354004,336.260009765625,4393.66015625
2022-04-22,158.37338256835938,133.9915008544922,544.3475952148438,114.08643341064453,400.9696960449219,264.51702880859375,67.9438705444336,66.27053833007812,21.552000045776367,335.01666259765625,4271.77978515625
2022-04-25,159.44041442871094,135.1240234375,541.0245971679688,114.05044555664062,398.3612976074219,270.9748229980469,68.63887786865234,66.35118865966797,20.990999221801758,332.67333984375,4296.1201171875
2022-04-26,153.48883056640625,135.02024841308594,527.2657470703125,110.67671203613281,401.239501953125,260.8393249511719,65.6630859375,65.93000793457031,19.84000015258789,292.1400146484375,4175.2001953125
2022-04-27,153.26368713378906,136.26515197753906,527.5706176757812,109.23723602294922,400.2412109375,273.3879699707031,65.06596374511719,65.6611557006836,18.854000091552734,293.836669921875,4183.9599609375
2022-04-28,160.18434143066406,135.13265991210938,535.9822387695312,110.96460723876953,397.2999267578125,279.575439453125,68.6976089477539,65.85831451416016,19.95199966430664,292.5033264160156,4287.5
2022-04-29,154.32083129882812,126.98027801513672,507.10400390625,107.38394927978516,388.674072265625,267.8858947753906,66.7496566772461,63.64482498168945,19.035999298095703,290.2533264160156,4131.93017578125
2022-05-02,154.62429809570312,127.83615112304688,504.46209716796875,108.36457824707031,387.4958190917969,274.5946350097656,69.10871887207031,62.61423873901367,19.945999145507812,300.9800109863281,4155.3798828125
2022-05-03,156.11221313476562,129.33175659179688,503.6325378417969,110.68571472167969,391.05767822265625,271.9979553222656,69.75480651855469,63.41181945800781,19.98699951171875,303.0833435058594,4175.47998046875
2022-05-04,162.5140838623047,131.0521240234375,519.2255859375,114.34735870361328,400.9247131347656,279.9133605957031,72.06494903564453,65.47296905517578,20.400999069213867,317.5400085449219,4300.169921875
2022-05-05,153.45944213867188,131.5621795654297,493.37066650390625,111.48640441894531,398.59521484375,267.7218017578125,69.78414916992188,64.37965393066406,18.832000732421875,291.09332275390625,4146.8701171875
2022-05-06,154.1848602294922,132.1241455078125,480.0569152832031,111.30647277832031,404.24371337890625,265.1927795410156,68.86400604248047,64.9442367553711,18.097000122070312,288.54998779296875,4123.33984375
2022-05-09,149.06761169433594,130.5075225830078,475.73663330078125,109.63310241699219,394.71844482421875,255.39505004882812,66.49513244628906,63.36700439453125,17.309999465942383,262.3699951171875,3991.239990234375
2022-05-10,151.46937561035156,131.4844207763672,478.244873046875,106.96110534667969,394.9793395996094,260.144287109375,67.45442962646484,62.72177505493164,17.766000747680664,266.67999267578125,4001.050048828125
2022-05-11,143.61700439453125,131.37200927734375,466.4380187988281,106.28636169433594,396.13067626953125,251.50497436523438,65.54562377929688,62.90996170043945,16.636999130249023,244.6666717529297,3935.179931640625
2022-05-12,139.75457763671875,133.38632202148438,463.6722106933594,106.19639587402344,390.8957824707031,246.48550415039062,66.27978515625,61.39546585083008,17.430999755859375,242.6666717529297,3930.080078125
2022-05-13,144.21498107910156,132.70335388183594,474.2488708496094,107.14102935791016,391.41748046875,252.0552215576172,70.40084838867188,62.55152130126953,18.763999938964844,256.5299987792969,4023.889892578125
2022-05-16,142.67587280273438,134.406494140625,471.6357116699219,106.3943099975586,393.55816650390625,252.42201232910156,68.98148345947266,62.838279724121094,18.650999069213867,241.4566650390625,4008.010009765625
2022-05-17,146.3030548095703,133.80996704101562,467.76373291015625,109.9209976196289,396.6612548828125,257.55731201171875,72.90676879882812,64.54096984863281,19.055999755859375,253.8699951171875,4088.85009765625
2022-05-18,138.04881286621094,131.77833557128906,409.5209045410156,108.04067993164062,390.6618957519531,245.83082580566406,69.54922485351562,63.62687301635742,17.7189998626709,236.60333251953125,3923.679931640625
2022-05-19,134.64707946777344,131.1645050048828,403.3503723144531,106.43929290771484,382.8276672363281,244.92132568359375,67.93407440185547,63.142967224121094,18.347999572753906,236.47332763671875,3900.7900390625
2022-05-20,134.88235473632812,130.5507049560547,397.1513366699219,105.5666275024414,381.50537109375,244.3601837158203,67.44464111328125,63.824039459228516,18.635000228881836,221.3000030517578,3901.360107421875
2022-05-23,140.293701171875,127.97450256347656,409.5971984863281,112.09818267822266,389.4925537109375,252.18753051757812,68.12007141113281,65.01593780517578,18.743999481201172,224.96665954589844,3973.75
2022-05-24,137.5978240966797,128.9081268310547,417.44610595703125,113.68158721923828,398.26239013671875,251.1909637451172,65.21281433105469,66.91577911376953,18.034000396728516,209.3866729736328,3941.47998046875
2022-05-25,137.7546844482422,131.37200927734375,419.7351379394531,114.47329711914062,402.5437316894531,253.996826171875,66.43641662597656,67.02332305908203,18.783000946044922,219.60000610351562,3978.72998046875
2022-05-26,140.9505157470703,130.17031860351562,443.4632873535156,116.45255279541016,402.9485778808594,257.26708984375,69.10871887207031,67.2473373413086,19.139999389648438,235.91000366210938,4057.840087890625
2022-05-27,146.69520568847656,129.6775665283203,448.9661560058594,118.09894561767578,405.2601318359375,264.3687438964844,71.77127838134766,69.78438568115234,19.518999099731445,253.2100067138672,4158.240234375
2022-05-31,145.91094970703125,127.40386962890625,444.6363220214844,118.9626235961914,398.3362121582031,263.04327392578125,72.2802963256836,68.2162094116211,19.743999481201172,252.75332641601562,4132.14990234375
2022-06-01,145.7835235595703,126.23680114746094,435.8336181640625,116.8753890991211,397.6031188964844,263.57537841796875,71.99642944335938,68.64879608154297,19.291000366210938,246.7899932861328,4101.22998046875
2022-06-02,148.23431396484375,126.86786651611328,465.03607177734375,118.75569915771484,399.2413330078125,265.665283203125,73.77796936035156,70.76675415039062,20.509000778198242,258.3333435058594,4176.81982421875
2022-06-03,142.51907348632812,127.23097229003906,454.20196533203125,117.10032653808594,400.67132568359375,261.2532958984375,68.4626693725586,70.91996765136719,19.898000717163086,234.51666259765625,4108.5400390625
2022-06-06,143.26409912109375,126.67769622802734,450.59698486328125,116.71345520019531,401.3230895996094,260.0245056152344,68.96190643310547,72.27185821533203,19.714000701904297,238.27999877929688,4121.43017578125
2022-06-07,145.7835235595703,128.93408203125,449.9389343261719,117.01936340332031,412.989501953125,263.65283203125,69.2653579711914,71.90234375,19.861000061035156,238.8866729736328,4160.68017578125
2022-06-08,145.0482635498047,129.0291748046875,446.3244323730469,115.15706634521484,401.3230895996094,261.630615234375,67.15097045898438,70.73971557617188,20.283000946044922,241.86666870117188,4115.77001953125
2022-06-09,139.83299255371094,125.72673797607422,450.1964111328125,112.73695373535156,391.647705078125,256.1930847167969,64.62547302246094,69.70325469970703,19.277000427246094,239.7066650390625,4017.820068359375
2022-06-10,134.43141174316406,123.79883575439453,441.8609924316406,107.55487823486328,389.3578186035156,244.77622985839844,61.29728698730469,68.41447448730469,18.29400062561035,232.22999572753906,3900.860107421875
2022-06-13,129.2847442626953,120.53097534179688,431.3130187988281,104.3520736694336,383.6920166015625,234.39459228515625,57.597129821777344,65.26007080078125,16.9689998626709,215.73666381835938,3749.6298828125
2022-06-14,130.14739990234375,118.97482299804688,433.7449951171875,102.61572265625,376.6685791015625,236.55215454101562,57.46009826660156,64.42190551757812,16.753999710083008,220.88999938964844,3735.47998046875
2022-06-15,132.76483154296875,119.38116455078125,437.55029296875,103.83026123046875,374.7950439453125,243.58612060546875,57.871212005615234,66.86430358886719,18.01099967956543,233.0,3789.989990234375
2022-06-16,127.50054931640625,120.29753112792969,430.8456726074219,102.04893493652344,366.36871337890625,237.0166015625,53.8480339050293,63.87213897705078,17.334999084472656,213.10000610351562,3666.77001953125
2022-06-17,128.9709930419922,119.54541778564453,426.0104675292969,101.68907928466797,365.6627197265625,239.60958862304688,54.57240295410156,63.81805419921875,17.551000595092773,216.75999450683594,3674.840087890625
2022-06-21,133.19622802734375,124.03226470947266,441.6702880859375,104.20812225341797,379.1937255859375,245.50186157226562,55.60022735595703,65.54847717285156,17.090999603271484,237.0366668701172,3764.7900390625
2022-06-22,132.68643188476562,127.56812286376953,438.6661376953125,103.62334442138672,376.016845703125,244.9116973876953,55.14994812011719,67.31494903564453,17.888999938964844,236.086669921875,3759.889892578125
2022-06-23,135.54901123046875,129.20205688476562,453.00982666015625,102.4897689819336,371.6452941894531,250.45559692382812,55.0324821472168,69.57708740234375,18.17099952697754,235.07000732421875,3795.72998046875
2022-06-24,138.8722381591797,131.7005157470703,461.9460144042969,105.54861450195312,379.2661437988281,259.0086669921875,57.20559310913086,70.31612396240234,19.084999084472656,245.7066650390625,3911.739990234375
2022-06-27,138.8722381591797,132.39215087890625,459.4473571777344,104.70291900634766,379.4562072753906,256.2899475097656,57.53840255737305,70.19895935058594,18.913999557495117,244.9199981689453,3900.110107421875
2022-06-28,134.7352752685547,131.8302001953125,446.9156188964844,104.1991195678711,380.7776184082031,248.15289306640625,56.63783645629883,68.89213562011719,17.959999084472656,232.663330078125,3821.550048828125
2022-06-29,136.49008178710938,133.2566680908203,448.0887451171875,103.73131561279297,379.1304016113281,251.81021118164062,54.836708068847656,68.49559020996094,17.836000442504883,228.49000549316406,3818.830078125
2022-06-30,134.0294952392578,132.409423828125,457.0916748046875,101.31120300292969,389.1496276855469,248.49154663085938,54.112327575683594,69.81141662597656,17.48699951171875,224.47332763671875,3785.3798828125
2022-07-01,136.1959991455078,132.96270751953125,463.27178955078125,102.60674285888672,392.3717956542969,251.15228271484375,52.51676559448242,72.6053237915039,17.9950008392334,227.26333618164062,3825.330078125
2022-07-05,138.7742462158203,133.0751190185547,465.65606689453125,102.2164535522461,375.8359069824219,254.31614685058594,55.53171157836914,71.29849243164062,18.58799934387207,233.06666564941406,3831.389892578125
2022-07-06,140.10748291015625,131.86477661132812,469.8427429199219,101.55387878417969,385.4659118652344,257.5670471191406,56.1581916809082,71.71308135986328,18.4060001373291,231.73333740234375,3845.080078125
2022-07-07,143.469970703125,131.40658569335938,472.0362243652344,104.1224594116211,382.1171569824219,259.6858825683594,57.60692596435547,72.4430923461914,18.927000045776367,244.5433349609375,3902.6201171875
2022-07-08,144.14634704589844,132.14144897460938,478.3211975097656,103.79570770263672,380.4517517089844,258.96990966796875,58.004154205322266,72.32593536376953,18.697999954223633,250.76333618164062,3899.3798828125
2022-07-11,142.01904296875,132.46994018554688,475.80340576171875,102.43426513671875,379.2933044433594,255.92218017578125,56.6996955871582,72.71347045898438,17.733999252319336,234.3433380126953,3854.429931640625
2022-07-12,142.98960876464844,131.80426025390625,467.8590087890625,102.53412628173828,374.6954650878906,245.4341583251953,58.04338073730469,72.05555725097656,17.44499969482422,233.07000732421875,3818.800048828125
2022-07-13,142.6268768310547,131.53623962402344,469.4326477050781,101.57202911376953,369.27398681640625,244.51498413085938,57.729530334472656,72.33495330810547,17.6560001373291,237.0399932861328,3801.780029296875
2022-07-14,145.54824829101562,131.2744903564453,488.23974609375,98.0232162475586,362.3139343261719,245.83082580566406,58.210113525390625,72.2177963256836,17.47800064086914,238.31333923339844,3790.3798828125
2022-07-15,147.21478271484375,134.0493621826172,498.74005126953125,102.51596069335938,360.5671081542969,248.38510131835938,60.348243713378906,70.93799591064453,18.910999298095703,240.06666564941406,3863.159912109375
2022-07-18,144.17579650878906,130.51531982421875,492.39794921875,101.46312713623047,350.5207214355469,245.99533081054688,59.28898620605469,69.85648345947266,19.091999053955078,240.54666137695312,3830.85009765625
2022-07-19,148.02845764160156,130.66366577148438,496.1458740234375,103.97724914550781,353.3264465332031,251.10385131835938,61.2015380859375,71.13628387451172,20.163000106811523,245.52999877929688,3936.68994140625
2022-07-20,150.0283203125,128.87481689453125,499.9320983886719,103.95909118652344,357.70709228515625,253.75489807128906,62.08424758911133,70.58650970458984,21.643999099731445,247.5,3959.89990234375
2022-07-21,152.29287719726562,128.9272003173828,504.9485778808594,104.66703033447266,357.6889953613281,256.2414855957031,62.417720794677734,71.08219909667969,22.38800048828125,271.7066650390625,3998.949951171875
2022-07-22,151.05763244628906,129.55545043945312,505.19659423828125,104.15875244140625,357.2725830078125,251.90699768066406,60.11285400390625,72.32593536376953,22.04400062561035,272.24334716796875,3961.6298828125
2022-07-25,149.94003295898438,131.08250427246094,504.6434020996094,104.5762710571289,361.8522644042969,250.4265899658203,58.9947509765625,72.9838638305664,21.85099983215332,268.4333190917969,3966.840087890625
2022-07-26,148.61663818359375,131.64971923828125,488.23016357421875,102.94255065917969,359.1460876464844,243.7216033935547,58.51416015625,72.01952362060547,21.391000747680664,258.8599853515625,3921.050048828125
2022-07-27,153.7045135498047,131.89404296875,498.1296691894531,104.59441375732422,360.7119140625,260.0148620605469,60.70132064819336,72.4430923461914,22.674999237060547,274.82000732421875,4023.610107421875
2022-07-28,154.2534637451172,130.67237854003906,512.2401123046875,104.20413970947266,367.5361633300781,267.43585205078125,60.87787628173828,76.19233703613281,22.601999282836914,280.8999938964844,4072.429931640625
2022-07-29,159.3119354248047,125.22733306884766,517.1315307617188,104.70332336425781,374.53253173828125,271.625244140625,60.67190170288086,76.14725494384766,22.489999771118164,297.1499938964844,4130.2900390625
2022-08-01,158.3316192626953,122.35649108886719,522.3955688476562,103.6595687866211,379.4832763671875,268.98388671875,61.3388557434082,76.88629150390625,22.621000289916992,297.27667236328125,4118.6298828125
2022-08-02,156.86111450195312,122.50482940673828,519.1950073242188,102.04399871826172,388.0816955566406,265.8974914550781,61.27019119262695,77.21075439453125,22.142000198364258,300.586669921875,4091.18994140625
2022-08-03,162.86070251464844,123.21162414550781,522.5866088867188,103.11498260498047,388.55230712890625,273.2991027832031,63.01600646972656,77.92273712158203,22.67300033569336,307.39666748046875,4155.169921875
2022-08-04,162.54693603515625,121.22209167480469,519.0231323242188,101.98046112060547,387.49334716796875,274.4407958984375,63.60448455810547,79.29267883300781,22.990999221801758,308.6333312988281,4151.93994140625
2022-08-05,162.32122802734375,120.45418548583984,516.5296020507812,105.06637573242188,385.9365539550781,273.7248229980469,61.26038360595703,79.29267883300781,22.67799949645996,288.1700134277344,4145.18994140625
2022-08-08,161.85000610351562,122.461181640625,517.70458984375,103.78662872314453,383.6285705566406,271.2189025878906,60.269775390625,78.87806701660156,23.349000930786133,290.42333984375,4140.06005859375
2022-08-09,161.89910888671875,122.38265228271484,511.89617919921875,104.72149658203125,387.8734436035156,273.13458251953125,58.013954162597656,80.13983917236328,22.993999481201172,283.3333435058594,4122.47021484375
2022-08-10,166.13998413085938,122.98477172851562,515.7176513671875,107.45343017578125,389.1767578125,279.77191162109375,60.22074890136719,80.9149169921875,24.410999298095703,294.3566589355469,4210.240234375
2022-08-11,165.40374755859375,123.97952270507812,508.4377746582031,109.04176330566406,388.14501953125,277.70135498046875,61.123077392578125,80.59947967529297,24.270000457763672,286.6300048828125,4207.27001953125
2022-08-12,168.9475860595703,124.43329620361328,513.2241821289062,110.84793090820312,393.02337646484375,282.4325866699219,63.79084396362305,81.53678131103516,24.93000030517578,300.0299987792969,4280.14990234375
2022-08-15,170.01759338378906,124.16275787353516,521.3829345703125,111.14745330810547,396.43560791015625,283.9420166015625,63.45737075805664,82.01445007324219,24.910999298095703,309.32000732421875,4297.14013671875
2022-08-16,169.86056518554688,124.3896484375,528.328369140625,112.20935821533203,398.3814697265625,283.2065734863281,62.63349914550781,81.59085845947266,24.569000244140625,306.5633239746094,4305.2001953125
2022-08-17,171.35267639160156,123.4210205078125,531.4810180664062,111.26544189453125,399.6756896972656,282.4600830078125,60.4365119934082,81.29345703125,24.114999771118164,303.9966735839844,4274.0400390625
2022-08-18,170.95997619628906,123.29014587402344,535.9137573242188,110.40319061279297,397.6483459472656,281.3450622558594,61.7703857421875,81.32951354980469,24.517000198364258,302.8699951171875,4283.740234375
2022-08-19,168.378173828125,123.77881622314453,529.77099609375,107.6712646484375,398.2637939453125,277.4472961425781,59.34783935546875,80.85183715820312,24.115999221801758,296.6666564941406,4228.47998046875
2022-08-22,164.5005645751953,122.461181640625,521.1153564453125,105.89232635498047,391.2946472167969,269.3027038574219,57.190093994140625,79.79733276367188,22.65399932861328,289.913330078125,4137.990234375
2022-08-23,164.16676330566406,121.30937194824219,517.8671264648438,104.84856414794922,392.00970458984375,268.03265380859375,56.74873352050781,79.29267883300781,22.454999923706055,296.4533386230469,4128.72998046875
2022-08-24,164.46128845214844,120.34075927734375,518.9658813476562,105.1026840209961,392.54364013671875,267.4023742675781,57.190093994140625,79.9505615234375,22.961000442504883,297.0966796875,4140.77001953125
2022-08-25,166.91549682617188,121.57987976074219,526.1788940429688,107.5986557006836,397.0057373046875,270.36932373046875,60.02458572387695,80.56340789794922,23.398000717163086,296.07000732421875,4199.1201171875
2022-08-26,160.62290954589844,118.97952270507812,508.0748291015625,104.07705688476562,390.2086486816406,259.9365234375,56.52313995361328,79.36476135253906,22.327999114990234,288.0899963378906,4057.659912109375
2022-08-29,158.42391967773438,118.42106628417969,507.3487548828125,103.82293701171875,388.89617919921875,257.16357421875,55.915061950683594,78.80778503417969,22.457000732421875,284.82000732421875,4030.610107421875
2022-08-30,155.9991912841797,118.28142547607422,500.7377014160156,103.84107971191406,384.7600402832031,254.9722442626953,55.218692779541016,77.61235809326172,22.065000534057617,277.70001220703125,3986.159912109375
2022-08-31,154.34014892578125,117.33029174804688,498.788818359375,103.22391510009766,382.75555419921875,253.5178680419922,55.444278717041016,77.03275299072266,22.356000900268555,275.6099853515625,3955.0
2022-09-01,155.06658935546875,120.81196594238281,505.5431823730469,103.9318618774414,385.03338623046875,252.48043823242188,56.20930099487305,78.11952209472656,23.003999710083008,277.1600036621094,3966.85009765625
2022-09-02,152.95596313476562,118.9184341430664,495.93231201171875,103.20576477050781,381.3525695800781,248.27244567871094,55.24812316894531,77.07805633544922,22.611000061035156,270.2099914550781,3924.260009765625
2022-09-06,151.6994171142578,120.06153106689453,495.7316589355469,103.23298645019531,380.6327819824219,245.54788208007812,54.16924285888672,79.12477111816406,21.839000701904297,274.4200134277344,3908.18994140625
2022-09-07,153.10324096679688,121.03885650634766,505.99212646484375,105.19345092773438,382.78302001953125,250.2406463623047,53.943660736083984,81.72391510009766,22.895999908447266,283.70001220703125,3979.8701171875
2022-09-08,151.6306915283203,122.6182861328125,505.4953308105469,107.64402770996094,382.3365173339844,250.6575469970703,54.326175689697266,81.7510757446289,22.743999481201172,289.260009765625,4006.179931640625
2022-09-09,154.4873809814453,123.40361785888672,512.622314453125,108.161376953125,384.0493469238281,256.41693115234375,56.3367919921875,81.41600036621094,23.35700035095215,299.67999267578125,4067.360107421875
2022-09-12,160.43637084960938,124.11917114257812,515.43115234375,109.44111633300781,381.41632080078125,258.5403747558594,56.82719039916992,82.2401123046875,23.652999877929688,304.4200134277344,4110.41015625
2022-09-13,151.02207946777344,120.88176727294922,487.515625,105.63819122314453,372.9341125488281,244.3262176513672,52.59016418457031,80.47415161132812,21.812999725341797,292.1300048828125,3932.68994140625
2022-09-14,152.46511840820312,121.77183532714844,485.318359375,105.39312744140625,379.5850524902344,244.5491943359375,52.089962005615234,80.49226379394531,22.41200065612793,302.6099853515625,3946.010009765625
2022-09-15,149.57891845703125,124.354736328125,481.0192565917969,106.9814682006836,376.8153381347656,237.91722106933594,51.67802810668945,77.89311981201172,23.538000106811523,303.75,3901.35009765625
2022-09-16,147.9395294189453,125.707275390625,481.6307067871094,106.26443481445312,377.453125,237.29672241210938,51.8349494934082,76.78824615478516,24.01300048828125,303.3500061035156,3873.330078125
2022-09-19,151.65032958984375,124.48563385009766,483.95220947265625,107.24468231201172,379.4848327636719,237.08338928222656,51.0993537902832,78.64478302001953,24.363000869750977,309.07000732421875,3899.889892578125
2022-09-20,154.02603149414062,123.70901489257812,477.2169189453125,105.12991333007812,383.1838073730469,235.07632446289062,49.8243293762207,77.60331726074219,24.28499984741211,308.7300109863281,3855.929931640625
2022-09-21,150.9042510986328,122.43499755859375,471.0550537109375,102.09844970703125,382.837646484375,231.6827850341797,49.13776397705078,76.04562377929688,23.687000274658203,300.79998779296875,3789.929931640625
2022-09-22,149.94219970703125,124.79104614257812,465.41845703125,100.93669891357422,384.5504150390625,233.65106201171875,48.70622253417969,75.65621185302734,23.704999923706055,288.5899963378906,3757.989990234375
2022-09-23,147.6745147705078,124.83466339111328,445.5757141113281,99.05789947509766,376.3415832519531,230.68411254882812,49.13776397705078,74.73246765136719,22.641000747680664,275.3299865722656,3693.22998046875
2022-09-26,148.00830078125,123.22035217285156,458.8551330566406,96.92500305175781,371.40350341796875,230.22840881347656,47.94120788574219,73.49175262451172,22.406999588012695,276.010009765625,3655.0400390625
2022-09-27,148.98013305664062,123.66539001464844,456.9444885253906,96.07184600830078,364.1968078613281,229.22003173828125,49.60854721069336,73.42835998535156,22.43600082397461,282.94000244140625,3647.2900390625
2022-09-28,147.09532165527344,126.17848205566406,466.4884033203125,98.01415252685547,364.4337463378906,233.73829650878906,50.02048110961914,74.59661865234375,24.520000457763672,287.80999755859375,3719.0400390625
2022-09-29,139.8701171875,124.5379867553711,457.5941467285156,96.35321807861328,355.1315612792969,230.27687072753906,49.04949188232422,72.4231185913086,23.97100067138672,268.2099914550781,3640.469970703125
2022-09-30,135.66851806640625,117.11211395263672,451.1836853027344,94.84654235839844,351.9427490234375,225.81680297851562,49.13776397705078,71.01032257080078,23.54400062561035,265.25,3585.6201171875
2022-10-03,139.84066772460938,120.69851684570312,456.39990234375,97.7781753540039,364.1968078613281,233.41835021972656,50.726661682128906,73.52798461914062,23.90399932861328,242.39999389648438,3678.429931640625
2022-10-04,143.42384338378906,123.90100860595703,464.4248352050781,102.35256958007812,370.0004577636719,241.31077575683594,52.92363739013672,75.00415802001953,24.073999404907227,249.44000244140625,3790.929931640625
2022-10-05,143.71832275390625,125.07027435302734,458.874267578125,101.0888671875,366.7205505371094,241.62103271484375,53.67884826660156,74.0532455444336,23.67300033569336,240.80999755859375,3783.280029296875
2022-10-06,142.76609802246094,122.4175796508789,460.9473571777344,99.0284423828125,364.0783996582031,239.28431701660156,53.570953369140625,71.463134765625,24.00200080871582,238.1300048828125,3744.52001953125
2022-10-07,137.52392578125,121.08247375488281,447.2476806640625,97.05045318603516,368.0415344238281,227.11599731445312,52.003292083740234,69.4888687133789,22.475000381469727,223.07000732421875,3639.659912109375
2022-10-10,137.8478546142578,120.68980407714844,445.48974609375,96.14385223388672,373.53546142578125,222.27781677246094,50.49951171875,69.49794006347656,22.99799919128418,222.9600067138672,3612.389892578125
2022-10-11,136.43426513671875,123.48211669921875,450.94482421875,93.36915588378906,374.51025390625,218.55459594726562,52.78958511352539,68.85491943359375,21.429000854492188,216.5,3588.840087890625
2022-10-12,135.8059539794922,122.14706420898438,445.556640625,94.88013458251953,362.0830993652344,218.8842315673828,51.84603500366211,65.88446044921875,22.086999893188477,217.24000549316406,3577.030029296875
2022-10-13,140.37081909179688,125.98152160644531,447.0947570800781,100.1548080444336,369.8638000488281,227.11599731445312,53.91987228393555,66.1923828125,23.250999450683594,221.72000122070312,3669.909912109375
2022-10-14,135.84524536132812,125.99915313720703,434.35040283203125,101.82147216796875,354.78533935546875,221.6087646484375,51.81655502319336,64.99695587158203,23.0,204.99000549316406,3583.070068359375
2022-10-17,139.80142211914062,127.294921875,443.44537353515625,106.09799194335938,361.98284912109375,230.3059539794922,52.583187103271484,66.69954681396484,24.510000228881836,219.35000610351562,3677.949951171875
2022-10-18,141.11691284179688,127.46240234375,452.1390380859375,108.82688903808594,393.4425964355469,231.24647521972656,51.64946365356445,67.97647094726562,24.086000442504883,220.19000244140625,3719.97998046875
2022-10-19,141.224853515625,126.16663360595703,450.3811340332031,106.6932144165039,400.8406066894531,229.2878875732422,52.12123489379883,66.69048309326172,27.238000869750977,222.0399932861328,3695.159912109375
2022-10-20,140.7634735107422,125.99027252197266,443.8752136230469,106.34523010253906,404.8311767578125,228.9679412841797,52.779754638671875,63.973602294921875,26.81599998474121,207.27999877929688,3665.780029296875
2022-10-21,144.5724334716797,129.6308135986328,456.82977294921875,111.93126678466797,414.1880187988281,234.7563934326172,55.08948516845703,64.88827514648438,28.957000732421875,214.44000244140625,3752.75
2022-10-24,146.71246337890625,133.0069122314453,474.7808532714844,112.06861877441406,416.7845764160156,239.73036193847656,55.27622985839844,66.36445617675781,28.2450008392334,211.25,3797.340087890625
2022-10-25,149.54954528808594,132.06369018554688,476.7774658203125,112.36164855957031,419.23541259765625,243.03663635253906,54.912559509277344,68.70098114013672,29.101999282836914,222.4199981689453,3859.110107421875
2022-10-26,146.6143035888672,134.43490600585938,477.1501159667969,113.65287017822266,421.43115234375,224.28485107421875,54.4997673034668,68.46551513671875,29.86199951171875,224.63999938964844,3830.60009765625
2022-10-27,142.14764404296875,135.30758666992188,475.2264099121094,114.10157775878906,429.96795654296875,219.8538055419922,51.315284729003906,68.34779357910156,29.694000244140625,225.08999633789062,3807.300048828125
2022-10-28,152.88726806640625,130.11566162109375,488.9412841796875,115.45687866210938,441.75738525390625,228.6964569091797,53.113929748535156,71.57181549072266,29.57200050354004,228.52000427246094,3901.06005859375
2022-10-31,150.53118896484375,129.049072265625,479.9734802246094,115.27373504638672,443.406494140625,225.0702362060547,53.17290115356445,70.18623352050781,29.187999725341797,227.5399932861328,3871.97998046875
2022-11-01,147.89048767089844,129.4986114501953,478.49957275390625,117.35247039794922,442.4498596191406,221.23062133789062,53.91987228393555,70.37638854980469,28.674999237060547,227.82000732421875,3856.10009765625
2022-11-02,142.37342834472656,127.39188385009766,462.7557067871094,116.27188873291016,439.197265625,213.40606689453125,52.534034729003906,69.98696899414062,27.299999237060547,214.97999572753906,3759.68994140625
2022-11-03,136.33609008789062,127.3037338256836,465.4163513183594,116.48250579833984,441.7118835449219,207.73399353027344,52.56352615356445,70.80204772949219,26.9060001373291,215.30999755859375,3719.889892578125
2022-11-04,136.070556640625,128.06178283691406,465.53125,119.66927337646484,438.8420104980469,214.65682983398438,55.197601318359375,71.3635482788086,26.07900047302246,207.47000122070312,3770.550048828125
2022-11-07,136.60154724121094,130.54759216308594,467.57928466796875,120.3011703491211,445.18310546875,220.9397430419922,55.59074401855469,69.99602508544922,25.860000610351562,197.0800018310547,3806.800048828125
2022-11-08,137.17190551757812,130.92660522460938,471.608642578125,120.3744125366211,450.1849670410156,221.9093017578125,56.50480651855469,70.883544921875,26.34600067138672,191.3000030517578,3828.110107421875
2022-11-09,132.61917114257812,130.12445068359375,468.9384460449219,118.80850219726562,442.03985595703125,217.68194580078125,55.01085662841797,70.82015991210938,25.465999603271484,177.58999633789062,3748.570068359375
2022-11-10,144.41891479492188,131.97555541992188,491.10430908203125,123.69857025146484,447.1328125,235.59024047851562,59.23716354370117,75.34829711914062,27.496999740600586,190.72000122070312,3956.3701171875
2022-11-11,147.20164489746094,132.3634490966797,493.3437194824219,123.89999389648438,422.61553955078125,239.5946044921875,61.448612213134766,75.44791412353516,29.01300048828125,195.97000122070312,3992.929931640625
2022-11-14,145.8053436279297,133.7561798095703,487.8023681640625,122.62715911865234,420.9573974609375,234.20370483398438,60.721290588378906,73.9536361694336,29.927000045776367,190.9499969482422,3957.25
2022-11-15,147.53599548339844,134.90211486816406,503.8717041015625,121.73886108398438,425.7041320800781,234.61093139648438,62.0186767578125,75.0856704711914,31.020000457763672,194.4199981689453,3991.72998046875
2022-11-16,146.30685424804688,133.8707733154297,501.6129455566406,121.90370178222656,424.783935546875,235.03872680664062,57.86116027832031,76.36259460449219,30.601999282836914,186.9199981689453,3958.7900390625
2022-11-17,148.20468139648438,134.12643432617188,498.9427490234375,121.37257385253906,430.7332458496094,234.9901123046875,57.73339080810547,74.57850646972656,29.527999877929688,183.1699981689453,3946.56005859375
2022-11-18,148.76512145996094,136.61215209960938,501.1918029785156,122.56302642822266,434.4231872558594,234.54286193847656,57.576133728027344,75.34829711914062,28.79800033569336,180.19000244140625,3965.340087890625
2022-11-21,145.53990173339844,138.48974609375,500.90478515625,121.8396224975586,438.1769104003906,235.34988403320312,56.18046188354492,75.71054077148438,28.5049991607666,167.8699951171875,3949.93994140625
2022-11-22,147.67364501953125,140.85211181640625,509.116455078125,123.66192626953125,436.86492919921875,238.24742126464844,57.615440368652344,76.17242431640625,28.66900062561035,169.91000366210938,4003.580078125
2022-11-23,148.548828125,140.49954223632812,511.54736328125,124.98060607910156,438.29534912109375,240.726806640625,57.92013168334961,77.29654693603516,29.149999618530273,183.1999969482422,4027.260009765625
2022-11-25,145.6382293701172,140.7022705078125,510.7530822753906,125.21869659423828,440.47271728515625,240.63929748535156,57.40903854370117,77.67884063720703,28.554000854492188,182.86000061035156,4026.1201171875
2022-11-28,141.81314086914062,139.65328979492188,508.1307678222656,123.03005981445312,440.2449951171875,235.06787109375,54.79462814331055,76.21337890625,28.117000579833984,182.9199981689453,3963.93994140625
2022-11-29,138.81398010253906,139.45053100585938,506.2547302246094,125.05387115478516,441.0558776855469,233.67747497558594,54.17542266845703,75.0846939086914,28.09600067138672,180.8300018310547,3957.6298828125
2022-11-30,145.55955505371094,142.07736206054688,516.1032104492188,126.53736877441406,444.80548095703125,248.0775604248047,56.662071228027344,77.09629821777344,30.55299949645996,194.6999969482422,4080.110107421875
2022-12-01,145.83485412597656,142.47402954101562,482.2321472167969,124.76082611083984,443.43035888671875,247.6400146484375,54.53907775878906,77.21463012695312,31.69499969482422,194.6999969482422,4076.570068359375
2022-12-02,145.3432159423828,144.26344299316406,473.3026123046875,123.77183532714844,454.9265441894531,247.96087646484375,53.74296188354492,77.55140686035156,32.04100036621094,194.86000061035156,4071.699951171875
2022-12-05,144.1829376220703,144.51028442382812,467.6846618652344,120.3011703491211,449.8293762207031,243.2742919921875,53.113929748535156,77.50589752197266,31.259000778198242,182.4499969482422,3998.840087890625
2022-12-06,140.52496337890625,144.31637573242188,460.506591796875,120.50262451171875,443.7145080566406,238.33489990234375,52.760093688964844,77.53321075439453,30.555999755859375,179.82000732421875,3941.260009765625
2022-12-07,138.58787536621094,145.7972412109375,461.28179931640625,120.42018127441406,441.14764404296875,237.60565185546875,52.89769744873047,77.63333129882812,30.841999053955078,174.0399932861328,3933.919921875
2022-12-08,140.2693328857422,146.3173065185547,460.75537109375,121.6839370727539,444.97967529296875,240.55178833007812,54.254051208496094,78.06114196777344,31.025999069213867,173.44000244140625,3963.510009765625
2022-12-09,139.78749084472656,143.73455810546875,462.2867431640625,121.02460479736328,443.32952880859375,238.62661743164062,53.92970657348633,76.92335510253906,32.000999450683594,179.0500030517578,3934.3798828125
2022-12-12,142.07861328125,145.72674560546875,466.7467041015625,122.90185546875,445.84149169921875,245.52032470703125,54.40147399902344,78.78023529052734,31.51799964904785,167.82000732421875,3990.56005859375
2022-12-13,143.04225158691406,145.25953674316406,467.2444152832031,122.78282165527344,440.2491455078125,249.8082733154297,54.293365478515625,79.32635498046875,32.034000396728516,160.9499969482422,4019.64990234375
2022-12-14,140.82000732421875,145.32119750976562,462.7652282714844,122.16928100585938,444.80548095703125,250.10000610351562,53.654502868652344,79.2353515625,31.783000946044922,156.8000030517578,3995.320068359375
2022-12-15,134.2219696044922,143.7698211669922,443.99700927734375,119.13816833496094,438.9382629394531,242.11721801757812,51.148197174072266,78.10664367675781,29.041000366210938,157.6699981689453,3895.75
2022-12-16,132.2651824951172,141.4603271484375,441.6426086425781,118.39637756347656,441.6884460449219,237.9167938232422,51.17768859863281,76.5865707397461,29.070999145507812,150.22999572753906,3852.360107421875
2022-12-19,130.16087341308594,142.35064697265625,438.9436340332031,119.10153198242188,441.6884460449219,233.79417419433594,50.83369064331055,76.02222442626953,28.829999923706055,149.8699951171875,3817.659912109375
2022-12-20,130.09205627441406,141.54849243164062,438.1684265136719,119.6784439086914,445.6855773925781,235.1068115234375,49.811500549316406,76.02222442626953,28.819000244140625,137.8000030517578,3821.6201171875
2022-12-21,133.18948364257812,142.9853057861328,442.2264099121094,121.02460479736328,447.0606994628906,237.66400146484375,50.31277084350586,77.05078887939453,29.79599952697754,137.57000732421875,3878.43994140625
2022-12-22,130.02325439453125,143.91964721679688,439.02020263671875,119.65098571777344,439.40570068359375,231.59674072265625,48.58293533325195,75.85839080810547,29.774999618530273,125.3499984741211,3822.389892578125
2022-12-23,129.65939331054688,143.7698211669922,442.7910461425781,120.21875,443.0636901855469,232.12179565429688,49.3397331237793,76.6138916015625,29.496000289916992,123.1500015258789,3844.820068359375
2022-12-27,127.85994720458984,143.67288208007812,438.8191833496094,120.63998413085938,445.0896911621094,230.40077209472656,49.16282653808594,76.45912170410156,28.41699981689453,109.0999984741211,3829.25
2022-12-28,123.9365234375,143.00294494628906,433.54571533203125,121.29933166503906,442.9994201660156,228.0380401611328,48.27824783325195,75.69454956054688,27.687999725341797,112.70999908447266,3783.219970703125
2022-12-29,127.44696044921875,143.29380798339844,436.93377685546875,121.99529266357422,446.5106506347656,234.33868408203125,49.78203201293945,76.5319595336914,29.11199951171875,121.81999969482422,3849.280029296875
2022-12-30,127.7615966796875,142.45640563964844,436.905029296875,122.80115509033203,445.9972229003906,233.18161010742188,49.23529052734375,76.09505462646484,29.488000869750977,123.18000030517578,3839.5
2023-01-03,122.98271179199219,143.1351776123047,433.82330322265625,123.7352066040039,437.7830505371094,232.94821166992188,49.619476318359375,76.30440521240234,29.4950008392334,108.0999984741211,3824.139892578125
2023-01-04,124.25118255615234,144.28988647460938,436.9624938964844,124.88902282714844,436.8387451171875,222.7583770751953,53.39241409301758,76.9051284790039,30.94099998474121,113.63999938964844,3852.969970703125
2023-01-05,122.93354797363281,144.11358642578125,430.865966796875,124.86136627197266,437.36138916015625,216.15626525878906,53.894805908203125,75.21211242675781,30.969999313354492,110.33999633789062,3808.10009765625
2023-01-06,127.45679473876953,146.81092834472656,462.1431579589844,127.25065612792969,433.85009765625,218.7037811279297,55.92412185668945,76.14056396484375,31.55500030517578,113.05999755859375,3895.080078125
2023-01-09,127.9779281616211,142.50050354003906,458.1999816894531,126.72480773925781,420.7862243652344,220.83316040039062,55.520225524902344,76.52285766601562,31.517000198364258,119.7699966430664,3892.090087890625
2023-01-10,128.54824829101562,140.7198944091797,460.7362365722656,127.85950469970703,423.8115234375,222.51528930664062,56.35755920410156,76.9506607055664,32.75400161743164,118.8499984741211,3919.25
2023-01-11,131.26223754882812,138.54263305664062,463.5213317871094,128.8096923828125,424.46240234375,229.2437286376953,57.19489669799805,77.36934661865234,32.72600173950195,123.22000122070312,3969.610107421875
2023-01-12,131.18353271484375,135.454833984375,461.7220458984375,128.6805419921875,423.30731201171875,231.9078826904297,56.41667556762695,77.43309020996094,33.01300048828125,123.55999755859375,3983.169921875
2023-01-13,132.51101684570312,136.6828155517578,464.4209899902344,131.9277801513672,412.3886413574219,232.60794067382812,56.081729888916016,77.0781021118164,33.28200149536133,122.4000015258789,3999.090087890625
2023-01-17,133.67132568359375,135.99765014648438,465.875732421875,129.8890380859375,409.94085693359375,233.6969451904297,56.0029296875,78.04293823242188,32.62200164794922,131.49000549316406,3990.969970703125
2023-01-18,132.95350646972656,132.76744079589844,458.88909912109375,125.98683166503906,404.5411071777344,229.28260803222656,55.66798400878906,76.27710723876953,32.632999420166016,128.77999877929688,3928.860107421875
2023-01-19,133.01251220703125,132.3314208984375,449.33746337890625,124.30784606933594,402.7442626953125,225.51002502441406,55.520225524902344,75.17572021484375,31.577999114990234,127.16999816894531,3898.85009765625
2023-01-20,135.569091796875,133.11447143554688,459.5016174316406,124.61227416992188,406.38385009765625,233.570556640625,57.58894348144531,74.47483825683594,34.25,133.4199981689453,3972.610107421875
2023-01-23,138.75503540039062,132.18902587890625,471.4650573730469,126.6325912475586,404.55029296875,235.86524963378906,60.89887237548828,75.24851989746094,35.742000579833984,143.75,4019.81005859375
2023-01-24,140.1513214111328,131.4237060546875,470.9865417480469,127.72113800048828,411.8385314941406,235.34019470214844,60.34722137451172,76.36811065673828,36.382999420166016,143.88999938964844,4016.949951171875
2023-01-25,139.4925079345703,131.51272583007812,469.809326171875,128.3391876220703,416.3582458496094,233.94976806640625,60.623046875,69.71435546875,36.79600143432617,144.42999267578125,4016.219970703125
2023-01-26,141.55751037597656,131.16566467285156,476.9107666015625,129.13253784179688,421.5379333496094,241.1351776123047,61.8642692565918,69.5414047241211,36.48699951171875,160.27000427246094,4060.429931640625
2023-01-27,143.49459838867188,130.16903686523438,481.6866760253906,129.44619750976562,421.34539794921875,241.29074096679688,62.9183235168457,68.7950210571289,36.07699966430664,177.89999389648438,4070.56005859375
2023-01-30,140.6134796142578,129.60838317871094,481.67706298828125,128.34841918945312,422.2530212402344,235.99163818359375,60.79051208496094,68.31260681152344,35.31100082397461,166.66000366210938,4017.77001953125
2023-01-31,141.88192749023438,131.4770965576172,489.1997375488281,129.11410522460938,424.7008056640625,240.950439453125,59.40152359008789,67.93031311035156,35.38600158691406,173.22000122070312,4076.60009765625
2023-02-01,143.00294494628906,130.4538116455078,495.6790466308594,128.77279663085938,423.7748107910156,245.75372314453125,61.66725158691406,67.5753173828125,36.19900131225586,181.41000366210938,4119.2099609375
2023-02-02,148.30296325683594,128.88763427734375,501.8341369628906,128.17315673828125,419.1360778808594,257.27569580078125,62.228759765625,68.81322479248047,36.68899917602539,188.27000427246094,4179.759765625
2023-02-03,151.92152404785156,129.20797729492188,493.5602722167969,130.1565399169922,420.8687438964844,251.1986541748047,61.480079650878906,67.96671295166016,36.59000015258789,189.97999572753906,4136.47998046875
2023-02-06,149.19778442382812,129.04779052734375,494.3177185058594,130.9222412109375,430.0547180175781,249.6624298095703,59.08629608154297,68.73131561279297,36.14799880981445,194.75999450683594,4111.080078125
2023-02-07,152.06906127929688,129.1545867919922,495.2189025878906,132.5181427001953,429.3487854003906,260.1536865234375,61.204254150390625,69.25015258789062,36.29499816894531,196.80999755859375,4164.0
2023-02-08,149.3846435546875,128.68296813964844,483.02374267578125,131.58641052246094,430.5589599609375,259.3467712402344,59.352272033691406,68.29438781738281,36.68299865722656,201.2899932861328,4117.85986328125
2023-02-09,148.35214233398438,132.32252502441406,479.97491455078125,129.5384521484375,430.9623107910156,256.3228454589844,59.28330612182617,66.69239807128906,36.25,207.32000732421875,4081.5
2023-02-10,148.7165069580078,135.3035430908203,479.36126708984375,130.1103973388672,440.80841064453125,255.81719970703125,58.92866897583008,68.0304183959961,34.736000061035156,196.88999938964844,4090.4599609375
2023-02-13,151.51339721679688,136.79849243164062,485.5547790527344,131.52183532714844,441.8534851074219,263.8096618652344,59.22420120239258,68.83142852783203,35.856998443603516,194.63999938964844,4137.2900390625
2023-02-14,150.87326049804688,135.78407287597656,482.4580993652344,132.10302734375,441.4960021972656,264.63616943359375,61.145145416259766,69.2046127319336,35.99599838256836,209.25,4136.1298828125
2023-02-15,152.9709014892578,134.42259216308594,490.1855163574219,132.6565399169922,440.5150146484375,262.5209655761719,60.91857147216797,70.0329360961914,36.141998291015625,214.24000549316406,4147.60009765625
2023-02-16,151.37554931640625,133.0610809326172,483.30181884765625,130.82998657226562,432.0257568359375,255.53192138671875,59.15524673461914,68.8951644897461,35.07099914550781,202.0399932861328,4090.409912109375
2023-02-17,150.233154296875,134.64505004882812,486.5422668457031,131.2174072265625,436.04119873046875,251.545166015625,58.130741119384766,69.24103546142578,34.79600143432617,208.30999755859375,4079.090087890625
2023-02-21,146.22494506835938,135.259033203125,481.0390930175781,128.8096923828125,439.3049011230469,246.29122924804688,56.74175262451172,67.0473861694336,33.75,197.3699951171875,3997.340087890625
2023-02-22,146.64840698242188,134.07553100585938,476.86859130859375,127.82257080078125,439.6165771484375,245.16053771972656,56.13098907470703,67.06558227539062,33.487998962402344,200.86000061035156,3991.050048828125
2023-02-23,147.1309814453125,135.32131958007812,472.7939147949219,128.8465576171875,439.20404052734375,248.3382568359375,57.874610900878906,66.32830047607422,32.3650016784668,202.07000732421875,4012.320068359375
2023-02-24,144.48184204101562,135.890869140625,468.4508361816406,130.00892639160156,440.4141845703125,242.92837524414062,57.31310272216797,66.37380981445312,31.71500015258789,196.8800048828125,3970.0400390625
2023-02-27,145.67344665527344,137.28793334960938,466.9360046386719,131.14364624023438,439.5799560546875,243.84461975097656,57.03728485107422,65.83148193359375,32.303001403808594,207.6300048828125,3982.239990234375
2023-02-28,145.1711883544922,136.94976806640625,464.20355224609375,132.2414093017578,437.5226745605469,243.12335205078125,56.958473205566406,65.07110595703125,32.2130012512207,205.7100067138672,3970.14990234375
2023-03-01,143.10308837890625,138.16891479492188,458.9209899902344,131.50338745117188,437.5871887207031,240.05287170410156,56.48562240600586,64.00843811035156,31.347999572753906,202.77000427246094,3951.389892578125
2023-03-02,143.6940155029297,137.37692260742188,465.6513977050781,130.13809204101562,441.2589416503906,244.77061462402344,55.58918762207031,66.15210723876953,31.187999725341797,190.89999389648438,3981.35009765625
2023-03-03,148.7362060546875,138.87188720703125,455.651611328125,132.5273895263672,440.8714599609375,248.8450927734375,55.93397521972656,67.63621520996094,31.51799964904785,197.7899932861328,4045.639892578125
2023-03-06,151.49371337890625,138.1777801513672,463.1489562988281,131.7524871826172,442.974853515625,250.38522338867188,55.98322677612305,68.15839385986328,31.202999114990234,193.80999755859375,4048.419921875
2023-03-07,149.29757690429688,136.08660888671875,465.1335754394531,127.87791442871094,441.581787109375,247.73391723632812,54.73214340209961,67.56290435791016,30.847000122070312,187.7100067138672,3986.3701171875
2023-03-08,150.5482940673828,133.12338256835938,465.9869384765625,127.12149047851562,442.35675048828125,247.29527282714844,56.04233169555664,68.02098083496094,31.179000854492188,182.0,3992.010009765625
2023-03-09,148.3029022216797,131.12118530273438,459.73590087890625,120.23958587646484,438.9894714355469,245.9501190185547,54.77155303955078,67.57208251953125,29.777999877929688,172.9199981689453,3918.320068359375
2023-03-10,146.24462890625,133.22125244140625,451.7016296386719,123.29307556152344,438.66656494140625,242.31427001953125,54.11153793334961,66.885009765625,29.275999069213867,173.44000244140625,3861.590087890625
2023-03-13,148.1847381591797,135.2145233154297,452.5260925292969,121.0790786743164,440.35479736328125,247.50967407226562,53.09688186645508,67.14151000976562,29.35099983215332,174.47999572753906,3855.760009765625
2023-03-14,150.2725372314453,136.90530395507812,462.036865234375,124.18789672851562,441.7755126953125,254.2062530517578,53.46137237548828,68.29581451416016,29.493999481201172,183.25999450683594,3919.2900390625
2023-03-15,150.6664581298828,137.09214782714844,465.6225280761719,118.3207778930664,436.64617919921875,258.73883056640625,53.323455810546875,69.1844253540039,30.378999710083008,180.4499969482422,3891.929931640625
2023-03-16,153.48301696777344,138.19561767578125,467.15655517578125,120.61780548095703,436.5816345214844,269.227294921875,55.72709655761719,69.83486938476562,31.006000518798828,184.1300048828125,3960.280029296875
2023-03-17,152.6459503173828,137.23452758789062,466.9551696777344,116.06063079833984,429.7825927734375,272.37567138671875,55.815757751464844,69.32183837890625,30.350000381469727,180.1300048828125,3916.639892578125
2023-03-20,155.0094757080078,138.92526245117188,469.102783203125,117.2875747680664,438.85113525390625,265.35748291015625,56.78115463256836,69.5966796875,30.51300048828125,183.25,3951.570068359375
2023-03-21,156.8609161376953,139.503662109375,470.5984802246094,120.43331146240234,437.9839172363281,266.8683166503906,57.756404876708984,69.037841796875,30.57900047302246,197.5800018310547,4002.8701171875
2023-03-22,155.4329376220703,136.74508666992188,467.40576171875,117.324462890625,432.57781982421875,265.41595458984375,57.303253173828125,67.91104888916016,29.389999389648438,191.14999389648438,3936.969970703125
2023-03-23,156.51622009277344,138.19561767578125,467.6359558105469,117.01081085205078,431.6552734375,270.6503601074219,60.426025390625,67.61787414550781,32.0369987487793,192.22000122070312,3948.719970703125
2023-03-24,157.81619262695312,140.61605834960938,474.8359375,115.23038482666016,437.781005859375,273.4869689941406,60.24870300292969,69.34017181396484,32.8390007019043,190.41000366210938,3970.989990234375
2023-03-27,155.87612915039062,140.18887329101562,472.8706359863281,118.53296661376953,436.7201232910156,269.4027099609375,58.89912796020508,69.11114501953125,32.76599884033203,191.80999755859375,3977.530029296875
2023-03-28,155.25570678710938,140.82069396972656,466.6867370605469,118.89274597167969,434.92108154296875,268.2817687988281,58.396724700927734,68.92792510986328,32.35200119018555,189.19000244140625,3971.27001953125
2023-03-29,158.32830810546875,140.59820556640625,470.6175842285156,119.1325912475586,437.4580993652344,273.4284362792969,62.593238830566406,69.72493743896484,33.202999114990234,193.8800048828125,4027.81005859375
2023-03-30,159.89414978027344,140.52703857421875,471.20245361328125,118.7728042602539,436.5263366699219,276.8790283203125,62.14995193481445,70.1646728515625,33.84299850463867,195.27999877929688,4050.830078125
2023-03-31,162.39556884765625,141.8173065185547,476.3699645996094,120.21189880371094,436.1112060546875,281.0218200683594,59.44092559814453,70.61357116699219,34.54800033569336,207.4600067138672,4109.31005859375
2023-04-03,163.6462860107422,142.75164794921875,476.5234375,120.07354736328125,448.9252014160156,279.9787902832031,58.721805572509766,70.23795318603516,34.827999114990234,194.77000427246094,4124.509765625
2023-04-04,163.11448669433594,142.1821746826172,477.19451904296875,118.4683609008789,450.696533203125,279.9300537109375,56.41667556762695,70.68685913085938,34.67499923706055,192.5800018310547,4100.60009765625
2023-04-05,161.27288818359375,143.08984375,476.6193542480469,118.64502716064453,452.0341491699219,277.1617431640625,56.17039108276367,71.7586898803711,34.23500061035156,185.52000427246094,4090.3798828125
2023-04-06,162.15921020507812,143.75721740722656,465.92938232421875,118.51485443115234,452.20025634765625,284.2384338378906,57.80403137207031,72.3449935913086,33.93299865722656,185.05999755859375,4105.02001953125
2023-04-10,159.5691375732422,143.5169677734375,473.4554748535156,118.90535736083984,458.2705078125,282.0842590332031,62.45323181152344,71.8503189086914,33.89899826049805,184.50999450683594,4109.10986328125
2023-04-11,158.3578643798828,143.60594177246094,478.0766296386719,119.49110412597656,450.0506896972656,275.6897888183594,62.74936294555664,71.7678451538086,33.82099914550781,186.7899932861328,4108.93994140625
2023-04-12,157.66847229003906,144.47802734375,469.16033935546875,119.47249603271484,450.29058837890625,276.33319091796875,61.160133361816406,71.99688720703125,33.10300064086914,180.5399932861328,4091.949951171875
2023-04-13,163.04554748535156,146.10348510742188,477.34796142578125,119.92807006835938,454.0176086425781,282.52288818359375,62.186710357666016,72.23506164550781,34.61899948120117,185.89999389648438,4146.22021484375
2023-04-14,162.7008819580078,145.11561584472656,471.0299377441406,128.98379516601562,450.1890563964844,278.9163513183594,61.82149124145508,71.47470092773438,33.862998962402344,185.0,4137.64013671875
2023-04-17,162.72055053710938,144.74740600585938,473.5609436035156,130.00656127929688,451.7113037109375,281.5091857910156,61.73265075683594,71.9510726928711,33.27199935913086,187.0399932861328,4151.31982421875
2023-04-18,163.9417266845703,143.31951904296875,476.3988037109375,131.46624755859375,462.56951904296875,281.09002685546875,61.13052749633789,71.73120880126953,33.369998931884766,184.30999755859375,4154.8701171875
2023-04-19,165.08413696289062,144.77438354492188,475.5646667480469,131.2988739013672,456.8037109375,281.1679992675781,59.86705780029297,72.31751251220703,32.3120002746582,180.58999633789062,4154.52001953125
2023-04-20,164.11895751953125,145.2503662109375,484.72064208984375,130.91766357421875,452.596923828125,278.8870544433594,60.666587829589844,72.14347076416016,32.53499984741211,162.99000549316406,4129.7900390625
2023-04-21,162.51376342773438,145.85205078125,485.4590148925781,130.66664123535156,445.1705322265625,278.54595947265625,60.340850830078125,72.36331939697266,32.79800033569336,165.0800018310547,4133.52001953125
2023-04-24,162.8190460205078,147.35174560546875,490.3197326660156,130.8433074951172,443.666748046875,274.6565856933594,58.741764068603516,72.40914154052734,32.902000427246094,162.5500030517578,4137.0400390625
2023-04-25,161.28273010253906,148.08816528320312,482.4101257324219,127.9982681274414,438.74041748046875,268.4669494628906,57.38945007324219,71.29148864746094,32.255001068115234,160.6699981689453,4071.6298828125
2023-04-26,161.27288818359375,145.30426025390625,474.25128173828125,125.72970581054688,425.8617248535156,287.9132385253906,60.23227310180664,67.85607147216797,32.1150016784668,153.75,4055.989990234375
2023-04-27,165.85227966308594,133.6924591064453,480.5885009765625,127.42183685302734,428.9799499511719,297.1344909667969,61.10091781616211,69.48673248291016,32.584999084472656,160.19000244140625,4135.35009765625
2023-04-28,167.10296630859375,135.71304321289062,482.4580993652344,128.52822875976562,428.4725646972656,299.5030822753906,63.529144287109375,70.2012939453125,32.99300003051758,164.30999755859375,4169.47998046875
2023-05-01,167.01434326171875,138.0390167236328,473.22540283203125,131.2803192138672,433.0667724609375,297.8460388183594,61.54510498046875,70.3570556640625,32.4119987487793,161.8300018310547,4167.8701171875
2023-05-02,165.9803009033203,136.16207885742188,474.39508056640625,129.16046142578125,423.34326171875,297.6998291015625,61.10091781616211,69.56920623779297,31.7549991607666,160.30999755859375,4119.580078125
2023-05-03,164.90684509277344,134.03370666503906,469.8409729003906,126.42700958251953,417.97412109375,296.7153625488281,60.12369155883789,69.06533813476562,31.93000030517578,160.61000061035156,4090.75
2023-05-04,163.2720489501953,132.3363800048828,471.09002685546875,124.69766998291016,416.92236328125,297.6998291015625,59.728858947753906,69.17527770996094,32.077999114990234,161.1999969482422,4061.219970703125
2023-05-05,170.9339141845703,132.9381103515625,479.4676208496094,127.13361358642578,420.2527770996094,302.8075256347656,60.4395637512207,69.17527770996094,32.2760009765625,170.05999755859375,4136.25
2023-05-08,170.86495971679688,132.41722106933594,479.4676208496094,127.44043731689453,416.0275573730469,300.8580017089844,60.08421325683594,69.67913055419922,33.12099838256836,171.7899932861328,4138.1201171875
2023-05-09,169.16123962402344,131.8604278564453,481.1297607421875,126.82682037353516,417.02386474609375,299.2496337890625,60.143436431884766,69.2394027709961,33.2140007019043,169.14999389648438,4119.169921875
2023-05-10,170.92404174804688,131.49224853515625,480.04412841796875,126.89188385009766,418.0478820800781,304.42559814453125,59.21556854248047,70.43949890136719,33.54199981689453,168.5399932861328,4137.64013671875
2023-05-11,171.11117553710938,131.6448974609375,482.1865539550781,126.49210357666016,415.7784729003906,302.2811584472656,60.81464767456055,69.71576690673828,34.47600173950195,172.0800018310547,4130.6201171875
2023-05-12,170.1841583251953,132.1478271484375,484.2809753417969,124.67908477783203,415.8706970214844,301.1699523925781,60.1335563659668,71.41973876953125,33.98899841308594,167.97999572753906,4124.080078125
2023-05-15,169.69105529785156,131.6448974609375,482.3306579589844,125.72970581054688,416.9132080078125,301.6475830078125,63.8055534362793,71.03498077392578,33.5890007019043,166.35000610351562,4136.27978515625
2023-05-16,169.69105529785156,128.6813201904297,476.6718444824219,124.88363647460938,413.04779052734375,303.8699951171875,62.907291412353516,69.47759246826172,33.375,166.52000427246094,4109.89990234375
2023-05-17,170.302490234375,128.73524475097656,475.5670471191406,128.72348022460938,421.8763427734375,306.7420349121094,64.08192443847656,69.0195083618164,33.99599838256836,173.86000061035156,4158.77001953125
2023-05-18,172.62986755371094,128.81605529785156,478.54534912109375,129.69970703125,420.4465026855469,311.1575622558594,66.69771575927734,68.79966735839844,37.12900161743164,176.88999938964844,4198.0498046875
2023-05-19,172.73834228515625,130.3157958984375,477.02734375,129.4021759033203,419.2840881347656,310.98175048828125,67.28997039794922,68.231689453125,36.5359992980957,180.13999938964844,4191.97998046875
2023-05-22,171.7916259765625,130.127197265625,472.5599060058594,128.33299255371094,419.4962463378906,313.756103515625,65.37503051757812,68.32328033447266,36.30099868774414,188.8699951171875,4192.6298828125
2023-05-23,169.1881103515625,127.98986053466797,465.83477783203125,126.99414825439453,417.5682067871094,307.9729919433594,65.15784454345703,67.93852996826172,35.5989990234375,185.77000427246094,4145.580078125
2023-05-24,169.46424865722656,126.75950622558594,463.8076171875,125.83196258544922,417.6512145996094,306.59552001953125,65.67115020751953,68.01182556152344,36.48500061035156,182.89999389648438,4115.240234375
2023-05-25,170.59835815429688,124.48744201660156,467.44879150390625,126.13876342773438,408.52734375,318.38653564453125,68.71138000488281,67.23313903808594,35.900001525878906,184.47000122070312,4151.27978515625
2023-05-26,173.00460815429688,123.5354995727539,487.34576416015625,127.31956481933594,413.71197509765625,325.19549560546875,72.97560119628906,68.15325164794922,37.88800048828125,193.1699981689453,4205.4501953125
2023-05-30,174.84877014160156,122.52973175048828,488.08551025390625,127.80303192138672,413.2691345214844,323.55426025390625,70.76453399658203,67.01923370361328,39.29800033569336,201.16000366210938,4205.52001953125
2023-05-31,174.7994384765625,123.8947525024414,491.4769592285156,126.17597961425781,412.3775329589844,320.79949951171875,67.319580078125,67.72915649414062,39.52299880981445,203.92999267578125,4179.830078125
2023-06-01,177.6001739501953,119.8355941772461,492.47601318359375,127.91459655761719,417.6343688964844,324.8925476074219,68.19808197021484,67.26815795898438,40.3129997253418,207.52000427246094,4221.02001953125
2023-06-02,178.44827270507812,122.91588592529297,492.466552734375,130.60157775878906,422.1109313964844,327.6474304199219,68.27706909179688,68.0887222290039,40.047000885009766,213.97000122070312,4282.3701171875
2023-06-05,177.0972137451172,122.90689849853516,497.90423583984375,129.31854248046875,422.2966613769531,328.1749572753906,66.89513397216797,67.84901428222656,40.354000091552734,217.61000061035156,4273.7900390625
2023-06-06,176.7323760986328,121.62266540527344,495.9924621582031,129.55096435546875,425.9559631347656,325.9671630859375,66.6681137084961,67.6553955078125,39.92900085449219,221.30999755859375,4283.85009765625
2023-06-07,175.361572265625,122.5835952758789,491.1598815917969,130.8061065673828,428.8536682128906,315.90521240234375,66.19430541992188,68.3837661743164,39.97700119018555,224.57000732421875,4267.52001953125
2023-06-08,178.0735626220703,123.60735321044922,499.6720886230469,130.8433074951172,431.1012878417969,317.7417907714844,64.47676086425781,69.05683135986328,40.9370002746582,234.86000061035156,4293.93017578125
2023-06-09,178.4581756591797,124.09231567382812,496.9723815917969,131.10362243652344,429.7267150878906,319.2364501953125,64.58534240722656,68.29155731201172,42.00199890136719,244.39999389648438,4298.85986328125
2023-06-12,181.2490234375,123.68816375732422,500.5174865722656,131.09434509277344,427.10760498046875,324.1794738769531,66.57925415039062,68.20858764648438,42.39699935913086,249.8300018310547,4338.93017578125
2023-06-13,180.77566528320312,124.20905303955078,501.5262451171875,132.04269409179688,420.1419677734375,326.5631408691406,66.99384307861328,68.54971313476562,43.573001861572266,258.7099914550781,4369.009765625
2023-06-14,181.4068145751953,122.34110260009766,506.5029296875,131.5499267578125,420.30908203125,329.5426025390625,68.22770690917969,67.67383575439453,44.08599853515625,256.7900085449219,4372.58984375
2023-06-15,183.4383544921875,122.03580474853516,508.40521240234375,133.03753662109375,423.4668884277344,340.0538024902344,67.93157958984375,68.5589370727539,44.527000427246094,255.89999389648438,4425.83984375
2023-06-16,182.3634033203125,124.50541687011719,503.0923156738281,133.195556640625,426.4574890136719,334.4172668457031,66.78655242919922,69.69298553466797,43.19599914550781,260.5400085449219,4409.58984375
2023-06-20,182.45217895507812,123.76903533935547,499.29736328125,132.51686096191406,425.7237854003906,330.2361755371094,66.03636932373047,68.92774200439453,43.470001220703125,274.45001220703125,4388.7099609375
2023-06-21,181.4167022705078,122.90689849853516,499.2204284667969,132.32162475585938,432.8380432128906,325.84991455078125,64.9505615234375,69.8681640625,42.44499969482422,259.4599914550781,4365.68994140625
2023-06-22,184.41464233398438,123.40082550048828,503.6206359863281,129.7740936279297,430.41400146484375,331.8577575683594,65.39474487304688,69.26886749267578,42.24800109863281,264.6099853515625,4381.89013671875
2023-06-23,184.09909057617188,122.0627212524414,503.85125732421875,129.09539794921875,426.63397216796875,327.27618408203125,64.4372787475586,68.3837661743164,42.402000427246094,256.6000061035156,4348.330078125
2023-06-26,182.70855712890625,121.19161224365234,502.8713073730469,129.41148376464844,420.5412902832031,321.0046081542969,64.6051025390625,68.49439239501953,41.59400177001953,241.0500030517578,4328.81982421875
2023-06-27,185.4600067138672,119.08122253417969,509.510009765625,129.42080688476562,420.8663635253906,326.8365783691406,65.92780303955078,68.14405059814453,41.70800018310547,250.2100067138672,4378.41015625
2023-06-28,186.63356018066406,119.00037384033203,511.88311767578125,128.8536376953125,417.625,328.0870056152344,66.20416259765625,67.71070861816406,42.98400115966797,256.239990234375,4376.85986328125
2023-06-29,186.96884155273438,119.6469955444336,510.816650390625,133.35360717773438,424.85076904296875,327.3055114746094,63.49955368041992,67.1298599243164,42.82400131225586,257.5,4396.43994140625
2023-06-30,191.28829956054688,120.9940414428711,517.2440185546875,135.22239685058594,427.5813293457031,332.6685791015625,62.295291900634766,68.41142272949219,44.04899978637695,261.7699890136719,4450.3798828125
2023-07-03,189.79916381835938,121.24549865722656,519.799560546875,136.31021118164062,429.62457275390625,330.17755126953125,63.07508850097656,68.57737731933594,44.14400100708008,279.82000732421875,4455.58984375
2023-07-05,188.68479919433594,123.58942413330078,519.8860473632812,135.40216064453125,429.79168701171875,330.3338317871094,61.258846282958984,69.1029052734375,44.59000015258789,282.4800109863281,4446.81982421875
2023-07-06,189.15817260742188,123.25713348388672,516.273681640625,134.06349182128906,428.7514953613281,333.3817443847656,60.4395637512207,67.32347869873047,43.88399887084961,276.5400085449219,4411.58984375
2023-07-07,188.0437774658203,121.68553924560547,504.4372863769531,135.12132263183594,426.0302734375,329.4253845214844,59.97970962524414,66.42914581298828,43.810001373291016,274.42999267578125,4398.9501953125
2023-07-10,186.00238037109375,120.77850341796875,506.3203125,135.87957763671875,427.5813293457031,324.1599426269531,61.78947448730469,66.11568450927734,44.17100143432617,269.6099853515625,4409.52978515625
2023-07-11,185.47970581054688,121.74842834472656,508.84716796875,138.00462341308594,433.0702209472656,324.78509521484375,62.897090911865234,66.55823516845703,44.020999908447266,269.7900085449219,4439.259765625
2023-07-12,187.14637756347656,121.21855163574219,516.8789672851562,138.68797302246094,429.0487365722656,329.40582275390625,63.084999084472656,67.73835754394531,44.404998779296875,271.989990234375,4472.16015625
2023-07-13,187.90570068359375,121.3002700805664,517.3112182617188,139.36199951171875,433.15386962890625,334.7396240234375,63.81681442260742,67.95964813232422,45.03799819946289,277.8999938964844,4510.0400390625
2023-07-14,188.0536346435547,123.49764251708984,525.2373657226562,140.20452880859375,431.2312927246094,337.25994873046875,63.37178039550781,67.48941802978516,44.191001892089844,281.3800048828125,4505.419921875
2023-07-17,191.30799865722656,122.42622375488281,531.2516479492188,143.58396911621094,436.4880676269531,337.7386779785156,64.43986511230469,66.99156951904297,45.005001068115234,290.3800048828125,4522.7900390625
2023-07-18,191.05162048339844,124.01519775390625,531.85693359375,143.84605407714844,423.23468017578125,351.18060302734375,64.22230529785156,66.42914581298828,47.47999954223633,293.3399963378906,4554.97998046875
2023-07-19,192.40269470214844,125.01400756835938,532.3564453125,144.39840698242188,419.34320068359375,346.87249755859375,64.24205780029297,66.47525024414062,47.75899887084961,291.260009765625,4565.72021484375
2023-07-20,190.4599151611328,129.10911560058594,535.0945434570312,146.17703247070312,423.5226135253906,338.85223388671875,63.97503662109375,68.31922912597656,43.742000579833984,262.8999938964844,4534.8701171875
2023-07-21,189.28634643554688,130.5165557861328,535.959228515625,145.0537109375,422.3616943359375,335.8239440917969,64.92444610595703,69.97879791259766,42.75,260.0199890136719,4536.33984375
2023-07-24,190.0851593017578,130.00804138183594,541.7908325195312,147.90887451171875,424.25634765625,337.1329345703125,64.7563247680664,69.6100082397461,42.83700180053711,269.05999755859375,4554.64013671875
2023-07-25,190.94313049316406,128.60061645507812,543.00146484375,146.80426025390625,421.79510498046875,342.8673095703125,64.95410919189453,69.55467224121094,42.77000045776367,265.2799987792969,4567.4599609375
2023-07-26,191.8109588623047,128.84580993652344,543.9429931640625,147.68418884277344,420.55059814453125,329.962646484375,66.63532257080078,68.56815338134766,42.266998291015625,264.3500061035156,4566.75
2023-07-27,190.5486602783203,135.15643310546875,539.7734985351562,146.0553436279297,416.67767333984375,323.0755615234375,70.28453063964844,67.5539779663086,41.31700134277344,255.7100067138672,4537.41015625
2023-07-28,193.1226043701172,136.9724578857422,541.2048950195312,146.88851928710938,417.0120849609375,330.5487976074219,70.41309356689453,67.16674041748047,42.577999114990234,266.44000244140625,4582.22998046875
2023-07-31,193.73399353027344,135.8192596435547,538.658935546875,147.8714599609375,414.56939697265625,328.1554260253906,70.60099792480469,67.5816421508789,43.89699935913086,267.42999267578125,4588.9599609375
2023-08-01,192.90560913085938,134.87493896484375,533.6630859375,147.1412811279297,419.1296081542969,328.5657043457031,69.97795867919922,66.53978729248047,43.86199951171875,261.07000732421875,4576.72998046875
2023-08-02,189.91749572753906,135.63766479492188,530.66552734375,145.47496032714844,416.6033630371094,319.92999267578125,67.41658020019531,66.3000717163086,42.970001220703125,254.11000061035156,4513.39013671875
2023-08-03,188.52699279785156,135.3380126953125,535.7959594726562,146.3643035888672,416.0090026855469,319.10943603515625,68.41542053222656,64.63127136230469,43.099998474121094,259.32000732421875,4501.89013671875
2023-08-04,179.4739227294922,134.1394805908203,530.3676147460938,146.0553436279297,413.9657287597656,320.2035827636719,69.13735961914062,63.77381896972656,43.15999984741211,253.86000061035156,4478.02978515625
2023-08-07,176.3773651123047,136.5002899169922,536.4876708984375,146.74807739257812,417.7364501953125,322.4797058105469,68.61320495605469,63.2851676940918,44.07600021362305,251.4499969482422,4518.43994140625
2023-08-08,177.314208984375,135.8555908203125,534.2875366210938,145.9242706298828,417.44854736328125,318.5134582519531,66.90233612060547,63.34971237182617,43.83000183105469,249.6999969482422,4499.3798828125
2023-08-09,175.7264404296875,136.89979553222656,537.72705078125,143.96778869628906,420.55059814453125,314.7818603515625,65.96283721923828,63.543331146240234,42.88999938964844,242.19000244140625,4467.7099609375
2023-08-10,175.5094757080078,137.5081329345703,539.44677734375,143.7524871826172,417.98724365234375,315.4656677246094,64.71675872802734,62.96248245239258,42.99800109863281,245.33999633789062,4468.830078125
2023-08-11,175.56874084472656,138.18006896972656,540.8590698242188,144.58560180664062,421.7022705078125,313.5899963378906,63.658592224121094,63.543331146240234,42.16600036621094,242.64999389648438,4464.0498046875
2023-08-14,177.2178955078125,138.2617950439453,539.427490234375,144.88519287109375,418.01507568359375,316.550048828125,67.52537536621094,63.21141052246094,42.77799987792969,239.75999450683594,4489.72021484375
2023-08-15,175.23297119140625,138.12559509277344,536.5836791992188,141.19683837890625,411.9781188964844,314.42041015625,64.60797882080078,62.09580993652344,42.369998931884766,232.9600067138672,4437.85986328125
2023-08-16,174.36399841308594,137.60806274414062,537.1024780273438,140.5977020263672,413.4176940917969,313.6568603515625,63.5102424621582,62.289424896240234,41.54499816894531,225.60000610351562,4404.330078125
2023-08-17,171.8260955810547,136.21878051757812,525.6312255859375,139.13735961914062,414.8572998046875,310.21087646484375,62.857540130615234,62.24332809448242,40.29999923706055,219.22000122070312,4370.35986328125
2023-08-18,172.30996704101562,136.32774353027344,523.5466918945312,139.4556427001953,417.99652099609375,309.8193054199219,62.88720703125,62.53835678100586,40.452999114990234,215.49000549316406,4369.7099609375
2023-08-21,173.64309692382812,136.34591674804688,521.8844604492188,139.93304443359375,419.32464599609375,315.105712890625,63.253116607666016,61.84687805175781,40.82899856567383,231.27999877929688,4399.77001953125
2023-08-22,175.01571655273438,134.6025390625,517.234375,137.03103637695312,420.67138671875,315.6734313964844,62.709197998046875,62.25253677368164,41.31700134277344,233.19000244140625,4387.5498046875
2023-08-23,178.8571319580078,133.54925537109375,519.6265869140625,137.95779418945312,422.1852111816406,320.1178894042969,64.46952819824219,62.59367752075195,42.755001068115234,236.86000061035156,4436.009765625
2023-08-24,174.1763916015625,133.14065551757812,511.8011169433594,137.8267364501953,420.30908203125,313.23583984375,62.986106872558594,61.97595977783203,40.69300079345703,230.0399932861328,4376.31005859375
2023-08-25,176.37850952148438,133.1951446533203,514.0150146484375,137.65823364257812,418.9531555175781,316.1824951171875,63.01577377319336,62.65822219848633,41.60300064086914,238.58999633789062,4405.7099609375
2023-08-28,177.93878173828125,133.86705017089844,516.1133422851562,138.1356658935547,420.09552001953125,316.8873596191406,64.58819580078125,62.713539123535156,41.805999755859375,238.82000732421875,4433.31005859375
2023-08-29,181.81964111328125,134.01231384277344,522.4470825195312,139.259033203125,416.45477294921875,321.49822998046875,65.94305419921875,62.674556732177734,42.999000549316406,257.17999267578125,4497.6298828125
2023-08-30,185.3055419921875,134.67520141601562,521.9561157226562,138.69737243652344,420.1790466308594,321.87017822265625,67.33747100830078,62.284629821777344,43.46699905395508,256.8999938964844,4514.8701171875
2023-08-31,185.52281188964844,133.44032287597656,528.7131958007812,136.98423767089844,419.18804931640625,320.8619384765625,69.16703033447266,62.01540756225586,43.36800003051758,258.0799865722656,4507.66015625
2023-09-01,187.0929718017578,134.56622314453125,523.87158203125,137.44296264648438,419.0290222167969,321.74298095703125,69.61204528808594,62.08039093017578,43.987998962402344,245.00999450683594,4515.77001953125
2023-09-05,187.32994079589844,132.659423828125,524.33349609375,135.9263916015625,416.23358154296875,326.530029296875,69.51316833496094,61.458377838134766,44.86800003051758,256.489990234375,4496.830078125
2023-09-06,180.6248016357422,132.2144775390625,526.22021484375,135.7017364501953,396.3657531738281,325.8741455078125,69.63182830810547,60.984920501708984,44.57600021362305,251.9199981689453,4465.47998046875
2023-09-07,175.34161376953125,135.21090698242188,528.0779418945312,134.5409393310547,398.23565673828125,322.9666748046875,69.09780883789062,61.504798889160156,44.31399917602539,251.49000549316406,4451.14013671875
2023-09-08,175.95388793945312,135.310791015625,530.5517578125,134.64390563964844,395.5710144042969,327.23486328125,69.40436553955078,62.043251037597656,44.279998779296875,248.5,4457.490234375
2023-09-11,177.119140625,135.3289337158203,537.857421875,135.23367309570312,393.2990417480469,330.8276672363281,69.25603485107422,62.693119049072266,44.5359992980957,273.5799865722656,4487.4599609375
2023-09-12,174.09735107421875,135.53778076171875,537.8671875,136.9936065673828,390.6531066894531,324.7875061035156,69.53292846679688,62.8787956237793,43.46900177001953,267.4800109863281,4461.89990234375
2023-09-13,172.0334930419922,137.25390625,538.80078125,137.0591278076172,393.6075744628906,328.9872131347656,70.06696319580078,63.52865219116211,41.2239990234375,271.29998779296875,4467.43994140625
2023-09-14,173.5443572998047,139.50575256347656,543.6231079101562,139.71775817871094,398.18890380859375,331.57171630859375,70.99658966064453,64.31776428222656,40.04899978637695,276.0400085449219,4505.10009765625
2023-09-15,172.82347106933594,138.12559509277344,535.528076171875,139.3058319091797,396.4685974121094,323.2701721191406,69.1076889038086,63.723609924316406,39.694000244140625,274.3900146484375,4450.31982421875
2023-09-18,175.7465057373047,139.7781982421875,541.6499633789062,139.59603881835938,401.9006652832031,322.13458251953125,69.72083282470703,63.352272033691406,39.439998626708984,265.2799987792969,4453.52978515625
2023-09-19,176.832763671875,139.36956787109375,543.2188720703125,139.4181671142578,397.6466369628906,321.733154296875,69.92852020263672,62.748817443847656,39.619998931884766,266.5,4443.9501953125
2023-09-20,173.29750061035156,139.478515625,542.718505859375,138.8284149169922,399.1799621582031,314.0190124511719,68.90990447998047,62.5260124206543,38.630001068115234,262.5899963378906,4402.2001953125
2023-09-21,171.7569580078125,139.31509399414062,534.2959594726562,137.74252319335938,390.3819885253906,312.8050842285156,67.14956665039062,62.117530822753906,38.415000915527344,255.6999969482422,4330.0
2023-09-22,172.60623168945312,138.68858337402344,537.6746826171875,136.42254638671875,386.7449951171875,310.3381652832031,68.1187515258789,62.8509407043457,37.98099899291992,244.8800048828125,4320.06005859375
2023-09-25,173.88011169433594,140.42286682128906,537.7034301757812,137.09654235839844,386.0437927246094,310.85699462890625,67.82205963134766,62.63741683959961,38.47999954223633,246.99000549316406,4337.43994140625
2023-09-26,169.81163024902344,139.75091552734375,532.2554321289062,135.6736602783203,382.1637268066406,305.5706481933594,67.18914031982422,60.659969329833984,37.92499923706055,244.1199951171875,4273.52978515625
2023-09-27,168.3006591796875,139.0426788330078,542.4297485351562,136.46934509277344,382.1357116699219,306.20703125,67.45613861083984,55.66532516479492,37.75899887084961,240.5,4274.509765625
2023-09-28,168.5574493408203,138.2436065673828,547.3388061523438,138.16375732421875,384.2300109863281,307.03912353515625,64.47941589355469,52.99160385131836,37.63600158691406,246.3800048828125,4299.7001953125
2023-09-29,169.0709686279297,135.3470916748047,543.80615234375,135.75791931152344,382.3600158691406,309.104736328125,67.27812957763672,53.18656539916992,37.7599983215332,250.22000122070312,4288.0498046875
2023-10-02,171.5792236328125,134.61160278320312,549.9182739257812,134.5877685546875,381.2942199707031,315.0273742675781,67.20890045166016,48.41471862792969,38.03300094604492,251.60000610351562,4288.39013671875
2023-10-03,170.24609375,133.86705017089844,543.8829956054688,133.595458984375,377.563720703125,306.7943115234375,67.0803451538086,48.99959182739258,37.67499923706055,246.52999877929688,4229.4501953125
2023-10-04,171.49034118652344,134.10313415527344,550.389892578125,134.19454956054688,375.226318359375,312.2470397949219,67.35726165771484,46.99430465698242,37.689998626708984,261.1600036621094,4263.75
2023-10-05,172.72471618652344,133.8852081298828,548.1953735351562,134.76039123535156,371.5052185058594,312.638671875,68.286865234375,45.90810775756836,37.25899887084961,260.04998779296875,4258.18994140625
2023-10-06,175.27249145507812,134.6025390625,536.6543579101562,136.83506774902344,374.6653747558594,320.3724365234375,69.3022232055664,46.64152526855469,38.1510009765625,260.5299987792969,4308.5
2023-10-09,176.75375366210938,135.39248657226562,538.0404052734375,136.5238800048828,408.1368713378906,322.87860107421875,68.82674407958984,45.78741455078125,38.595001220703125,259.6700134277344,4335.66015625
2023-10-10,176.1612548828125,135.1927490234375,541.0435180664062,137.3537139892578,406.79986572265625,321.47869873046875,68.42059326171875,47.88554382324219,37.332000732421875,263.6199951171875,4358.240234375
2023-10-11,177.5536346435547,135.60134887695312,544.3451538085938,137.82525634765625,408.2490234375,325.4238586425781,69.54988861083984,49.70516586303711,36.59299850463867,262.989990234375,4376.9501953125
2023-10-12,178.45228576660156,136.00489807128906,542.6703491210938,137.50462341308594,405.90234375,324.19036865234375,69.09420013427734,49.20383834838867,36.119998931884766,258.8699951171875,4349.60986328125
2023-10-13,176.6155242919922,135.69305419921875,545.6157836914062,139.56988525390625,412.37225341796875,320.8325500488281,68.55927276611328,50.58712387084961,35.56800079345703,251.1199951171875,4327.77978515625
2023-10-16,176.4871368408203,135.0235595703125,550.8135375976562,139.4284210205078,411.7644958496094,325.63922119140625,68.43049621582031,50.48499298095703,36.082000732421875,253.9199981689453,4373.6298828125
2023-10-17,174.9367218017578,136.81190490722656,552.8348999023438,139.12664794921875,412.4376525878906,325.0714111328125,68.35125732421875,50.2900390625,35.571998596191406,254.85000610351562,4373.2001953125
2023-10-18,173.64309692382812,136.9036102294922,553.1236572265625,137.59893798828125,417.05633544921875,323.1624755859375,68.48992919921875,49.42665481567383,34.61899948120117,242.67999267578125,4314.60009765625
2023-10-19,173.2678680419922,133.45535278320312,544.4509887695312,137.01425170898438,419.9639892578125,324.3470153808594,66.89506530761719,48.637535095214844,40.176998138427734,220.11000061035156,4278.0
2023-10-20,170.72012329101562,134.10647583007812,532.2265014648438,134.8075408935547,415.2799377441406,319.79486083984375,66.58798217773438,48.23833084106445,40.09600067138672,211.99000549316406,4224.16015625
2023-10-23,170.83860778808594,132.73086547851562,531.6105346679688,132.96861267089844,417.1405334472656,322.3891296386719,66.25119018554688,47.8298454284668,40.683998107910156,212.0800018310547,4217.0400390625
2023-10-24,171.2731170654297,134.1798553466797,531.1774291992188,133.12893676757812,412.2225646972656,323.5736389160156,67.43000793457031,51.171993255615234,41.37300109863281,216.52000427246094,4247.68017578125
2023-10-25,168.9623565673828,133.2169189453125,529.3966674804688,132.4027862548828,418.5709533691406,333.500244140625,65.87477111816406,52.416015625,41.125,212.4199981689453,4186.77001953125
2023-10-26,164.80494689941406,133.16184997558594,527.09619140625,132.74224853515625,416.9628601074219,320.9892272949219,63.92328643798828,53.446510314941406,40.354000091552734,205.75999450683594,4137.22998046875
2023-10-27,166.11830139160156,127.41169738769531,522.6972045898438,127.96104431152344,414.5506286621094,322.86871337890625,65.03275299072266,52.21177291870117,39.7869987487793,207.3000030517578,4117.3701171875
2023-10-30,168.16244506835938,130.1262969970703,534.1034545898438,129.592529296875,416.8413391113281,330.2109069824219,65.44880676269531,53.10301208496094,41.007999420166016,197.36000061035156,4166.81982421875
2023-10-31,168.63644409179688,129.47515869140625,531.7548828125,131.13909912109375,425.0689392089844,330.9940185546875,66.24127960205078,54.12422561645508,41.16899871826172,200.83999633789062,4193.7998046875
2023-11-01,171.79649353027344,130.65821838378906,535.95166015625,131.0259552001953,422.9559020996094,338.78656005859375,68.74749755859375,54.24491500854492,42.01900100708008,205.66000366210938,4237.85986328125
2023-11-02,175.3515167236328,131.3827362060547,536.1348876953125,133.3647003173828,428.247802734375,340.9891662597656,69.77771759033203,55.61890411376953,42.47100067138672,218.50999450683594,4317.77978515625
2023-11-03,174.44296264648438,129.6952667236328,540.8890380859375,134.8546905517578,423.8534851074219,345.37493896484375,71.89759063720703,55.12687301635742,43.236000061035156,219.9600067138672,4358.33984375
2023-11-06,176.9907684326172,129.49349975585938,549.4907836914062,135.8731689453125,421.8152770996094,349.02642822265625,72.23439025878906,54.811222076416016,43.4739990234375,219.27000427246094,4365.97998046875
2023-11-07,179.5484161376953,130.37391662597656,550.8888549804688,135.80715942382812,420.8709716796875,352.94219970703125,72.11553192138672,54.272762298583984,43.46099853515625,222.17999267578125,4378.3798828125
2023-11-08,180.60501098632812,130.25466918945312,547.1378173828125,136.47674560546875,415.7380065917969,355.5560607910156,71.60041809082031,53.38151931762695,43.665000915527344,222.11000061035156,4382.77978515625
2023-11-09,180.13104248046875,126.59549713134766,543.1744384765625,136.07119750976562,413.68115234375,353.098876953125,72.87826538085938,50.80064392089844,43.51499938964844,209.97999572753906,4347.35009765625
2023-11-10,184.31365966796875,127.09989166259766,556.5302124023438,138.0893096923828,415.9343566894531,361.889892578125,74.6514663696289,51.19055938720703,44.7239990234375,214.64999389648438,4415.240234375
2023-11-13,182.73158264160156,127.14575958251953,557.6007690429688,137.476318359375,416.0839538574219,358.9627990722656,74.07691192626953,50.59640884399414,44.46200180053711,223.7100067138672,4411.5498046875
2023-11-14,185.34205627441406,126.61383056640625,569.7222290039062,139.98483276367188,415.32666015625,362.4772033691406,76.44442749023438,53.42793655395508,44.8650016784668,237.41000366210938,4495.7001953125
2023-11-15,185.90567016601562,126.19197845458984,575.4888916015625,141.2107696533203,416.1868591308594,362.62432861328125,76.41472625732422,52.917335510253906,46.194000244140625,242.83999633789062,4502.8798828125
2023-11-16,187.5866241455078,126.81561279296875,557.9381713867188,142.82339477539062,416.6075134277344,369.00054931640625,75.94913482666016,52.54597854614258,46.69499969482422,233.58999633789062,4508.240234375
2023-11-17,187.56687927246094,126.83394622802734,556.5592651367188,144.11534118652344,415.7567443847656,362.801025390625,76.83075714111328,53.260833740234375,46.590999603271484,234.3000030517578,4514.02001953125
2023-11-20,189.30712890625,126.8431167602539,560.0790405273438,144.5585479736328,414.9433898925781,370.2462463378906,77.88079833984375,53.23297882080078,47.446998596191406,235.60000610351562,4547.3798828125
2023-11-21,188.50621032714844,127.2282943725586,563.4541015625,144.25677490234375,419.0010681152344,365.9595947265625,75.98875427246094,53.827144622802734,47.494998931884766,241.1999969482422,4538.18994140625
2023-11-22,189.168701171875,126.98985290527344,568.0635375976562,144.5963134765625,421.1047058105469,370.6484680175781,76.37508392333984,53.787837982177734,47.79999923706055,234.2100067138672,4556.6201171875
2023-11-24,187.84373474121094,127.17327117919922,570.2622680664062,144.79434204101562,422.6099548339844,370.2364807128906,76.14725494384766,53.862709045410156,47.95600128173828,235.4499969482422,4559.33984375
2023-11-27,187.66575622558594,127.55844116210938,573.6759643554688,144.46426391601562,416.51409912109375,371.3940124511719,76.78125762939453,53.890785217285156,47.91699981689453,236.0800018310547,4550.43017578125
2023-11-28,188.2689208984375,126.6321792602539,572.8080444335938,144.79434204101562,419.11322021484375,375.40606689453125,75.40432739257812,54.433624267578125,47.900001525878906,246.72000122070312,4554.89013671875
2023-11-29,187.25042724609375,127.01734924316406,566.8870849609375,145.52992248535156,416.0653076171875,371.62945556640625,75.96895599365234,54.620811462402344,47.71900177001953,244.13999938964844,4550.580078125
2023-11-30,187.82394409179688,130.5848388671875,571.5929565429688,147.18966674804688,421.6302490234375,371.68829345703125,75.40432739257812,54.76119613647461,47.39699935913086,240.0800018310547,4567.7998046875
2023-12-01,189.0994873046875,131.52029418945312,574.9778442382812,147.90635681152344,423.1744689941406,367.3721618652344,75.21610260009766,55.378910064697266,46.57400131225586,238.8300018310547,4594.6298828125
2023-12-04,187.30975341796875,132.19891357421875,577.7068481445312,148.99087524414062,424.37982177734375,362.1044921875,73.5915298461914,54.910945892333984,45.38999938964844,235.5800018310547,4569.77978515625
2023-12-05,191.25511169433594,132.5841064453125,583.753173828125,148.97201538085938,420.18951416015625,365.4200744628906,72.9971694946289,54.49913787841797,45.51499938964844,238.72000122070312,4567.18017578125
2023-12-06,190.1674346923828,134.2440643310547,585.7588500976562,147.40652465820312,423.1744689941406,361.77093505859375,72.44242095947266,56.34292221069336,44.67300033569336,239.3699951171875,4549.33984375
2023-12-07,192.09559631347656,135.70220947265625,589.1533813476562,147.8592071533203,421.00872802734375,363.8800048828125,72.95753479003906,56.015342712402344,45.20000076293945,242.63999938964844,4585.58984375
2023-12-08,193.5194854736328,136.9036102294922,588.989501953125,149.49069213867188,421.86566162109375,367.0974426269531,74.25521087646484,55.87495422363281,45.375999450683594,243.83999633789062,4604.3701171875
2023-12-11,191.0177764892578,138.70114135742188,601.602783203125,150.03762817382812,424.91650390625,364.2232360839844,77.05860137939453,55.88431167602539,45.98899841308594,239.74000549316406,4622.43994140625
2023-12-12,192.53065490722656,140.53530883789062,607.04150390625,151.37677001953125,425.264892578125,367.2445983886719,77.42513275146484,55.70648956298828,46.29999923706055,237.00999450683594,4643.7001953125
2023-12-13,195.74429321289062,141.50746154785156,619.0955200195312,151.885986328125,425.0860290527344,367.2348327636719,79.03981018066406,58.50491714477539,47.99800109863281,239.2899932861328,4707.08984375
2023-12-14,195.89260864257812,142.0393524169922,608.27587890625,154.6490936279297,419.2762145996094,358.9556884765625,81.41724395751953,58.75761413574219,46.983001708984375,251.0500030517578,4719.5498046875
2023-12-15,195.358642578125,141.26898193359375,635.3155517578125,155.81846618652344,416.0181579589844,363.6642150878906,80.64458465576172,57.559627532958984,47.20600128173828,253.5,4719.18994140625
2023-12-18,193.69741821289062,140.70040893554688,656.935546875,156.76150512695312,420.82049560546875,365.54754638671875,80.79315948486328,57.09165954589844,48.61199951171875,252.0800018310547,4740.56005859375
2023-12-19,194.73573303222656,140.86546325683594,653.5604858398438,158.85504150390625,421.6490783691406,366.1459655761719,81.39742279052734,57.62514114379883,49.50199890136719,257.2200012207031,4768.3701171875
2023-12-20,192.6493377685547,139.11380004882812,637.4178466796875,157.0632781982422,416.7621154785156,363.5562744140625,77.95015716552734,56.0059814453125,48.926998138427734,247.13999938964844,4698.35009765625
2023-12-21,192.50099182128906,139.93919372558594,641.4292602539062,157.95919799804688,421.86566162109375,366.4206237792969,84.67630767822266,55.781368255615234,49.1609992980957,254.5,4746.75
2023-12-22,191.4330596923828,142.09439086914062,647.6394653320312,157.86485290527344,422.05401611328125,367.4407653808594,85.67681121826172,55.921749114990234,48.67599868774414,252.5399932861328,4754.6298828125
2023-12-26,190.88926696777344,141.80087280273438,650.5518188476562,158.79847717285156,423.89959716796875,367.519287109375,86.24143981933594,56.35227584838867,49.11899948120117,256.6099853515625,4774.75
2023-12-27,190.98812866210938,142.0393524169922,657.6329956054688,159.75091552734375,422.76019287109375,366.9405212402344,85.84522247314453,56.698570251464844,49.17900085449219,261.44000244140625,4781.580078125
2023-12-28,191.413330078125,141.9201202392578,653.9839477539062,160.59967041015625,424.8882751464844,368.12744140625,85.19142150878906,57.11037826538086,49.05099868774414,253.17999267578125,4783.35009765625
2023-12-29,190.3750457763672,142.12188720703125,651.0055541992188,160.41107177734375,426.7809753417969,368.8729553222656,84.65082550048828,56.84831619262695,48.6879997253418,248.47999572753906,4769.830078125
2024-01-02,183.5622100830078,146.56979370117188,641.705078125,162.2783203125,429.4927978515625,363.8014831542969,81.675048828125,57.62514114379883,46.849998474121094,248.4199981689453,4742.830078125
2024-01-03,182.187744140625,147.15670776367188,635.8270874023438,161.57101440429688,432.3177185058594,363.53668212890625,81.59569549560547,58.018226623535156,47.0260009765625,238.4499969482422,4704.81005859375
2024-01-04,179.8739471435547,148.07382202148438,639.436767578125,162.64321899414062,431.1405944824219,360.9273681640625,82.04206848144531,57.84040451049805,47.46699905395508,237.92999267578125,4688.68017578125
2024-01-05,179.15208435058594,148.6974334716797,646.991455078125,163.459228515625,429.85064697265625,360.7409362792969,82.77607727050781,58.10246658325195,47.40599822998047,237.49000549316406,4697.240234375
2024-01-08,183.48304748535156,148.04627990722656,652.5933227539062,163.22201538085938,431.8280334472656,367.5487365722656,84.26396179199219,58.88863754272461,48.50299835205078,240.4499969482422,4763.5400390625
2024-01-09,183.06777954101562,148.85333251953125,658.0079345703125,161.93154907226562,429.6528625488281,368.6277160644531,82.65705108642578,58.03695297241211,48.20899963378906,234.9600067138672,4756.5
2024-01-10,184.10604858398438,151.2194366455078,663.5111694335938,162.27316284179688,428.8148498535156,375.47467041015625,81.71472930908203,58.289649963378906,47.83300018310547,233.94000244140625,4783.4501953125
2024-01-11,183.5127410888672,150.20147705078125,664.3199462890625,161.5900115966797,426.6773376464844,377.2992248535156,82.71656036376953,56.82960510253906,49.222999572753906,227.22000122070312,4780.240234375
2024-01-12,183.83905029296875,150.3588409423828,673.8469848632812,160.40391540527344,436.140625,381.0660705566406,81.72463989257812,57.12910461425781,49.215999603271484,218.88999938964844,4783.830078125
2024-01-16,181.57470703125,149.50706481933594,672.1211547851562,159.3981475830078,431.11236572265625,382.8317565917969,83.92671966552734,56.483306884765625,48.124000549316406,219.91000366210938,4765.97998046875
2024-01-17,180.63531494140625,150.02554321289062,674.7839965820312,158.54415893554688,429.8223571777344,382.0469665527344,82.6074447631836,54.53657913208008,48.03300094604492,215.5500030517578,4739.2099609375
2024-01-18,186.51873779296875,151.192138671875,677.8611450195312,158.85726928710938,432.74139404296875,386.3631591796875,84.13501739501953,53.956302642822266,48.53099822998047,211.8800048828125,4780.93994140625
2024-01-19,189.41592407226562,152.5531463623047,685.4158325195312,161.59947204589844,431.03704833984375,391.0716552734375,86.80329132080078,53.591285705566406,48.29499816894531,212.19000244140625,4839.81005859375
2024-01-22,191.71987915039062,153.12716674804688,682.9895629882812,161.40972900390625,431.97869873046875,388.9528503417969,88.51931762695312,53.20755386352539,48.57099914550781,208.8000030517578,4850.43017578125
2024-01-23,192.99539184570312,155.08071899414062,678.1372680664062,160.34698486328125,414.00311279296875,391.2972717285156,86.82313537597656,53.7036018371582,49.21900177001953,209.13999938964844,4864.60009765625
2024-01-24,192.32302856445312,152.04393005371094,677.0720825195312,161.77975463867188,406.4512939453125,394.88751220703125,87.36870574951172,53.357303619384766,54.48699951171875,207.8300018310547,4868.5498046875
2024-01-25,191.99673461914062,152.88645935058594,670.5530395507812,164.094970703125,405.87689208984375,397.15350341796875,88.47964477539062,54.26515579223633,56.20000076293945,182.6300048828125,4894.16015625
2024-01-26,190.2662811279297,152.21055603027344,677.43701171875,163.46871948242188,404.81292724609375,396.2314147949219,87.33892822265625,54.73311996459961,57.04199981689453,183.25,4890.97021484375
2024-01-29,189.58401489257812,151.75689697265625,684.4691162109375,163.8956756591797,403.0238037109375,401.91107177734375,88.35069274902344,55.75328826904297,57.57899856567383,190.92999267578125,4927.93017578125
2024-01-30,185.93531799316406,152.69200134277344,691.1065673828125,167.254638671875,406.4795227050781,400.8026123046875,85.46418762207031,55.48186492919922,56.28499984741211,191.58999633789062,4924.97021484375
2024-01-31,182.3360595703125,152.21055603027344,685.3270263671875,165.4423065185547,404.3420715332031,390.00238037109375,85.05750274658203,54.873512268066406,56.4109992980957,187.2899932861328,4845.64990234375
2024-02-01,184.76853942871094,155.16404724121094,695.8164672851562,164.8445587158203,404.6810607910156,396.0842590332031,84.91864776611328,55.921749114990234,56.750999450683594,188.86000061035156,4906.18994140625
2024-02-02,183.76983642578125,156.1639862060547,700.7549438476562,165.7934112548828,401.1028747558594,403.3824768066406,85.7816162109375,54.42427062988281,56.4640007019043,187.91000366210938,4958.60986328125
2024-02-05,185.57936096191406,158.56192016601562,702.414306640625,165.57521057128906,397.08221435546875,397.9186096191406,86.27758026123047,52.38394546508789,56.20600128173828,181.05999755859375,4942.81005859375
2024-02-06,187.18121337890625,160.44142150878906,702.0487060546875,166.1444854736328,402.02569580078125,397.7616882324219,83.91679382324219,52.62728500366211,55.5880012512207,185.10000610351562,4954.22998046875
2024-02-07,187.2899932861328,162.0338897705078,710.9283447265625,166.45761108398438,404.9918212890625,406.1585388183594,84.48218536376953,52.76766586303711,55.93000030517578,187.5800018310547,4995.06005859375
2024-02-08,186.2122039794922,161.83021545410156,715.25439453125,165.85984802246094,402.0727844238281,406.2173767089844,84.19453430175781,52.68343734741211,55.85300064086914,189.55999755859375,4997.91015625
2024-02-09,186.97451782226562,161.17286682128906,714.5038452148438,166.05908203125,401.60198974609375,412.5346374511719,84.86904907226562,52.954856872558594,56.13199996948242,193.57000732421875,5026.60986328125
2024-02-12,185.29141235351562,160.2377166748047,713.52587890625,166.79920959472656,403.0802917480469,407.345458984375,85.0079116821289,53.862709045410156,55.78499984741211,188.1300048828125,5021.83984375
2024-02-13,183.20237731933594,160.44142150878906,705.4661865234375,165.3474578857422,401.6207275390625,398.5758972167969,80.87158966064453,51.71006774902344,55.45199966430664,184.02000427246094,4953.169921875
2024-02-14,182.3212432861328,161.48764038085938,713.2987670898438,167.02691650390625,393.777099609375,402.4282531738281,81.1691665649414,52.4213752746582,57.93299865722656,188.7100067138672,5000.6201171875
2024-02-15,182.03408813476562,163.49671936035156,715.6002197265625,170.67051696777344,398.4192810058594,399.54876708984375,80.97078704833984,53.600643157958984,59.34600067138672,200.4499969482422,5029.72998046875
2024-02-16,180.49949645996094,164.33001708984375,715.0865478515625,169.8734893798828,399.3138122558594,397.0919189453125,78.85798645019531,53.37602615356445,58.39500045776367,199.9499969482422,5005.56982421875
2024-02-20,179.75692749023438,162.71902465820312,716.7655639648438,170.53768920898438,399.5021057128906,395.84381103515625,80.05819702148438,52.982933044433594,57.51300048828125,193.75999450683594,4975.509765625
2024-02-21,180.5093994140625,162.1542510986328,714.1283569335938,171.64784240722656,402.59063720703125,395.24432373046875,80.83189392089844,53.44153594970703,57.334999084472656,194.77000427246094,4981.7998046875
2024-02-22,182.5390167236328,163.64486694335938,725.3685302734375,173.70687866210938,403.8524169921875,404.5509948730469,85.21621704101562,53.03908920288086,58.84700012207031,197.41000366210938,5087.02978515625
2024-02-23,180.70742797851562,164.88552856445312,728.8551635742188,174.579833984375,405.9522705078125,403.26361083984375,85.30550384521484,53.14204025268555,58.35599899291992,191.97000122070312,5088.7998046875
2024-02-26,179.36090087890625,165.5521240234375,736.183837890625,173.98202514648438,404.12548828125,400.51190185546875,88.737548828125,52.08892822265625,58.76499938964844,199.39999389648438,5069.52978515625
2024-02-27,180.81631469726562,165.7187957763672,735.5517578125,174.0674285888672,405.302490234375,400.45294189453125,91.10823059082031,52.47617721557617,60.16699981689453,199.72999572753906,5078.18017578125
2024-02-28,179.6183319091797,164.80221557617188,738.7617797851562,174.94989013671875,407.23284912109375,400.68878173828125,88.98551940917969,51.98503494262695,59.64799880981445,202.0399932861328,5069.759765625
2024-02-29,178.9549560546875,162.9967803955078,734.7418212890625,176.54393005371094,406.1989440917969,406.5067443847656,89.87825775146484,52.126712799072266,60.29199981689453,201.8800048828125,5096.27001953125
2024-03-01,177.8758087158203,165.64476013183594,740.2236328125,175.81333923339844,404.51055908203125,408.3345947265625,94.38159942626953,52.145599365234375,61.933998107910156,202.63999938964844,5137.080078125
2024-03-04,173.36111450195312,163.92263793945312,749.84375,177.13221740722656,409.7085876464844,407.7646179199219,94.99659729003906,51.91892623901367,61.58300018310547,188.13999938964844,5130.9501953125
2024-03-05,168.4305419921875,165.87620544433594,750.6043701171875,178.90660095214844,409.7464294433594,395.7061767578125,93.70709228515625,52.32505798339844,59.849998474121094,180.74000549316406,5078.64990234375
2024-03-06,167.44046020507812,167.6352996826172,763.7308959960938,179.8364715576172,411.1692810058594,395.1558837890625,94.78828430175781,52.447837829589844,59.76900100708008,176.5399932861328,5104.759765625
2024-03-07,167.32164001464844,167.18165588378906,775.928955078125,178.26136779785156,407.8588562011719,402.0843505859375,98.18067169189453,53.127872467041016,60.85100173950195,178.64999389648438,5157.35986328125
2024-03-08,169.0344696044922,165.58917236328125,716.6372680664062,178.59347534179688,410.6190490722656,399.214599609375,96.83164978027344,54.601287841796875,60.481998443603516,175.33999633789062,5123.68994140625
2024-03-11,171.03440856933594,166.31134033203125,705.2982788085938,178.65988159179688,412.3739013671875,397.5439758300781,93.74677276611328,54.657962799072266,60.09299850463867,177.77000427246094,5117.93994140625
2024-03-12,171.5096435546875,167.5056915283203,727.8179321289062,180.13058471679688,412.52569580078125,408.11834716796875,96.63327026367188,53.9779167175293,61.108001708984375,177.5399932861328,5175.27001953125
2024-03-13,169.4305419921875,166.5242919921875,725.1709594726562,181.5918731689453,412.23162841796875,407.9415588378906,93.39958953857422,56.23526382446289,60.94499969482422,169.47999572753906,5165.31005859375
2024-03-14,171.2819366455078,167.7649383544922,722.9486694335938,178.3562469482422,413.3414001464844,417.8869934082031,90.69163513183594,56.23526382446289,61.30099868774414,162.5,5150.47998046875
2024-03-15,170.9056854248047,164.69110107421875,716.7063598632812,180.5670928955078,413.38885498046875,409.2387390136719,92.49694061279297,56.74529266357422,60.5880012512207,163.57000732421875,5117.08984375
2024-03-18,171.9947967529297,165.25587463378906,722.5436401367188,182.806396484375,410.9036560058594,410.12322998046875,93.02266693115234,56.83030319213867,61.8390007019043,173.8000030517578,5149.419921875
2024-03-19,174.33135986328125,166.33912658691406,723.1658325195312,183.8785858154297,414.6883239746094,414.1427307128906,93.24087524414062,57.86924362182617,62.07400131225586,171.32000732421875,5178.509765625
2024-03-20,176.89566040039062,163.2004852294922,731.6107177734375,186.28868103027344,417.7425842285156,417.8968505859375,95.47270965576172,58.747615814208984,62.76900100708008,175.66000366210938,5224.6201171875
2024-03-21,169.66810607910156,164.33924865722656,733.4280395507812,188.87905883789062,420.3510437011719,421.96533203125,108.96288299560547,57.954246520996094,62.270999908447266,172.82000732421875,5241.52978515625
2024-03-22,170.569091796875,165.2188262939453,725.7634887695312,186.5638427734375,422.9310302734375,421.3462829589844,109.31997680664062,58.35093307495117,62.80099868774414,170.8300018310547,5234.18017578125
2024-03-25,169.1533203125,165.29290771484375,721.9707641601562,184.85592651367188,423.3388977050781,415.5676574707031,116.18409729003906,59.13487243652344,62.74599838256836,172.6300048828125,5218.18994140625
2024-03-26,168.02462768554688,165.9039764404297,721.9906005859375,185.71937561035156,423.03533935546875,414.3785400390625,117.84060668945312,58.020362854003906,62.92399978637695,177.6699981689453,5203.580078125
2024-03-27,171.58885192871094,166.97796630859375,723.0769653320312,189.31552124023438,433.2699890136719,414.1623229980469,118.28697967529297,60.24937057495117,61.35300064086914,179.8300018310547,5248.490234375
2024-03-28,169.77703857421875,168.59820556640625,723.6202392578125,190.05563354492188,431.4583435058594,413.4645690917969,117.05082702636719,60.362709045410156,60.733001708984375,175.7899932861328,5254.35009765625
2024-04-01,168.34144592285156,167.35752868652344,712.3703002929688,188.7652130126953,429.48541259765625,417.24822998046875,123.41521453857422,59.862125396728516,61.430999755859375,175.22000122070312,5243.77001953125
2024-04-02,167.16326904296875,167.2927703857422,702.5525512695312,188.68927001953125,429.9122619628906,414.17218017578125,121.87623596191406,59.3898811340332,61.42100143432617,166.6300048828125,5205.81005859375
2024-04-03,167.9652099609375,164.181884765625,697.0115966796875,188.15794372558594,424.8470458984375,413.1992492675781,127.09878540039062,59.078189849853516,63.007999420166016,168.3800048828125,5211.490234375
2024-04-04,167.14344787597656,155.4510498046875,696.21142578125,186.726318359375,430.67108154296875,410.673583984375,123.2066879272461,60.19269943237305,61.7140007019043,171.11000061035156,5147.2099609375
2024-04-05,167.8959197998047,157.3953399658203,704.9428100585938,188.44422912597656,431.9421081542969,418.1817932128906,122.7003402709961,60.61772155761719,63.61800003051758,164.89999389648438,5204.33984375
2024-04-08,166.7771453857422,157.21017456054688,703.0563354492188,189.42727661132812,429.0965270996094,417.2678527832031,122.07479095458984,61.259979248046875,62.840999603271484,172.97999572753906,5202.39013671875
2024-04-09,167.98501586914062,157.5249481201172,709.7529907226562,188.15789794921875,424.5340576171875,418.9286804199219,121.75709533691406,61.75111770629883,61.81999969482422,176.8800048828125,5209.91015625
2024-04-10,166.1138153076172,156.49729919433594,713.6939086914062,186.55455017089844,428.46099853515625,415.9608154296875,121.33014678955078,60.4571647644043,61.858001708984375,171.75999450683594,5160.64013671875
2024-04-11,173.30166625976562,155.0992431640625,723.3435668945312,186.51634216308594,429.03961181640625,420.5502624511719,126.60234832763672,60.39104461669922,62.87799835205078,174.60000610351562,5199.06005859375
2024-04-12,174.7967071533203,151.6509246826172,722.3165893554688,174.45289611816406,427.2184143066406,414.62420654296875,121.64786529541016,59.57878494262695,62.28300094604492,171.0500030517578,5123.41015625
2024-04-15,170.9750213623047,151.0808868408203,709.44677734375,174.54837036132812,429.7604064941406,406.5067443847656,120.50605773925781,59.26708984375,60.71500015258789,161.47999572753906,5061.81982421875
2024-04-16,167.69790649414062,151.8938751220703,707.1651000976562,172.5536651611328,430.9271545410156,407.43048095703125,120.90320587158203,58.27538299560547,61.75199890136719,157.11000061035156,5051.41015625
2024-04-17,166.33160400390625,153.49191284179688,706.3947143554688,171.86648559570312,432.5776062011719,404.7377624511719,115.50192260742188,60.24937057495117,61.36899948120117,155.4499969482422,5022.2099609375
2024-04-18,165.38111877441406,153.8750457763672,702.503173828125,172.98313903808594,432.61553955078125,397.29827880859375,111.13325500488281,60.4571647644043,61.055999755859375,149.92999267578125,5011.1201171875
2024-04-19,163.3613739013672,155.5104217529297,700.7846069335938,177.3256072998047,439.9951171875,392.2370910644531,106.00997924804688,60.73106384277344,55.50400161743164,147.0500030517578,4967.22998046875
2024-04-22,164.19305419921875,156.8934783935547,706.6614990234375,180.7709503173828,437.5858459472656,394.04534912109375,108.34326171875,61.684993743896484,55.459999084472656,142.0500030517578,5010.60009765625
2024-04-23,165.24252319335938,158.43540954589844,713.7926025390625,183.3764190673828,436.4001159667969,400.5413818359375,111.65947723388672,62.525604248046875,57.775001525878906,144.67999267578125,5070.5498046875
2024-04-24,167.34149169921875,156.80934143066406,714.9877319335938,184.27354431152344,435.5085754394531,402.00567626953125,110.98433685302734,62.86562728881836,55.512001037597656,162.1300048828125,5071.6298828125
2024-04-25,168.2028350830078,156.33274841308594,714.126953125,184.55032348632812,440.8582763671875,392.1584777832031,110.78575134277344,63.18674850463867,56.47999954223633,170.17999267578125,5048.419921875
2024-04-26,167.61868286132812,149.16514587402344,721.36865234375,184.66485595703125,437.5479431152344,399.3129577636719,114.02254486083984,62.3272590637207,56.12300109863281,168.2899932861328,5099.9599609375
2024-04-29,171.77699279785156,150.94070434570312,718.5491333007812,184.4644317626953,443.4856872558594,395.3131408691406,113.54595184326172,63.67789077758789,55.94900131225586,194.0500030517578,5116.169921875
2024-04-30,168.63844299316406,151.98731994628906,715.1559448242188,182.9947052001953,441.00054931640625,382.61590576171875,112.15593719482422,63.25286865234375,55.06399917602539,183.27999877929688,5035.68994140625
2024-05-01,167.61868286132812,151.12762451171875,714.483154296875,183.1092071533203,437.96527099609375,388.129150390625,108.91913604736328,64.80184173583984,55.17100143432617,179.99000549316406,5018.39013671875
2024-05-02,171.31166076660156,150.2772216796875,724.59375,182.9183349609375,439.359619140625,390.9791564941406,111.53040313720703,65.02852630615234,56.51499938964844,180.00999450683594,5064.2001953125
2024-05-03,181.55886840820312,153.06201171875,735.9309692382812,181.82077026367188,438.135986328125,399.64703369140625,113.88353729248047,66.24691772460938,57.933998107910156,181.19000244140625,5127.7900390625
2024-05-06,179.90548706054688,152.0714569091797,748.3465576171875,183.24281311035156,438.9612121582031,406.40838623046875,119.27488708496094,67.29530334472656,59.696998596191406,184.75999450683594,5180.740234375
2024-05-07,180.58859252929688,151.90322875976562,763.0474853515625,183.00421142578125,442.66046142578125,402.28082275390625,118.36143493652344,67.95645904541016,60.599998474121094,177.80999755859375,5187.7001953125
2024-05-08,180.92520141601562,149.9407958984375,755.2319946289062,186.726318359375,442.1672668457031,403.46014404296875,118.47065734863281,68.8064956665039,60.946998596191406,174.72000122070312,5187.669921875
2024-05-09,182.737060546875,149.89404296875,770.6945190429688,188.49197387695312,444.282470703125,405.2094421386719,116.97138977050781,70.44047546386719,61.20899963378906,171.97000122070312,5214.080078125
2024-05-10,181.47796630859375,150.2211151123047,778.75732421875,189.7040252685547,444.747314453125,407.5877380371094,120.37699127197266,69.69432830810547,61.08700180053711,168.47000122070312,5222.68017578125
2024-05-13,184.68020629882812,150.71641540527344,766.84619140625,189.6658477783203,446.3407897949219,406.5852966308594,122.12445831298828,70.44047546386719,61.659000396728516,171.88999938964844,5221.419921875
2024-05-14,185.82034301757812,151.00613403320312,769.5667114257812,192.31906127929688,443.13470458984375,409.3763122558594,123.92157745361328,71.2338638305664,61.36600112915039,177.5500030517578,5246.68017578125
2024-05-15,188.09071350097656,153.06201171875,778.6087646484375,192.89169311523438,440.1943054199219,416.5338134765625,126.90022277832031,72.77339172363281,61.35200119018555,173.99000549316406,5308.14990234375
2024-05-16,188.20962524414062,153.5853271484375,784.5742797851562,193.23529052734375,440.9056701660156,414.4761657714844,126.97964477539062,72.16890716552734,61.051998138427734,174.83999633789062,5297.10009765625
2024-05-17,188.2393798828125,155.519775390625,787.284912109375,195.449462890625,442.2052001953125,413.708251953125,124.39815521240234,71.86666107177734,62.11000061035156,177.4600067138672,5303.27001953125
2024-05-20,189.39930725097656,153.7815704345703,784.5050048828125,186.65953063964844,443.0398864746094,418.75885009765625,128.08175659179688,71.65888214111328,64.08200073242188,174.9499969482422,5308.1298828125
2024-05-21,190.69805908203125,152.2583465576172,792.3500366210938,190.41983032226562,444.2065734863281,422.40167236328125,126.5924301147461,72.6789321899414,65.06099700927734,186.60000610351562,5321.41015625
2024-05-22,189.26052856445312,149.1558074951172,793.2700805664062,189.2650146484375,445.5345458984375,423.85870361328125,125.38109588623047,72.08389282226562,64.0469970703125,180.11000061035156,5307.009765625
2024-05-23,185.27505493164062,147.89422607421875,787.8092651367188,187.9384307861328,443.0398864746094,420.3932189941406,125.3711929321289,71.139404296875,63.56700134277344,173.74000549316406,5267.83984375
2024-05-24,188.34841918945312,146.77281188964844,801.0558471679688,191.5555419921875,443.2959899902344,423.5043029785156,128.56826782226562,72.35780334472656,64.67500305175781,179.24000549316406,5304.72021484375
2024-05-28,188.35836791992188,145.1654510498047,804.4588623046875,190.40074157714844,434.88250732421875,423.6618347167969,131.72561645507812,73.22674560546875,64.9000015258789,176.75,5306.0400390625
2024-05-29,188.6558074951172,144.65150451660156,797.8801879882812,189.0741424560547,429.4189758300781,422.52960205078125,130.64337158203125,72.4239273071289,65.46199798583984,176.19000244140625,5266.9501953125
2024-05-30,189.64718627929688,146.07192993164062,806.6056518554688,190.23849487304688,437.2159118652344,408.2539978027344,125.39103698730469,73.85011291503906,64.76599884033203,178.7899932861328,5235.47998046875
2024-05-31,190.5989532470703,150.6790313720703,801.2140502929688,193.38795471191406,446.132080078125,408.7068786621094,124.1102294921875,75.57854461669922,64.16200256347656,178.0800018310547,5277.509765625
2024-06-03,192.36363220214844,149.69781494140625,806.6551513671875,192.6149139404297,446.52362060546875,407.1217346191406,127.25765991210938,73.87217712402344,63.37900161743164,176.2899932861328,5283.39990234375
2024-06-04,192.68092346191406,151.52008056640625,818.526611328125,190.0762481689453,447.7554931640625,409.63232421875,125.7385482788086,73.33984375,63.1619987487793,174.77000427246094,5291.33984375
2024-06-05,194.18785095214844,154.6039276123047,825.3624877929688,188.2628936767578,444.26043701171875,417.449462890625,132.7582244873047,73.2447738647461,65.0270004272461,175.0,5354.02978515625
2024-06-06,192.80979919433594,157.52894592285156,833.6132202148438,187.9288787841797,447.4976501464844,417.9515380859375,129.1441192626953,72.91205596923828,64.85199737548828,177.94000244140625,5352.9599609375
2024-06-07,195.1990966796875,158.3232421875,836.5218505859375,190.83023071289062,448.9395751953125,417.2919616699219,130.0079345703125,71.66676330566406,64.14700317382812,177.47999572753906,5346.990234375
2024-06-10,191.46145629882812,159.295166015625,839.2521362304688,190.50572204589844,446.38995361328125,421.2497863769531,133.86032104492188,73.1687240600586,64.44999694824219,173.7899932861328,5360.7900390625
2024-06-11,205.37100219726562,156.71592712402344,840.2117919921875,185.49517822265625,441.9399719238281,425.9853210449219,134.10855102539062,69.14762878417969,64.8550033569336,170.66000366210938,5375.31982421875
2024-06-12,211.24017333984375,155.21136474609375,838.727783203125,182.7942352294922,438.416259765625,434.2356262207031,139.74810791015625,68.69133758544922,65.00599670410156,177.2899932861328,5421.02978515625
2024-06-13,212.40008544921875,155.65057373046875,836.897705078125,184.82713317871094,437.89111328125,434.74761962890625,142.12110900878906,69.5658950805664,65.32599639892578,182.47000122070312,5433.740234375
2024-06-14,210.66513061523438,157.54762268066406,846.503662109375,184.94161987304688,437.6809997558594,435.7222900390625,140.353759765625,69.45182037353516,66.93800354003906,178.00999450683594,5431.60009765625
2024-06-17,214.80923461914062,158.5662384033203,858.6124877929688,186.08688354492188,438.3208312988281,441.43255615234375,146.77772521972656,68.73885345458984,67.58300018310547,187.44000244140625,5473.22998046875
2024-06-18,212.4496307373047,160.13619995117188,861.4219970703125,188.01473999023438,439.2661437988281,439.4339599609375,152.35769653320312,66.96121978759766,68.56700134277344,184.86000061035156,5487.02978515625
2024-06-20,207.87924194335938,160.85577392578125,853.201171875,189.6085968017578,445.3204040527344,438.8038635253906,143.16363525390625,68.88146209716797,67.90299987792969,181.57000732421875,5473.169921875
2024-06-21,205.7080535888672,159.22972106933594,839.2224731445312,187.3466796875,446.52362060546875,442.82073974609375,138.54673767089844,69.21417236328125,68.61199951171875,183.00999450683594,5464.6201171875
2024-06-24,206.3524932861328,161.4258270263672,839.0740356445312,189.80899047851562,450.25738525390625,440.7433776855469,138.0205078125,70.20281982421875,66.9020004272461,182.5800018310547,5447.8701171875
2024-06-25,207.27450561523438,159.566162109375,846.345458984375,189.0359649658203,446.9724426269531,443.9726257324219,140.115478515625,69.37578582763672,67.24099731445312,187.35000610351562,5469.2998046875
2024-06-26,211.41860961914062,159.93994140625,847.6611328125,188.42515563964844,445.9410705566406,445.1639404296875,141.34664916992188,69.74652099609375,67.76899719238281,196.3699951171875,5477.89990234375
2024-06-27,212.26129150390625,157.9214324951172,841.5077514648438,190.08578491210938,446.0748291015625,445.84326171875,131.2887420654297,70.07923889160156,68.43399810791016,197.4199981689453,5482.8701171875
2024-06-28,208.81117248535156,160.28570556640625,840.884521484375,193.0348663330078,446.0461730957031,440.0345153808594,130.59373474121094,67.31295013427734,67.48799896240234,197.8800048828125,5460.47998046875
2024-07-01,214.8885498046875,159.21104431152344,836.61083984375,196.07936096191406,445.41595458984375,449.6632080078125,130.5838165283203,66.44788360595703,67.36100006103516,209.86000061035156,5475.08984375
2024-07-02,218.3782958984375,155.0898895263672,850.1541137695312,199.30519104003906,444.7092590332031,452.17376708984375,131.6461944580078,66.98973846435547,67.95800018310547,231.25999450683594,5509.009765625
2024-07-03,219.64732360839844,153.10873413085938,853.4187622070312,199.17160034179688,445.0244445800781,453.6406555175781,135.84608459472656,68.2825698852539,68.2509994506836,246.38999938964844,5537.02001953125
2024-07-05,224.3961639404297,156.29539489746094,876.1823120117188,196.532470703125,441.3288269042969,460.32562255859375,130.66323852539062,68.52973175048828,69.06500244140625,251.52000427246094,5567.18994140625
2024-07-08,225.8634796142578,155.61322021484375,871.4039306640625,196.8971405029297,440.9468994140625,459.02606201171875,129.8732147216797,68.54874420166016,68.5739974975586,252.94000244140625,5572.85009765625
2024-07-09,226.71607971191406,157.0430145263672,877.3495483398438,199.25794982910156,439.5526428222656,452.4297180175781,130.32040405273438,68.55825805664062,68.5739974975586,262.3299865722656,5576.97998046875
2024-07-10,230.97915649414062,157.1271209716797,874.8368530273438,199.42111206054688,440.23065185546875,459.03594970703125,135.53758239746094,69.29973602294922,67.76499938964844,263.260009765625,5633.91015625
2024-07-11,225.61563110351562,158.7811737060547,837.52099609375,199.085205078125,439.62908935546875,447.6646423339844,129.4160919189453,71.01082611083984,65.2750015258789,241.02999877929688,5584.5400390625
2024-07-12,228.5601043701172,159.12693786621094,833.8704833984375,196.6764373779297,442.8280334472656,446.5323791503906,132.71531677246094,72.24663543701172,64.76000213623047,248.22999572753906,5615.35009765625
2024-07-15,232.386962890625,158.46678161621094,839.637939453125,201.5803680419922,442.9712829589844,446.93609619140625,130.05206298828125,67.46504211425781,65.6449966430664,252.63999938964844,5631.22021484375
2024-07-16,232.80335998535156,159.5701904296875,841.6561889648438,205.00640869140625,447.4594421386719,442.56475830078125,126.69320678710938,68.34911346435547,65.63200378417969,256.55999755859375,5667.2001953125
2024-07-17,226.91436767578125,165.2947235107422,837.2142944335938,208.1253662109375,454.6118469238281,436.6575622558594,118.75314331054688,67.39850616455078,64.74600219726562,248.5,5588.27001953125
2024-07-18,222.2547149658203,161.3997802734375,830.3782348632812,201.51318359375,454.5450134277344,433.55633544921875,116.71595001220703,68.13047790527344,64.30400085449219,249.22999572753906,5544.58984375
2024-07-19,222.3836212158203,162.51263427734375,829.1514892578125,201.32127380371094,453.5137023925781,430.3467712402344,113.54589080810547,68.44417572021484,63.33399963378906,239.1999969482422,5505.0
2024-07-22,222.03665161132812,163.7292022705078,838.3419799804688,201.8011016845703,453.1986083984375,436.0865478515625,114.55951690673828,69.29973602294922,64.75,251.50999450683594,5564.41015625
2024-07-23,223.07757568359375,163.2953643798828,842.9817504882812,201.84909057617188,478.69512939453125,437.967041015625,113.53594970703125,68.54874420166016,64.2760009765625,246.3800048828125,5555.740234375
2024-07-24,216.6631622314453,166.18121337890625,821.9198608398438,200.1792449951172,491.9781799316406,422.2637939453125,109.59077453613281,71.6857681274414,63.5989990234375,215.99000549316406,5427.1298828125
2024-07-25,215.62220764160156,171.802001953125,807.2091064453125,200.25601196289062,497.898681640625,411.92633056640625,106.77845764160156,69.81306457519531,63.409000396728516,220.25,5399.22021484375
2024-07-26,216.08815002441406,174.62185668945312,809.9929809570312,203.6820831298828,501.1453857421875,418.68994140625,108.72620391845703,70.59256744384766,63.137001037597656,219.8000030517578,5459.10009765625
2024-07-29,216.36575317382812,171.5851287841797,807.971923828125,202.34811401367188,503.85748291015625,420.12738037109375,107.17595672607422,70.66860961914062,62.69599914550781,232.10000610351562,5463.5400390625
2024-07-30,216.9209442138672,176.14964294433594,802.493408203125,206.51312255859375,513.4257202148438,416.3763122558594,101.91902160644531,70.611572265625,62.257999420166016,222.6199951171875,5436.43994140625
2024-07-31,220.17276000976562,174.77273559570312,814.35205078125,204.21949768066406,517.49365234375,411.8770751953125,109.1336441040039,72.61736297607422,62.834999084472656,232.07000732421875,5522.2998046875
2024-08-01,216.48471069335938,178.91290283203125,809.2896118164062,199.5746612548828,524.1209716796875,410.65618896484375,100.87557983398438,74.51859283447266,62.48500061035156,216.86000061035156,5446.68017578125
2024-08-02,217.97183227539062,178.51678466796875,814.4312744140625,191.1102752685547,524.0350952148438,402.1695861816406,92.12064361572266,75.28858947753906,61.36399841308594,207.6699981689453,5346.56005859375
2024-08-05,207.47279357910156,173.86737060546875,794.3696899414062,187.04124450683594,520.7977294921875,389.0359802246094,89.85489654541016,72.89305114746094,59.85499954223633,198.8800048828125,5186.330078125
2024-08-06,205.4503173828125,175.14053344726562,809.2796630859375,192.2618865966797,517.1500244140625,393.4269714355469,88.44376373291016,73.1687240600586,60.957000732421875,200.63999938964844,5240.02978515625
2024-08-07,208.01806640625,176.8380889892578,802.7608642578125,192.31948852539062,523.7867431640625,392.2652587890625,86.25751495361328,73.72958374023438,61.14799880981445,191.75999450683594,5199.5
2024-08-08,211.47808837890625,179.5635986328125,831.619873046875,195.8319091796875,526.756591796875,396.4593505859375,91.49456787109375,73.71058654785156,63.03499984741211,198.83999633789062,5319.31005859375
2024-08-09,214.3829345703125,179.120361328125,846.9756469726562,197.5017547607422,526.7183227539062,399.7377624511719,92.4982681274414,73.634521484375,63.39400100708008,200.0,5344.16015625
2024-08-12,215.9114532470703,179.35614013671875,855.5352172851562,197.87600708007812,531.80810546875,400.5156555175781,94.04853057861328,73.74860382080078,63.31399917602539,197.49000549316406,5344.39013671875
2024-08-13,219.62364196777344,180.3463592529297,856.773681640625,199.55548095703125,534.2049560546875,407.6042175292969,96.83102416992188,74.26192474365234,64.802001953125,207.8300018310547,5434.43017578125
2024-08-14,220.0703125,182.01564025878906,854.6832885742188,201.76272583007812,537.8336791992188,410.41009521484375,99.78245544433594,74.1573715209961,66.16799926757812,201.3800048828125,5455.2099609375
2024-08-15,223.04798889160156,182.39285278320312,869.18701171875,203.0198974609375,535.0357055664062,415.2626953125,106.28157806396484,73.58699798583984,66.3219985961914,214.13999938964844,5543.22021484375
2024-08-16,224.3680877685547,182.86439514160156,862.4899291992188,205.3423309326172,534.8829956054688,412.7377624511719,107.31507873535156,74.68970489501953,67.40699768066406,216.1199951171875,5554.25
2024-08-19,224.20924377441406,185.66537475585938,864.2334594726562,206.7626190185547,533.2213745117188,415.7558288574219,107.95108032226562,75.43119812011719,68.85299682617188,222.72000122070312,5608.25
2024-08-20,224.82464599609375,184.98635864257812,868.0477905273438,205.87013244628906,531.9036254882812,418.98101806640625,107.31507873535156,75.07945251464844,69.85399627685547,221.10000610351562,5597.1201171875
2024-08-21,224.71546936035156,185.3447265625,873.21923828125,205.94691467285156,528.8001098632812,418.33013916015625,107.65296936035156,75.70687103271484,69.71199798583984,223.27000427246094,5620.85009765625
2024-08-22,222.85939025878906,185.19384765625,869.3950805664062,207.89508056640625,531.9228515625,409.8577575683594,103.60839080810547,75.02241516113281,68.89600372314453,210.66000366210938,5570.64013671875
2024-08-23,225.15219116210938,186.30667114257812,871.02978515625,209.50730895996094,529.9938354492188,411.0807800292969,102.20719909667969,75.72586822509766,68.6729965209961,220.32000732421875,5634.60986328125
2024-08-26,225.48968505859375,186.20294189453125,884.2059326171875,210.3326416015625,532.9445190429688,407.8259582519531,98.29183959960938,76.65747833251953,68.84400177001953,213.2100067138672,5616.83984375
2024-08-27,226.3333282470703,184.76943969726562,900.4435424804688,211.30189514160156,535.1503295898438,408.1712341308594,97.24838256835938,75.6783447265625,69.5719985961914,209.2100067138672,5625.7998046875
2024-08-28,224.80479431152344,184.27903747558594,879.7874755859375,212.36715698242188,538.5594482421875,404.9755859375,94.26715087890625,75.48823547363281,68.38400268554688,205.75,5592.18017578125
2024-08-29,228.0802459716797,184.07154846191406,878.3807373046875,213.25006103515625,541.3001098632812,407.4610290527344,94.97270202636719,76.07759857177734,69.24800109863281,206.27999877929688,5591.9599609375
2024-08-30,227.29612731933594,185.13726806640625,884.0772705078125,215.7356414794922,542.49365234375,411.4259338378906,95.63851165771484,77.02958679199219,70.13500213623047,214.11000061035156,5648.39990234375
2024-09-03,221.11248779296875,186.438720703125,870.395751953125,211.4170684814453,544.6735229492188,403.8314208984375,88.02640533447266,76.47465515136719,67.53199768066406,210.60000610351562,5528.93017578125
2024-09-04,219.206787109375,185.79742431640625,881.7391357421875,210.48617553710938,551.9330444335938,403.298828125,88.73194885253906,77.57495880126953,67.96800231933594,219.41000366210938,5520.06982421875
2024-09-05,220.72537231445312,181.8836212158203,877.7367553710938,208.85475158691406,545.9890747070312,402.7958679199219,88.83131408691406,76.85736846923828,68.36199951171875,230.1699981689453,5503.41015625
2024-09-06,219.177001953125,182.39285278320312,868.5232543945312,203.89320373535156,544.10693359375,396.1974792480469,85.84014129638672,76.52250671386719,66.5770034790039,210.72999572753906,5408.419921875
2024-09-09,219.2663116455078,185.24098205566406,888.1489868164062,208.0677947998047,553.65185546875,400.1623840332031,85.73081970214844,77.68020629882812,67.54199981689453,216.27000427246094,5471.0498046875
2024-09-10,218.4722900390625,188.00424194335938,885.9694213867188,197.2714080810547,549.4459838867188,408.5262451171875,86.30721282958984,78.74221801757812,67.36199951171875,226.1699981689453,5495.52001953125
2024-09-11,221.0032958984375,183.51515197753906,892.0226440429688,198.87408447265625,544.4238891601562,417.2451477050781,90.08345794677734,79.82335662841797,68.14700317382812,228.1300048828125,5554.1298828125
2024-09-12,221.11248779296875,182.97760009765625,906.5164794921875,198.2694854736328,545.6818237304688,421.1509094238281,86.66495513916016,79.85205841064453,68.68000030517578,229.80999755859375,5595.759765625
2024-09-13,220.84449768066406,183.15675354003906,907.4775390625,196.0814208984375,547.2565307617188,424.69171142578125,90.64989471435547,80.9906234741211,69.70600128173828,230.2899932861328,5626.02001953125
2024-09-16,214.71047973632812,184.5902557373047,899.423095703125,199.4787139892578,550.1469116210938,425.43145751953125,86.63513946533203,80.9810562133789,69.6500015258789,226.77999877929688,5633.08984375
2024-09-17,215.17697143554688,182.44003295898438,888.9216918945312,200.81263732910156,544.471923828125,429.18927001953125,88.17544555664062,81.29679107666016,70.69100189208984,227.8699951171875,5634.580078125
2024-09-18,219.04795837402344,181.95907592773438,884.2159423828125,199.1619873046875,543.01220703125,424.90875244140625,86.80406951904297,80.6366195678711,69.0469970703125,227.1999969482422,5618.259765625
2024-09-19,227.16709899902344,182.60035705566406,892.3594360351562,201.9930419921875,542.714599609375,432.6807556152344,88.69220733642578,78.7326431274414,70.43199920654297,243.9199981689453,5713.64013671875
2024-09-20,226.5020751953125,182.45887756347656,898.5413818359375,202.5784454345703,549.1866455078125,429.3076477050781,90.3318862915039,79.18231964111328,70.10299682617188,238.25,5702.5498046875
2024-09-23,224.78494262695312,182.7983856201172,908.5474853515625,202.91433715820312,557.4352416992188,427.5717468261719,92.98519134521484,81.15327453613281,70.53700256347656,250.0,5718.56982421875
2024-09-24,225.67825317382812,182.49661254882812,893.1519165039062,203.05828857421875,555.6299438476562,423.2911682128906,93.41250610351562,80.64617919921875,72.22599792480469,254.27000427246094,5732.93017578125
2024-09-25,224.68568420410156,180.37466430664062,899.9679565429688,201.71475219726562,554.9673461914062,426.19091796875,95.17146301269531,80.96192169189453,72.15599822998047,257.0199890136719,5722.259765625
2024-09-26,225.82713317871094,180.97825622558594,893.052978515625,201.32127380371094,554.448974609375,425.4018859863281,109.19326782226562,79.85205841064453,71.14299774169922,254.22000122070312,5745.3701171875
2024-09-27,226.0951385498047,183.70376586914062,877.380126953125,202.01223754882812,559.211669921875,422.1569519042969,106.82814025878906,80.8853759765625,70.73500061035156,260.4599914550781,5738.169921875
2024-09-30,231.266357421875,186.2406463623047,878.271728515625,202.35772705078125,561.32421875,424.40570068359375,103.06182861328125,80.87580871582031,70.927001953125,261.6300048828125,5762.47998046875
2024-10-01,224.52688598632812,185.75027465820312,869.216796875,198.69174194335938,581.777587890625,414.92730712890625,99.6830825805664,81.58381652832031,70.61299896240234,258.0199890136719,5708.75
2024-10-02,225.09263610839844,185.61822509765625,870.3560791015625,198.93165588378906,579.2233276367188,411.4161376953125,99.2259521484375,81.73690795898438,71.10900115966797,249.02000427246094,5709.5400390625
2024-10-03,223.9908905029297,184.32618713378906,867.5226440429688,196.9547119140625,581.7391357421875,410.8342590332031,101.18364715576172,81.37333679199219,70.68000030517578,240.66000366210938,5699.93994140625
2024-10-04,225.1125030517578,183.2322235107422,874.8934936523438,203.94537353515625,581.07666015625,410.36077880859375,101.61095428466797,80.22520446777344,71.97000122070312,250.0800018310547,5751.06982421875
2024-10-07,220.04051208496094,182.59092712402344,865.4620971679688,203.6653594970703,581.4703369140625,403.9300842285156,102.38198852539062,76.81910705566406,70.19200134277344,240.8300018310547,5695.93994140625
2024-10-08,224.0901641845703,182.0250701904297,882.135498046875,203.49154663085938,583.8805541992188,409.0292663574219,102.01387786865234,77.02001953125,72.1760025024414,244.5,5751.1298828125
2024-10-09,227.83209228515625,183.66603088378906,900.6416625976562,206.06959533691406,581.057373046875,411.7415771484375,101.17817687988281,77.09656524658203,72.74299621582031,241.0500030517578,5792.0400390625
2024-10-10,227.33583068847656,183.288818359375,885.3156127929688,205.5095672607422,573.740234375,410.143798828125,105.14771270751953,77.44100952148438,73.02899932861328,238.77000427246094,5780.0498046875
2024-10-11,225.8568878173828,183.13790893554688,880.7584228515625,214.63409423828125,580.1547241210938,410.6172180175781,106.37139129638672,78.32122802734375,72.27899932861328,217.8000030517578,5815.02978515625
2024-10-14,229.57901000976562,184.51483154296875,881.4816284179688,213.8520050048828,586.5885009765625,413.3986511230469,107.78411865234375,79.32584381103516,71.30000305175781,219.16000366210938,5859.85009765625
2024-10-15,232.11004638671875,182.3854217529297,886.2864990234375,214.73065185546875,580.9517822265625,413.00408935546875,103.78475189208984,79.2110366821289,70.5979995727539,219.57000732421875,5815.259765625
2024-10-16,230.05543518066406,181.05458068847656,879.1236572265625,215.9376220703125,588.4705810546875,410.4199523925781,108.67949676513672,80.74185943603516,70.19999694824219,221.3300018310547,5842.47021484375
2024-10-17,230.42266845703125,179.25791931152344,877.0531616210938,216.6907501220703,585.3881225585938,411.0117492675781,111.47508239746094,80.1582260131836,68.76499938964844,220.88999938964844,5841.47021484375
2024-10-18,233.25144958496094,179.53358459472656,881.2835083007812,217.6080322265625,587.4910888671875,412.4320373535156,110.5796890258789,80.7322998046875,76.38899993896484,220.6999969482422,5864.669921875
2024-10-21,234.720458984375,177.328125,878.5194702148438,215.3196563720703,590.1797485351562,413.0435485839844,108.52032470703125,80.39743041992188,77.20700073242188,218.85000610351562,5853.97998046875
2024-10-22,234.10508728027344,179.4385223388672,885.1768798828125,216.40106201171875,554.0455932617188,421.6539306640625,107.26678466796875,80.0816879272461,76.42400360107422,217.97000122070312,5851.2001953125
2024-10-23,229.04302978515625,178.6019744873047,890.8040771484375,215.71554565429688,548.3992309570312,418.7837829589844,104.51100158691406,81.28721618652344,74.92900085449219,213.64999389648438,5797.419921875
2024-10-24,228.85446166992188,180.28456115722656,885.1076049804688,217.23146057128906,541.783203125,418.9120178222656,106.3017578125,79.23016357421875,75.45500183105469,260.4800109863281,5809.85986328125
2024-10-25,229.68820190429688,178.5734405517578,882.927978515625,214.6533966064453,539.939453125,422.28515625,107.3563232421875,77.90982818603516,75.46800231933594,269.19000244140625,5808.1201171875
2024-10-28,231.66339111328125,180.3130645751953,882.6704711914062,217.7335662841797,533.1024780273438,420.7465515136719,105.84412384033203,79.2875747680664,74.91200256347656,262.510009765625,5823.52001953125
2024-10-29,231.93136596679688,180.09442138671875,878.7374267578125,215.2230987548828,525.065185546875,426.03314208984375,107.62494659423828,76.12065124511719,75.94400024414062,259.5199890136719,5832.919921875
2024-10-30,228.387939453125,191.5493621826172,870.910888671875,216.68109130859375,524.2393188476562,426.6051940917969,103.54598236083984,75.67097473144531,75.3740005493164,257.54998779296875,5813.669921875
2024-10-31,224.2291259765625,193.8023223876953,866.046630859375,214.27684020996094,524.344970703125,400.7837829589844,99.13871002197266,75.82406616210938,75.60299682617188,249.85000610351562,5705.4501953125
2024-11-01,221.25144958496094,193.49813842773438,870.3023071289062,215.26171875,523.6727905273438,404.74871826171875,99.21829223632812,74.0062026977539,75.61000061035156,248.97999572753906,5728.7998046875
2024-11-04,220.35813903808594,190.5702667236328,878.9923095703125,212.21054077148438,521.51220703125,402.8648376464844,101.20803833007812,74.98210906982422,75.5510025024414,242.83999633789062,5712.68994140625
2024-11-05,221.7873992919922,191.72047424316406,883.0595703125,213.86166381835938,525.0171508789062,405.82379150390625,104.94874572753906,75.24999237060547,76.39099884033203,251.44000244140625,5782.759765625
2024-11-06,221.0628662109375,191.26417541503906,892.0670776367188,238.55101013183594,529.8855590820312,414.4243469238281,111.25619506835938,71.29853057861328,78.02100372314453,288.5299987792969,5929.0400390625
2024-11-07,225.78744506835938,190.60826110839844,906.6297607421875,228.2388458251953,529.9049072265625,419.6024169921875,112.82810974121094,71.39421844482422,79.65399932861328,296.9100036621094,5973.10009765625
2024-11-08,225.5191650390625,189.64816284179688,936.26123046875,228.81814575195312,542.1192626953125,416.75201416015625,111.32585906982422,73.64263153076172,79.50399780273438,321.2200012207031,5995.5400390625
2024-11-11,222.80648803710938,165.816162109375,925.4284057617188,231.04861450195312,547.8999633789062,412.2840881347656,108.09252166748047,72.62844848632812,80.54399871826172,350.0,6001.35009765625
2024-11-12,222.80648803710938,162.64111328125,924.932373046875,231.309326171875,543.4635620117188,417.23529052734375,103.56586456298828,71.04977416992188,81.94999694824219,328.489990234375,5983.990234375
2024-11-13,223.69082641601562,161.93765258789062,926.2716674804688,232.85423278808594,535.5607299804688,419.3756103515625,99.40731048583984,71.0306396484375,83.0469970703125,330.239990234375,5985.3798828125
2024-11-14,226.77113342285156,161.25318908691406,916.51025390625,233.53973388671875,517.5655517578125,421.0424499511719,98.6711196899414,72.02568054199219,83.72599792480469,311.17999267578125,5949.169921875
2024-11-15,223.5715789794922,156.84234619140625,899.8245849609375,236.8612823486328,513.5709838867188,409.3153076171875,95.8456802368164,73.04943084716797,82.39600372314453,320.7200012207031,5870.6201171875
2024-11-18,226.57240295410156,158.0686492919922,912.165283203125,236.59091186523438,509.8548278808594,410.06494140625,97.00968170166016,73.08769989013672,84.70500183105469,338.739990234375,5893.6201171875
2024-11-19,226.8307647705078,158.34432983398438,922.7202758789062,234.71771240234375,512.0634155273438,412.0671081542969,97.22854614257812,73.74787139892578,87.13200378417969,346.0,5916.97998046875
2024-11-20,227.5461883544922,159.4755401611328,920.6666870117188,232.48728942871094,513.4749145507812,409.7986145019531,97.86526489257812,73.5565185546875,88.38500213623047,342.0299987792969,5917.10986328125
2024-11-21,227.0692596435547,163.24949645996094,948.0166015625,236.3302001953125,520.4656372070312,408.0295715332031,102.23274230957031,74.0157699584961,89.74800109863281,339.6400146484375,5948.7099609375
2024-11-22,228.41067504882812,168.2117156982422,956.3097534179688,239.98968505859375,520.6671752929688,412.1111145019531,102.11335754394531,73.20187377929688,89.77899932861328,352.55999755859375,5969.33984375
2024-11-25,231.39163208007812,168.31629943847656,953.2147216796875,241.6697540283203,501.14532470703125,413.88018798828125,103.94391632080078,73.81831359863281,86.55899810791016,338.5899963378906,5987.3701171875
2024-11-26,233.56771850585938,172.19479370117188,963.739990234375,241.36077880859375,500.72283935546875,422.9723205566406,101.27766418457031,74.63701629638672,87.26000213623047,338.2300109863281,6021.6298828125
2024-11-27,233.43853759765625,174.0390167236328,953.8695068359375,241.1869659423828,504.85186767578125,418.0309143066406,97.6961441040039,75.62909698486328,87.73400115966797,332.8900146484375,5998.740234375
2024-11-29,235.8233184814453,173.8964080810547,964.1168823242188,241.11940002441406,508.3664245605469,418.4953918457031,97.44742584228516,75.77357482910156,88.68099975585938,345.1600036621094,6032.3798828125
2024-12-02,238.06895446777344,172.793701171875,967.2120361328125,237.76890563964844,502.7910461425781,425.92724609375,98.04434967041016,74.23249053955078,89.77400207519531,357.0899963378906,6047.14990234375
2024-12-03,241.10952758789062,172.5370330810547,974.3048706054688,236.38815307617188,499.5636291503906,426.1446838378906,99.32772827148438,73.48119354248047,90.21700286865234,351.4200134277344,6049.8798828125
2024-12-04,241.46725463867188,167.7459259033203,983.0047607421875,235.01705932617188,500.0467834472656,432.2917785644531,102.67048645019531,72.95145416259766,91.10600280761719,357.92999267578125,6086.490234375
2024-12-05,241.4970703125,167.47024536132812,974.4140014648438,237.02542114257812,500.0274353027344,437.4307861328125,100.35244750976562,73.3945083618164,91.78700256347656,369.489990234375,6075.10986328125
2024-12-06,241.29833984375,167.4892578125,984.6813354492188,238.84066772460938,495.7275695800781,438.36968994140625,100.6509017944336,72.46985626220703,93.4739990234375,389.2200012207031,6090.27001953125
2024-12-09,245.18348693847656,167.8505096435547,979.96923828125,235.41294860839844,492.8094177246094,440.7909240722656,102.29244995117188,71.94973754882812,91.36900329589844,389.7900085449219,6052.85009765625
2024-12-10,246.19703674316406,166.99493408203125,985.4650268554688,234.4956512451172,495.6405944824219,438.1324768066406,97.59666442871094,71.41035461425781,91.33499908447266,400.989990234375,6034.91015625
2024-12-11,244.9251708984375,165.7591094970703,986.7447509765625,235.142578125,487.2340087890625,443.72613525390625,101.53633117675781,71.2562484741211,93.65599822998047,424.7699890136719,6084.18994140625
2024-12-12,246.38583374023438,164.63739013671875,980.4949951171875,233.21145629882812,479.83233642578125,444.2893981933594,97.73592376708984,70.52423095703125,92.55500030517578,418.1000061035156,6051.25
2024-12-13,246.55474853515625,164.8085174560547,981.4473876953125,231.67623901367188,477.9674377441406,442.0262451171875,101.97407531738281,70.90950775146484,91.88700103759766,436.2300109863281,6051.08984375
2024-12-16,249.44627380371094,163.15444946289062,984.939208984375,231.32862854003906,475.068603515625,446.2956237792969,107.70452880859375,70.11005401611328,92.10800170898438,463.0199890136719,6074.080078125
2024-12-17,251.87078857421875,166.71926879882812,974.2354125976562,230.15065002441406,474.06365966796875,449.1319885253906,108.04277801513672,69.60919189453125,91.91300201416016,479.8599853515625,6050.60986328125
2024-12-18,246.4752655029297,164.47581481933594,957.033935546875,222.43582153320312,466.6523742675781,432.26214599609375,103.36689758300781,67.92363739013672,88.95500183105469,440.1300048828125,5872.16015625
2024-12-19,248.2042236328125,163.04986572265625,947.17333984375,224.93663024902344,463.48297119140625,431.90631103515625,86.64314270019531,67.20124816894531,90.2040023803711,436.1700134277344,5867.080078125
2024-12-20,252.8743896484375,166.9093780517578,946.44921875,229.41680908203125,472.5273132324219,431.48138427734375,89.65760803222656,69.03129577636719,90.90499877929688,421.05999755859375,5930.85009765625
2024-12-23,253.6494140625,169.58062744140625,942.3223876953125,230.17958068847656,470.0826416015625,430.1471862792969,89.25965118408203,69.82110595703125,91.1449966430664,430.6000061035156,5974.06982421875
2024-12-24,256.56085205078125,171.1111297607422,951.1612548828125,233.96456909179688,471.6673278808594,434.1793212890625,88.82191467285156,70.22564697265625,93.21199798583984,462.2799987792969,6040.0400390625
2024-12-26,257.3755798339844,170.35060119628906,948.5026245117188,234.76600646972656,473.4549560546875,432.9736328125,89.3591537475586,69.70551300048828,92.41400146484375,454.1300048828125,6037.58984375
2024-12-27,253.96739196777344,169.2193603515625,932.1939697265625,232.86387634277344,472.4790344238281,425.4825134277344,88.17524719238281,69.4551010131836,90.75499725341797,431.6600036621094,5970.83984375
2024-12-30,250.59890747070312,167.49876403808594,914.8436889648438,231.07757568359375,467.06787109375,419.849365234375,84.98255157470703,69.11798095703125,90.04299926757812,417.4100036621094,5906.93994140625
2024-12-31,248.83021545410156,168.9246826171875,908.9511108398438,231.45416259765625,469.55120849609375,416.5583801269531,83.83696746826172,69.05056762695312,89.13200378417969,403.8399963378906,5881.6298828125
2025-01-02,242.3019256591797,170.57876586914062,902.542724609375,231.73414611816406,465.9856262207031,413.6726379394531,86.99479675292969,68.97349548339844,88.6729965209961,379.2799987792969,5868.5498046875
2025-01-03,241.8150177001953,172.2708740234375,909.2586059570312,234.90118408203125,465.57012939453125,418.38671875,89.52505493164062,69.33950805664062,88.1050033569336,410.44000244140625,5942.47021484375
2025-01-06,243.4446258544922,171.2061767578125,915.3397216796875,233.75595092773438,450.28369140625,422.8339538574219,98.87901306152344,68.61711883544922,88.17900085449219,411.04998779296875,5975.3798828125
2025-01-07,240.67233276367188,170.664306640625,914.0103149414062,236.00759887695312,448.31243896484375,417.41815185546875,101.51883697509766,67.83695220947266,87.91899871826172,394.3599853515625,5909.02978515625
2025-01-08,241.15921020507812,169.6851806640625,919.96240234375,235.96878051757812,453.03759765625,419.58251953125,99.02842712402344,68.05847930908203,87.5,394.94000244140625,5918.25
2025-01-10,235.34634399414062,166.51962280273438,929.4560546875,232.80479431152344,452.2644958496094,414.03826904296875,98.95869445800781,64.89923095703125,83.76899719238281,394.739990234375,5827.0400390625
2025-01-13,232.91189575195312,168.0120849609375,917.313720703125,237.01698303222656,466.8649597167969,412.2989501953125,94.69512176513672,64.49469757080078,84.02899932861328,403.30999755859375,5836.22021484375
2025-01-14,231.79904174804688,166.880859375,909.9034423828125,240.1809539794922,468.1210632324219,410.7967529296875,96.98629760742188,65.47715759277344,82.83999633789062,396.3599853515625,5842.91015625
2025-01-15,236.35989379882812,164.42433166503906,916.1233520507812,244.917236328125,467.6476135253906,421.31201171875,102.79391479492188,66.7389144897461,84.82599639892578,428.2200012207031,5949.91015625
2025-01-16,226.81088256835938,166.67935180664062,912.4033203125,246.78065490722656,470.44012451171875,419.602294921875,102.20618438720703,68.74234008789062,84.23699951171875,413.82000732421875,5937.33984375
2025-01-17,228.5199737548828,164.6258544921875,935.6560668945312,251.52664184570312,473.783447265625,424.0001220703125,105.3440933227539,68.1548080444336,85.80999755859375,426.5,5996.66015625
2025-01-21,221.2265625,165.63340759277344,940.1597900390625,255.28265380859375,489.21484375,423.476318359375,108.96015167236328,68.24148559570312,86.96800231933594,424.07000732421875,6049.240234375
2025-01-22,222.4090118408203,162.36123657226562,937.154052734375,255.09823608398438,482.499267578125,440.9688720703125,108.81074523925781,65.96836853027344,95.39900207519531,415.1099853515625,6086.3701171875
2025-01-23,222.24009704589844,163.77182006835938,934.63427734375,258.11663818359375,480.5086975097656,441.4728698730469,104.43757629394531,66.68113708496094,98.48600006103516,412.3800048828125,6118.7099609375
2025-01-24,221.36569213867188,163.41677856445312,932.1741333007812,257.0393371582031,480.1994934082031,438.8538818359375,102.79391479492188,70.1485824584961,97.75900268554688,406.5799865722656,6101.240234375
2025-01-27,228.40074157714844,169.75003051757812,957.5398559570312,258.0196228027344,486.7025451660156,429.4653015136719,90.76028442382812,71.11176300048828,97.18900299072266,397.1499938964844,6012.27978515625
2025-01-28,236.7473907470703,167.74447631835938,951.0123901367188,259.2715759277344,442.02203369140625,441.95709228515625,87.91126251220703,67.94290924072266,97.18299865722656,398.0899963378906,6067.7001953125
2025-01-29,237.84042358398438,168.17628479003906,956.3197021484375,258.7280578613281,439.0362548828125,437.1441345214844,88.66835021972656,68.2800064086914,97.81500244140625,389.1000061035156,6039.31005859375
2025-01-30,236.0816650390625,168.55052185058594,971.18994140625,260.3294677734375,444.1478271484375,410.1247253417969,92.14495086669922,68.67491912841797,97.3239974975586,400.2799987792969,6071.169921875
2025-01-31,234.50173950195312,176.4670867919922,972.052978515625,259.4269104003906,447.3365783691406,410.1939392089844,90.8897705078125,68.92534637451172,97.6760025024414,404.6000061035156,6040.52978515625
2025-02-03,226.5624542236328,182.4548797607422,997.795654296875,258.9513244628906,440.06048583984375,406.1024169921875,89.57485961914062,68.43412780761719,97.89399719238281,383.67999267578125,5994.56982421875
2025-02-04,231.32208251953125,182.27255249023438,1013.6976928710938,260.0480041503906,438.37921142578125,407.5354309082031,90.31201934814453,67.32646179199219,99.48699951171875,392.2099914550781,6037.8798828125
2025-02-05,230.99417114257812,183.9998016357422,1034.5498046875,262.46466064453125,434.6976623535156,408.4446716308594,93.24073791503906,66.65222930908203,101.11100006103516,378.1700134277344,6061.47998046875
2025-02-06,231.73941040039062,185.17050170898438,1042.5950927734375,268.7441101074219,433.39324951171875,410.9449768066406,94.1771240234375,66.71965789794922,101.56800079345703,374.32000732421875,6083.56982421875
2025-02-07,226.18487548828125,182.8962860107422,1036.6165771484375,267.676513671875,429.40252685546875,404.9461669921875,91.94572448730469,65.7564697265625,101.39299774169922,361.6199951171875,6025.990234375
2025-02-10,226.45346069335938,182.64678955078125,1054.6016845703125,263.0567321777344,433.1033020019531,407.38720703125,95.5617904663086,67.13381958007812,102.76000213623047,350.7300109863281,6066.43994140625
2025-02-11,231.39732360839844,184.07655334472656,1051.04638671875,266.890380859375,434.204833984375,406.6163330078125,93.71888732910156,67.74063110351562,100.80799865722656,328.5,6068.5
2025-02-12,235.62501525878906,185.19927978515625,1057.779541015625,267.3368225097656,427.0640869140625,404.2444763183594,91.32808685302734,66.72927856445312,102.73100280761719,336.510009765625,6051.97021484375
2025-02-13,240.26051330566406,185.63108825683594,1069.4385986328125,268.1811828613281,420.05865478515625,405.7268981933594,95.29283142089844,66.07432556152344,104.36900329589844,355.94000244140625,6115.06982421875
2025-02-14,243.31439208984375,185.0745391845703,1064.463134765625,268.4432067871094,408.91748046875,403.6416320800781,99.13800048828125,65.55419921875,105.86000061035156,355.8399963378906,6114.6298828125
2025-02-18,243.18507385253906,188.3179168701172,1048.7523193359375,271.70428466796875,414.08709716796875,404.83746337890625,106.3801040649414,65.9780044555664,103.58499908447266,354.1099853515625,6129.580078125
2025-02-19,243.58294677734375,189.3734588623047,1055.2174072265625,271.02490234375,418.34832763671875,409.90728759765625,103.95943450927734,66.51738739013672,104.33300018310547,360.55999755859375,6144.14990234375
2025-02-20,244.53790283203125,192.76080322265625,1027.6982421875,258.9415588378906,421.57568359375,412.07598876953125,102.7839584350586,67.55762481689453,102.4540023803711,354.3999938964844,6117.52001953125
2025-02-21,244.25938415527344,193.9122772216797,1027.8970947265625,256.45703125,425.8562927246094,404.2331237792969,98.46062469482422,68.94461059570312,100.31500244140625,337.79998779296875,6013.1298828125
2025-02-24,245.80123901367188,195.83143615722656,1028.463134765625,253.6424102783203,425.4214172363281,400.0641174316406,95.04378509521484,68.1933364868164,98.84700012207031,330.5299987792969,5983.25
2025-02-25,245.7415771484375,195.88900756835938,1048.3848876953125,249.81845092773438,433.3352355957031,394.0235595703125,92.86219024658203,68.65564727783203,97.7239990234375,302.79998779296875,5955.25
2025-02-26,239.09666442871094,194.80467224121094,1024.8580322265625,251.1675567626953,426.6099853515625,395.8357849121094,97.3349609375,68.39559936523438,99.00599670410156,290.79998779296875,5956.06005859375
2025-02-27,236.0527801513672,196.7334442138672,1014.6687622070312,251.41989135742188,431.4026794433594,388.70587158203125,91.46756744384766,66.82560729980469,96.30699920654297,281.95001220703125,5861.56982421875
2025-02-28,240.56887817382812,200.5813751220703,1041.3834228515625,256.85491943359375,435.1808166503906,393.1224365234375,93.2706069946289,68.1434097290039,98.05599975585938,292.9800109863281,5954.5
2025-03-03,236.77890014648438,202.93234252929688,1039.6353759765625,252.94363403320312,439.9212951660156,384.7052001953125,90.19246673583984,69.55154418945312,97.37000274658203,284.6499938964844,5849.72021484375
2025-03-04,234.68994140625,199.36268615722656,1029.7242431640625,242.8790740966797,436.8843078613281,384.82403564453125,90.84994506835938,68.80377960205078,97.25800323486328,272.0400085449219,5778.14990234375
2025-03-05,234.50096130371094,202.9899139404297,1040.5294189453125,244.12135314941406,448.1758117675781,397.1131591796875,93.97789001464844,68.44447326660156,99.09200286865234,279.1000061035156,5842.6298828125
2025-03-06,234.09312438964844,202.23184204101562,1019.544921875,239.27833557128906,449.22705078125,393.0234375,88.9273452758789,67.988037109375,90.63600158691406,263.45001220703125,5738.52001953125
2025-03-07,237.81344604492188,205.62875366210938,957.6643676757812,235.14381408691406,461.0539855957031,389.478271484375,92.60317993164062,70.7265853881836,89.11100006103516,262.6700134277344,5770.2001953125
2025-03-10,226.28436279296875,207.90298461914062,927.9703979492188,225.38014221191406,466.4272155761719,376.4563903808594,86.74575805664062,73.9604263305664,86.66799926757812,222.14999389648438,5614.56005859375
2025-03-11,219.6792755126953,204.95706176757812,924.0774536132812,222.39083862304688,456.4108581542969,376.74359130859375,88.70819854736328,71.89193725585938,89.51000213623047,230.5800018310547,5572.06982421875
2025-03-12,215.8395538330078,203.48890686035156,920.69091796875,221.1873779296875,449.22705078125,379.53607177734375,95.27290344238281,70.81399536132812,91.96800231933594,248.08999633789062,5599.2998046875
2025-03-13,208.57791137695312,202.99952697753906,884.482177734375,218.5572052001953,455.4860534667969,375.0799255371094,94.51581573486328,70.62947845458984,89.01699829101562,240.67999267578125,5521.52001953125
2025-03-14,212.36788940429688,203.21063232421875,897.6905517578125,225.59365844726562,453.77288818359375,384.7745666503906,100.40313720703125,71.4258041381836,91.80000305175781,249.97999572753906,5638.93994140625
2025-03-17,212.87522888183594,205.801513671875,910.2930297851562,227.03973388671875,455.174560546875,384.9132080078125,102.71422576904297,70.02738952636719,95.00199890136719,238.00999450683594,5675.1201171875
2025-03-18,211.57211303710938,205.20655822753906,891.8609008789062,228.0491180419922,456.8002014160156,379.7836608886719,101.3295669555664,68.6581039428711,92.99800109863281,225.30999755859375,5614.66015625
2025-03-19,214.10870361328125,203.67123413085938,897.8197021484375,232.06719970703125,458.0364074707031,384.0417785644531,101.66825103759766,68.46388244628906,95.9489974975586,235.86000061035156,5675.2900390625
2025-03-20,212.97470092773438,203.3929443359375,889.2293090820312,231.97012329101562,454.3277587890625,383.0712890625,102.6046371459961,69.0951156616211,95.08399963378906,236.25999450683594,5662.89013671875
2025-03-21,217.12277221679688,201.52175903320312,902.9937744140625,234.51296997070312,428.0068359375,387.4482727050781,94.35643005371094,68.8329086303711,96.02899932861328,248.7100067138672,5667.56005859375
2025-03-24,219.56985473632812,200.71572875976562,919.657958984375,240.7535858154297,423.412353515625,389.2505187988281,96.56791687011719,68.04630279541016,97.1989974975586,278.3900146484375,5767.56982421875
2025-03-25,222.573974609375,193.2021942138672,923.8489379882812,243.73316955566406,430.31378173828125,391.3102722167969,93.81849670410156,66.60904693603516,99.72799682617188,288.1400146484375,5776.64990234375
2025-03-26,220.36563110351562,193.16380310058594,923.342529296875,243.6361083984375,433.33135986328125,386.1708068847656,91.7763671875,67.71612548828125,97.06500244140625,272.05999755859375,5712.2001953125
2025-03-27,222.67344665527344,194.52642822265625,932.2805786132812,240.81179809570312,430.5182189941406,386.77484130859375,90.81010437011719,68.00746154785156,97.6719970703125,273.1300048828125,5693.31005859375
2025-03-28,216.7547149658203,196.9925537109375,923.253173828125,235.697021484375,429.7491760253906,375.1096496582031,88.10053253173828,68.41532897949219,93.38500213623047,263.54998779296875,5580.93994140625
2025-03-31,220.96249389648438,201.0515899658203,939.2620239257812,238.0748748779297,434.8304138183594,371.73291015625,86.669189453125,68.84261322021484,93.25299835205078,259.1600036621094,5611.85009765625
2025-04-01,222.0169219970703,197.93295288085938,947.8226318359375,236.48316955566406,436.7090759277344,378.4666442871094,88.48455810546875,68.87174987792969,92.83799743652344,268.4599914550781,5633.06982421875
2025-04-02,222.71324157714844,196.89659118652344,958.4290161132812,238.57957458496094,440.8265686035156,378.4171142578125,88.37483215332031,68.44447326660156,93.552001953125,282.760009765625,5670.97021484375
2025-04-03,202.12203979492188,193.4900665283203,960.415283203125,221.9541015625,442.685791015625,369.47503662109375,74.15107727050781,70.0565185546875,91.70500183105469,267.2799987792969,5396.52001953125
2025-04-04,187.389892578125,179.40341186523438,910.1639404296875,205.3434295654297,420.6575927734375,356.3343200683594,64.5555191040039,64.97756958007812,85.58599853515625,239.42999267578125,5074.080078125
2025-04-07,180.50625610351562,179.0099639892578,901.8715209960938,209.40579223632812,419.36297607421875,354.37359619140625,68.19625854492188,63.18099594116211,86.78299713134766,233.2899932861328,5062.25
2025-04-08,171.51376342773438,168.56971740722656,902.4872436523438,211.77871704101562,431.5694580078125,351.10577392578125,65.37344360351562,62.2584342956543,87.04000091552734,221.86000061035156,4982.77001953125
2025-04-09,197.8048553466797,172.57119750976562,958.538330078125,228.8385772705078,449.9473876953125,386.6857604980469,77.67210388183594,65.62821960449219,94.5469970703125,272.20001220703125,5456.89990234375
2025-04-10,189.41915893554688,167.1591339111328,957.6643676757812,221.77833557128906,451.36859130859375,377.6347961425781,69.87198638916016,64.79305267333984,92.11699676513672,252.39999389648438,5268.0498046875
2025-04-11,197.10853576660156,167.9748077392578,956.7705688476562,230.65493774414062,462.2707214355469,384.6656188964844,69.37326049804688,63.909339904785156,91.8290023803711,252.30999755859375,5363.35986328125
2025-04-14,201.45555114746094,171.86109924316406,972.5709228515625,229.20965576171875,462.69903564453125,384.0318603515625,70.83950805664062,65.73503875732422,93.12799835205078,252.35000610351562,5405.97021484375
2025-04-15,201.07754516601562,171.221923828125,970.1873779296875,227.65699768066406,457.0921936035156,381.9721374511719,70.85945892333984,65.7059097290039,97.62799835205078,254.11000061035156,5396.6298828125
2025-04-16,193.24893188476562,166.263427734375,961.0806274414062,224.21961975097656,464.3927307128906,367.9896545410156,69.15380859375,63.74424362182617,96.16300201416016,241.5500030517578,5275.7001953125
2025-04-17,195.9446563720703,167.53211975097656,987.6463012695312,226.5144805908203,451.7384338378906,364.1969909667969,68.62515258789062,64.3948974609375,97.3030014038086,241.3699951171875,5282.7001953125
2025-04-21,192.144775390625,164.79141235351562,951.1693725585938,223.6142120361328,446.1413879394531,355.6213684082031,66.57038879394531,62.81197738647461,98.79100036621094,227.5,5158.2001953125
2025-04-22,198.69017028808594,168.29718017578125,972.4815063476562,230.0592498779297,449.79168701171875,363.246337890625,70.03157806396484,64.71537017822266,104.03399658203125,237.97000122070312,5287.759765625
2025-04-23,203.52464294433594,171.46401977539062,969.1148681640625,235.22508239746094,451.2225646972656,370.74261474609375,72.74465942382812,65.3271713256836,104.95899963378906,250.74000549316406,5375.85986328125
2025-04-24,207.27479553222656,174.6792755126953,968.7573852539062,238.89678955078125,454.3958435058594,383.5268249511719,77.2232437133789,64.4337387084961,109.68699645996094,259.510009765625,5484.77001953125
2025-04-25,208.1800079345703,180.18975830078125,970.42578125,237.8323974609375,464.9378967285156,388.0325012207031,79.57725524902344,64.1812515258789,110.15299987792969,284.95001220703125,5525.2099609375
2025-04-28,209.03550720214844,186.27162170410156,971.7962646484375,237.51011657714844,463.623779296875,387.3492431640625,78.3603515625,64.27835845947266,111.03800201416016,285.8800048828125,5528.75
2025-04-29,210.0998992919922,187.40469360351562,984.8656005859375,238.87725830078125,463.22467041015625,390.201171875,76.68461608886719,65.30775451660156,112.56400299072266,292.0299987792969,5560.830078125
2025-04-30,211.3831024169922,188.94456481933594,987.6463012695312,238.87725830078125,465.0449523925781,391.4093017578125,76.75444793701172,64.94844055175781,113.1719970703125,282.1600036621094,5569.06005859375
2025-05-01,212.1988067626953,187.2400665283203,992.155029296875,241.09397888183594,465.0157165527344,421.2556457519531,77.57235717773438,64.14240264892578,113.34700012207031,280.5199890136719,5604.14013671875
2025-05-02,204.2706756591797,192.20822143554688,1002.6558227539062,246.58203125,460.2265319824219,431.0393981933594,80.51486206054688,65.15237426757812,115.64900207519531,287.2099914550781,5686.669921875
2025-05-05,197.84463500976562,189.8839569091797,1009.208984375,246.630859375,459.0195617675781,431.9207458496094,80.21562194824219,64.19096374511719,113.40599822998047,280.260009765625,5650.3798828125
2025-05-06,197.4666290283203,181.24537658691406,1004.8435668945312,243.3985595703125,455.7586364746094,429.0885925292969,80.3053970336914,64.6182632446289,113.76899719238281,275.3500061035156,5606.91015625
2025-05-07,195.21852111816406,182.1557159423828,1001.5123291015625,243.5352783203125,458.78594970703125,429.12823486328125,82.4100341796875,65.4145736694336,115.54100036621094,276.2200012207031,5631.27978515625
2025-05-08,196.45199584960938,179.7248992919922,1002.0692749023438,247.51950073242188,461.9105529785156,433.9012451171875,84.93360900878906,66.34684753417969,114.44300079345703,284.82000732421875,5663.93994140625
2025-05-09,197.4865264892578,178.7758331298828,1002.4470825195312,247.13864135742188,460.9273986816406,434.45574951171875,85.64179992675781,68.27936553955078,114.02200317382812,298.260009765625,5659.91015625
2025-05-12,209.95703125,184.0732421875,1010.4619750976562,253.94500732421875,460.5769958496094,444.88323974609375,92.05545806884766,67.67728424072266,111.0,318.3800048828125,5844.18994140625
2025-05-13,212.0885772705078,182.06854248046875,993.4378051757812,256.8355407714844,447.6014709472656,444.764404296875,96.68367004394531,70.02738952636719,113.84400177001953,334.07000732421875,5886.5498046875
2025-05-14,211.490966796875,171.84170532226562,985.98974609375,259.40380859375,437.2347106933594,448.52734375,95.07776641845703,70.10508728027344,115.0989990234375,347.67999267578125,5892.580078125
2025-05-15,210.61444091796875,175.9479522705078,1004.8136596679688,261.2103576660156,452.7702941894531,449.5392761230469,95.20742797851562,72.39692687988281,117.7979965209961,342.82000732421875,5916.93017578125
2025-05-16,210.42520141601562,178.21412658691406,1020.0877075195312,261.2786865234375,455.86572265625,450.67022705078125,97.7509536743164,72.83391571044922,119.15299987792969,349.9800109863281,5958.3798828125
2025-05-19,207.9550018310547,179.85079956054688,1028.5501708984375,258.66162109375,460.4796447753906,455.2337951660156,98.39930725097656,71.72684478759766,119.16400146484375,342.0899963378906,5963.60009765625
2025-05-20,206.04258728027344,179.0179443359375,1031.01611328125,259.4428405761719,463.166259765625,454.5393371582031,97.85070037841797,72.2609634399414,119.2020034790039,343.82000732421875,5940.4599609375
2025-05-21,201.2914276123047,176.06417846679688,1019.5607299804688,254.91175842285156,457.7735595703125,448.9837341308594,95.59642791748047,69.47384643554688,119.46299743652344,334.6199951171875,5844.60986328125
2025-05-22,200.56431579589844,176.7808074951172,1012.4308471679688,254.5504608154297,457.9390869140625,451.2555847167969,94.5890121459961,65.00670623779297,118.7969970703125,341.0400085449219,5842.009765625
2025-05-23,194.4983673095703,177.47808837890625,1002.8547973632812,254.5895233154297,456.4108581542969,446.6126708984375,93.13272094726562,65.80302429199219,118.53900146484375,339.3399963378906,5802.81982421875
2025-05-27,199.41885375976562,179.86050415039062,1012.0927124023438,259.0619812011719,464.1688537597656,457.03936767578125,96.13507080078125,66.07493591308594,121.15699768066406,362.8900146484375,5921.5400390625
2025-05-28,199.62803649902344,177.31344604492188,1007.4688110351562,257.30426025390625,457.4815673828125,453.7357482910156,95.93557739257812,65.26890563964844,120.8550033569336,356.8999938964844,5888.5498046875
2025-05-29,199.15988159179688,179.7636260986328,1003.0933837890625,258.1636047363281,461.0929260253906,455.0452880859375,96.55400085449219,66.99749755859375,118.48600006103516,358.42999267578125,5912.169921875
2025-05-30,200.05633544921875,180.23817443847656,1034.357421875,257.80230712890625,469.55181884765625,456.71197509765625,94.21994018554688,68.59984588623047,120.7229995727539,346.4599914550781,5911.68994140625
2025-06-02,200.90298461914062,181.09042358398438,1050.93408203125,258.44683837890625,469.2969970703125,458.3092041015625,97.93048858642578,68.67522430419922,121.89800262451172,342.69000244140625,5935.93994140625
2025-06-03,202.46676635742188,181.3422088623047,1049.68115234375,260.01898193359375,470.6201171875,459.3013000488281,101.99014282226562,69.45840454101562,121.79399871826172,344.2699890136719,5970.3701171875
2025-06-04,202.01856994628906,181.42938232421875,1045.802978515625,258.01708984375,472.6195373535156,460.1941833496094,102.98760223388672,68.41089630126953,123.96600341796875,332.04998779296875,5970.81005859375
2025-06-05,199.8372039794922,181.55526733398438,1005.1517944335938,255.8004150390625,468.5226745605469,463.9739685058594,106.0198745727539,69.99684143066406,125.052001953125,284.70001220703125,5939.2998046875
2025-06-06,203.11419677734375,183.8408203125,1009.2587280273438,259.49169921875,472.10986328125,466.652587890625,108.28411102294922,70.6429672241211,124.14700317382812,295.1400146484375,6000.35986328125
2025-06-09,200.65394592285156,183.19195556640625,1000.5477294921875,260.47796630859375,471.2669982910156,469.0038146972656,110.66803741455078,70.38843536376953,122.44599914550781,308.5799865722656,6005.8798828125
2025-06-10,201.869140625,183.52120971679688,1001.6316528320312,262.2943115234375,467.4151306152344,467.1883239746094,113.84992980957031,71.279296875,120.36199951171875,326.0899963378906,6038.81005859375
2025-06-11,197.99452209472656,185.45811462402344,991.2003784179688,261.8548278808594,447.5188903808594,468.8748474121094,115.73512268066406,71.4653091430664,121.98799896240234,326.42999267578125,6022.240234375
2025-06-12,198.412841796875,186.34909057617188,997.09716796875,261.9427795410156,459.9368896484375,475.0752868652344,115.88475036621094,72.28765106201172,121.50299835205078,319.1099853515625,6045.259765625
2025-06-13,195.67372131347656,185.05136108398438,984.6671142578125,258.7300109863281,476.7752380371094,471.1962890625,115.30621337890625,73.20787811279297,121.21499633789062,325.30999755859375,5976.97021484375
2025-06-16,197.63592529296875,184.83831787109375,978.849853515625,264.01300048828125,457.7708435058594,475.3431701660156,119.53543853759766,72.2289047241211,122.53500366210938,329.1300048828125,6033.10986328125
2025-06-17,194.86692810058594,179.6280517578125,972.2470092773438,263.1927185058594,469.8066101074219,474.25189208984375,120.03417205810547,70.3492660522461,122.06700134277344,316.3500061035156,5982.72021484375
2025-06-18,195.80320739746094,179.63775634765625,969.44287109375,267.5284729003906,459.2802429199219,476.4344482421875,121.51040649414062,70.06536865234375,122.22899627685547,322.04998779296875,5980.8701171875
2025-06-20,200.20574951171875,179.45375061035156,974.8026733398438,268.5440368652344,461.20123291015625,473.616943359375,123.285888671875,70.02620697021484,123.14099884033203,322.1600036621094,5967.83984375
2025-06-23,200.70376586914062,177.9623260498047,998.8572998046875,271.73724365234375,463.0634460449219,482.1488037109375,121.7697525024414,69.24302673339844,125.35399627685547,348.67999267578125,6025.169921875
2025-06-24,199.50851440429688,179.6958465576172,996.3115234375,274.6571044921875,451.04730224609375,486.2261962890625,127.5849380493164,69.8989486694336,127.91100311279297,340.4700012207031,6092.18017578125
2025-06-25,200.76351928710938,179.54087829589844,981.0176391601562,277.391357421875,449.2733154296875,488.3691101074219,126.92662048339844,68.8612289428711,127.5250015258789,327.54998779296875,6092.16015625
2025-06-26,200.20574951171875,180.89671325683594,977.407958984375,281.97125244140625,448.79302978515625,493.508056640625,125.67979431152344,69.49756622314453,130.66700744628906,325.7799987792969,6141.02001953125
2025-06-27,200.28543090820312,176.5580596923828,979.6256103515625,280.3697204589844,449.4693298339844,492.010009765625,124.44295501708984,69.399658203125,132.31199645996094,323.6300048828125,6173.06982421875
2025-06-30,204.3592529296875,179.7636260986328,984.398681640625,283.10400390625,453.9288330078125,493.4684143066406,122.93678283691406,67.96056365966797,133.91299438476562,317.6600036621094,6204.9501953125
2025-07-01,206.99879455566406,183.9957733154297,980.4409790039062,283.59228515625,456.6731262207031,488.1508483886719,120.58277130126953,71.52404022216797,129.36000061035156,300.7099914550781,6198.009765625
2025-07-02,211.6005401611328,184.73178100585938,976.8611450195312,285.1449890136719,453.35052490234375,487.1984558105469,121.43061828613281,71.4848861694336,128.48599243164062,315.6499938964844,6227.419921875
2025-07-03,212.70616149902344,183.30816650390625,981.4949951171875,290.443603515625,453.3211364746094,494.8870544433594,121.9792251586914,72.3268051147461,129.71800231933594,315.3500061035156,6279.35009765625
2025-07-07,209.12039184570312,181.71023559570312,986.6260986328125,286.4892272949219,459.7310791015625,493.77593994140625,119.72783660888672,73.17851257324219,128.96200561523438,293.94000244140625,6229.97998046875
2025-07-08,209.1801300048828,183.78271484375,980.3215942382812,277.47174072265625,453.8014221191406,492.6846618652344,124.22062683105469,70.93666076660156,127.53099822998047,297.80999755859375,6225.52001953125
2025-07-09,210.3056640625,184.6058807373047,976.5926513671875,277.84466552734375,453.85040283203125,499.52008056640625,122.04412078857422,72.10163879394531,128.8280029296875,295.8800048828125,6263.259765625
2025-07-10,211.57066345214844,188.8477020263672,964.7393188476562,282.7801818847656,455.0755310058594,497.5061340332031,122.9127197265625,73.07083129882812,125.05899810791016,309.8699951171875,6280.4599609375
2025-07-11,210.3256072998047,186.37815856933594,964.8984375,281.47515869140625,458.2119140625,499.33154296875,124.33045196533203,72.83587646484375,124.51100158691406,313.510009765625,6259.75
2025-07-14,207.79562377929688,185.47750854492188,975.4191284179688,283.2806701660156,464.1513977050781,499.033935546875,118.41993713378906,73.4624252319336,126.19499969482422,316.8999938964844,6268.56005859375
2025-07-15,208.28370666503906,182.0684051513672,962.2632446289062,281.1709899902344,460.76995849609375,501.8117370605469,119.91753387451172,73.12955474853516,126.0270004272461,310.7799987792969,6243.759765625
2025-07-16,209.3295440673828,186.16127014160156,946.0445556640625,280.4547119140625,462.0931396484375,501.6133117675781,116.24342346191406,73.19808959960938,125.03099822998047,321.6700134277344,6263.7001953125
2025-07-17,209.19009399414062,186.9622344970703,948.5703125,284.4580993652344,459.8683166503906,507.6451416015625,113.0785140991211,73.59947204589844,127.41699981689453,319.4100036621094,6297.35986328125
2025-07-18,210.3455047607422,184.8718719482422,945.6268920898438,285.8023986816406,454.73248291015625,506.0082092285156,114.20669555664062,74.35328674316406,120.92400360107422,329.6499938964844,6296.7900390625
2025-07-21,211.64036560058594,180.5641326904297,942.255859375,285.50799560546875,451.3707275390625,506.0181579589844,113.04855346679688,74.56865692138672,123.3270034790039,328.489990234375,6305.60009765625
2025-07-22,213.5527801513672,182.771728515625,936.3392333984375,285.9593811035156,402.5709533691406,501.26611328125,109.04499053955078,75.90985870361328,119.00800323486328,332.1099853515625,6309.6201171875
2025-07-23,213.3037872314453,186.13197326660156,935.9215087890625,291.1893310546875,411.0489501953125,501.861328125,109.65400695800781,71.2890853881836,117.6780014038086,332.55999755859375,6358.91015625
2025-07-24,212.91531372070312,186.4054718017578,928.5728759765625,290.9832763671875,412.18585205078125,506.8316650390625,111.55096435546875,70.45697021484375,118.07599639892578,305.29998779296875,6363.35009765625
2025-07-25,213.03485107421875,185.86822509765625,930.243408203125,293.014404296875,412.7935485839844,509.63922119140625,111.08171844482422,70.3394775390625,118.04900360107422,316.05999755859375,6388.64013671875
2025-07-28,213.2041778564453,184.14903259277344,928.7618408203125,292.6808166503906,412.96014404296875,508.4388427734375,111.07172393798828,69.84020233154297,117.45999908447266,325.5899963378906,6389.77001953125
2025-07-29,210.43516540527344,186.78643798828125,929.338623046875,291.4640808105469,411.7742614746094,508.50823974609375,111.78059387207031,70.4373779296875,116.8740005493164,321.20001220703125,6370.85986328125
2025-07-30,208.2239227294922,184.92071533203125,922.3181762695312,294.0054626464844,410.3530578613281,509.1729431152344,114.55613708496094,69.49756622314453,118.41999816894531,319.0400085449219,6362.89990234375
2025-07-31,206.74978637695312,184.63743591308594,934.3802490234375,290.6791076660156,412.6073303222656,529.2723999023438,108.9651107788086,69.56608581542969,115.94000244140625,308.2699890136719,6339.39013671875
2025-08-01,201.58030700683594,190.69369506835938,948.5003662109375,283.9380798339844,412.6367492675781,519.956787109375,104.71192932128906,68.91996765136719,115.86000061035156,302.6300048828125,6238.009765625
2025-08-04,202.54644775390625,192.6179962158203,951.3383178710938,288.7362365722656,415.2732238769531,531.3955078125,107.5972900390625,69.04723358154297,117.0989990234375,309.260009765625,6329.93994140625
2025-08-05,202.11814880371094,193.94647216796875,939.6478881835938,285.9004821777344,419.7229309082031,523.5679321289062,108.88523864746094,69.6835708618164,114.78700256347656,308.7200012207031,6299.18994140625
2025-08-06,212.4073486328125,191.7486572265625,964.47265625,285.880859375,426.2014465332031,520.7802124023438,108.6056900024414,69.05702209472656,117.8479995727539,319.9100036621094,6345.06005859375
2025-08-07,219.16053771972656,194.24928283691406,973.3251342773438,281.5536804199219,422.1830139160156,516.7127685546875,111.69073486328125,71.05413818359375,118.03700256347656,322.2699890136719,6340.0
2025-08-08,228.44374084472656,193.4580841064453,976.8402099609375,283.33953857421875,417.16485595703125,517.9031372070312,118.69947814941406,70.88771057128906,121.16400146484375,329.6499938964844,6389.4501953125
2025-08-11,226.53909301757812,194.0343780517578,984.5674438476562,284.1244812011719,417.7823181152344,517.6353759765625,123.5217514038086,70.92686462402344,121.83100128173828,339.0299987792969,6373.4501953125
2025-08-12,229.0021209716797,194.0343780517578,987.0668334960938,287.35272216796875,422.9769287109375,525.046142578125,127.54529571533203,70.3492660522461,122.52799987792969,340.8399963378906,6445.759765625
2025-08-13,232.6717529296875,196.7987823486328,974.71923828125,285.0762939453125,433.7679443359375,516.454833984375,124.07086181640625,70.780029296875,120.44400024414062,339.3800048828125,6466.580078125
2025-08-14,232.12330627441406,199.93434143066406,971.2738647460938,288.6381530761719,428.6223449707031,518.3397216796875,125.08922576904297,70.72128295898438,123.05599975585938,335.5799865722656,6468.5400390625
2025-08-15,230.93667602539062,201.8977508544922,967.9379272460938,285.03704833984375,428.8575744628906,516.0480346679688,120.67630767822266,73.82464599609375,123.8949966430664,330.55999755859375,6449.7998046875
2025-08-18,230.23863220214844,201.78053283691406,975.2171020507812,286.0575256347656,431.8763427734375,513.0023803710938,123.35202026367188,74.12812042236328,124.50900268554688,335.1600036621094,6449.14990234375
2025-08-19,229.90957641601562,201.4093475341797,976.7107543945312,285.2038269042969,432.3271789550781,505.73040771484375,121.85441589355469,74.90151977539062,121.41500091552734,329.30999755859375,6411.3701171875
2025-08-20,225.3723907470703,204.3007049560547,990.3729248046875,286.754150390625,437.1297302246094,501.7125549316406,117.02217864990234,74.57845306396484,121.38600158691406,323.8999938964844,6395.77978515625
2025-08-21,224.26551818847656,204.64259338378906,965.5879516601562,285.9986572265625,438.30584716796875,501.0666198730469,115.60446166992188,74.48055267333984,120.62100219726562,320.1099853515625,6370.169921875
2025-08-22,227.11746215820312,205.7170867919922,954.494873046875,290.6791076660156,437.32574462890625,504.037841796875,117.49142456054688,74.71550750732422,120.46499633789062,340.010009765625,6466.91015625
2025-08-25,226.5191650390625,202.73780822753906,937.6065063476562,289.3642272949219,438.8155212402344,501.0865173339844,116.23344421386719,73.73653411865234,121.80699920654297,346.6000061035156,6439.31982421875
2025-08-26,228.6630859375,203.52903747558594,937.3675537109375,292.96539306640625,446.4015808105469,498.8804626464844,116.31330871582031,73.2666244506836,122.60900115966797,351.6700134277344,6465.93994140625
2025-08-27,229.8397674560547,203.2359619140625,945.5130615234375,293.66204833984375,445.4312438964844,503.5509033203125,117.56130981445312,72.33659362792969,122.3499984741211,349.6000061035156,6481.39990234375
2025-08-28,231.90391540527344,203.09922790527344,940.9722290039062,295.4184265136719,447.10723876953125,506.4326477050781,121.80449676513672,71.12017822265625,123.1449966430664,345.9800109863281,6501.85986328125
2025-08-29,231.485107421875,205.521728515625,939.3391723632812,295.7618713378906,446.5682067871094,503.501220703125,118.81929779052734,71.08072662353516,120.82499694824219,333.8699951171875,6460.259765625
2025-09-02,229.07192993164062,207.00648498535156,934.858154296875,294.07415771484375,446.73602294921875,501.9410705566406,118.29014587402344,71.67265319824219,121.41100311279297,329.3599853515625,6415.5400390625
2025-09-03,237.7972412109375,206.9478759765625,945.77197265625,293.8877258300781,443.33984375,502.16961669921875,118.52975463867188,70.66637420654297,122.61799621582031,334.0899963378906,6448.259765625
2025-09-04,239.10354614257812,208.0614471435547,951.8660888671875,298.1168212890625,451.0306091308594,504.7731628417969,124.0109634399414,69.91659545898438,125.74800109863281,338.5299987792969,6502.080078125
2025-09-05,239.01380920410156,207.6316375732422,959.4140625,288.8540344238281,457.9908142089844,491.8847961425781,131.15948486328125,69.94619750976562,124.38200378417969,350.8399963378906,6481.5
2025-09-08,237.20892333984375,204.92587280273438,967.748779296875,287.41162109375,453.2618103027344,495.0646667480469,131.24935913085938,68.83139038085938,124.47599792480469,346.3999938964844,6495.14990234375
2025-09-09,233.6888885498047,205.541259765625,975.1175537109375,292.2588806152344,451.2379455566406,495.2733154296875,135.02330017089844,69.12735748291016,126.32499694824219,346.9700012207031,6512.60986328125
2025-09-10,226.1501922607422,206.73297119140625,952.25439453125,294.89837646484375,457.961181640625,497.2209777832031,139.77566528320312,70.08430480957031,124.77100372314453,347.7900085449219,6532.0400390625
2025-09-11,229.3810577392578,215.11402893066406,960.2506103515625,299.82415771484375,464.73382568359375,497.8569641113281,150.32870483398438,70.36054229736328,120.3499984741211,368.80999755859375,6587.47021484375
2025-09-12,233.40966796875,213.2776336669922,963.8154907226562,301.1488342285156,465.3064270019531,506.6910095214844,156.97802734375,70.67623901367188,118.84400177001953,395.94000244140625,6584.2900390625
2025-09-15,236.03224182128906,212.56455993652344,956.04833984375,303.1014099121094,467.2217102050781,512.1166381835938,157.51718139648438,70.53811645507812,120.22599792480469,410.0400085449219,6615.27978515625
2025-09-16,237.4781494140625,211.245849609375,948.0523071289062,303.3860168457031,468.278076171875,505.83642578125,158.5655059814453,68.89058685302734,120.0510025024414,421.6199951171875,6606.759765625
2025-09-17,238.3157958984375,215.69036865234375,958.9660034179688,305.8979187011719,467.0933532714844,506.81024169921875,159.73362731933594,69.36412048339844,122.8499984741211,425.8599853515625,6600.35009765625
2025-09-18,237.20892333984375,216.84300231933594,948.3410034179688,307.3501892089844,467.58697509765625,505.2501220703125,168.61936950683594,69.8376693725586,120.77799987792969,416.8500061035156,6631.9599609375
2025-09-19,244.80740356445312,217.31187438964844,947.1460571289062,308.8710632324219,466.9156494140625,514.6704711914062,162.46923828125,70.12377166748047,122.6969985961914,426.07000732421875,6664.35986328125
2025-09-22,255.35755920410156,217.42909240722656,939.2794189453125,306.57501220703125,474.2707824707031,511.21240234375,164.356201171875,71.37667846679688,122.73699951171875,434.2099914550781,6693.75
2025-09-23,253.7122344970703,217.44862365722656,939.6179809570312,306.869384765625,480.47076416015625,506.0252380371094,166.14334106445312,71.34708404541016,121.84700012207031,425.8500061035156,6656.919921875
2025-09-24,251.59820556640625,214.88937377929688,941.2809448242188,307.5365905761719,480.0561218261719,506.9394226074219,161.45086669921875,72.83677673339844,120.3949966430664,442.7900085449219,6637.97021484375
2025-09-25,256.1453552246094,213.47300720214844,939.3292236328125,307.5660705566406,478.1704406738281,503.8390808105469,156.5786895751953,73.64574432373047,120.8239974975586,423.3900146484375,6604.72021484375
2025-09-26,254.73931884765625,215.49501037597656,912.084716796875,310.1270446777344,481.23095703125,508.2411804199219,157.01797485351562,74.82959747314453,121.06099700927734,440.3999938964844,6643.7001953125
2025-09-29,253.7122344970703,217.98587036132812,913.000732421875,309.7640075683594,485.713134765625,511.3614196777344,163.63735961914062,75.18475341796875,120.64099884033203,443.2099914550781,6661.2099609375
2025-09-30,253.9116668701172,226.17156982421875,921.7238159179688,309.50885009765625,492.85101318359375,514.6903686523438,167.0518798828125,74.47444152832031,119.89199829101562,444.7200012207031,6688.4599609375
2025-10-01,254.72933959960938,238.71388244628906,913.4688720703125,304.8774719238281,492.6437072753906,516.4392700195312,181.85809326171875,77.61165618896484,117.08999633789062,459.4599914550781,6711.2001953125
2025-10-02,256.40460205078125,231.07518005371094,912.9012451171875,301.77679443359375,492.99908447265625,512.4942626953125,183.45553588867188,77.12825012207031,116.25299835205078,436.0,6715.35009765625
2025-10-03,257.2920837402344,228.4866485595703,911.51708984375,304.2102355957031,498.0637512207031,514.0940551757812,187.64645385742188,78.98295593261719,115.33200073242188,429.8299865722656,6715.7900390625
2025-10-06,255.96585083007812,224.85287475585938,907.0957641601562,304.8511047363281,507.6895751953125,525.2435302734375,190.7733917236328,81.00538635253906,116.33100128173828,453.25,6740.27978515625
2025-10-07,255.7564697265625,227.43165588378906,910.939453125,303.3819885253906,504.5599670410156,520.682373046875,185.508544921875,82.09058380126953,119.10600280761719,433.0899963378906,6714.58984375
2025-10-08,257.33197021484375,225.8785400390625,910.939453125,299.77325439453125,507.472412109375,521.5469360351562,196.34791564941406,82.90941619873047,121.42500305175781,438.69000244140625,6753.72021484375
2025-10-09,253.32330322265625,225.34129333496094,938.9109497070312,301.2522277832031,501.2921142578125,519.1123657226562,192.14205932617188,82.58385467529297,123.10700225830078,435.5400085449219,6735.10986328125
2025-10-10,244.57806396484375,225.1556854248047,926.0853271484375,296.6772155761719,498.61663818359375,507.74432373046875,181.42254638671875,82.22869873046875,122.00800323486328,413.489990234375,6552.509765625
2025-10-13,246.96131896972656,224.9603271484375,931.6119384765625,303.6580505371094,497.41217041015625,510.8149108886719,192.5816192626953,83.16593170166016,121.90299987792969,435.8999938964844,6654.72021484375
2025-10-14,247.07101440429688,223.8174591064453,942.5157470703125,297.85052490234375,498.7449951171875,510.337890625,186.877197265625,83.50135040283203,121.53500366210938,429.239990234375,6644.31005859375
2025-10-15,248.63658142089844,222.56796264648438,950.9598999023438,301.40997314453125,493.0484924316406,510.1988220214844,191.75244140625,84.63587951660156,120.3290023803711,435.1499938964844,6671.06005859375
2025-10-16,246.75192260742188,223.20745849609375,921.7138061523438,294.360107421875,486.9669494628906,508.3902282714844,202.33209228515625,83.90583801269531,118.35900115966797,428.75,6629.06982421875
2025-10-17,251.57826232910156,225.8638916015625,932.378662109375,293.3938293457031,488.8427429199219,510.3478698730469,202.18223571777344,83.392822265625,119.93599700927734,439.30999755859375,6664.009765625
2025-10-20,261.5001525878906,228.3136749267578,932.1595458984375,298.1265869140625,499.455810546875,513.5376586914062,206.5679473876953,83.62959289550781,123.85600280761719,447.42999267578125,6735.1298828125
2025-10-21,262.0286865234375,227.6544952392578,933.543701171875,292.9303894042969,483.26470947265625,514.4021606445312,202.09230041503906,82.86009216308594,124.13500213623047,442.6000061035156,6735.35009765625
2025-10-22,257.72088623046875,224.9882354736328,940.6934204101562,289.9920959472656,480.934814453125,517.2639770507812,198.2760467529297,81.7255630493164,111.63700103759766,438.9700012207031,6699.39990234375
2025-10-23,258.84771728515625,224.565185546875,938.074462890625,290.4161071777344,481.8331604003906,517.283935546875,206.5080108642578,82.13005065917969,111.35900115966797,448.9800109863281,6738.43994140625
2025-10-24,262.07855224609375,224.30938720703125,928.2063598632812,296.2334899902344,479.2268371582031,520.3147583007812,218.8059844970703,83.27444458007812,109.46900177001953,433.7200012207031,6791.68994140625
2025-10-27,268.0516357421875,224.34872436523438,925.9259643554688,299.89154052734375,480.70770263671875,528.1749877929688,219.88491821289062,84.87265014648438,109.45600128173828,452.4200134277344,6875.16015625
2025-10-28,268.2410888671875,223.8666534423828,920.260009765625,301.0845947265625,479.58221435546875,538.6585083007812,221.6931610107422,82.44574737548828,110.25,460.54998779296875,6890.89013671875
2025-10-29,268.93914794921875,221.50538635253906,908.5695190429688,301.2325134277344,479.1478271484375,538.1417846679688,226.40853881835938,80.66009521484375,110.04100036621094,461.510009765625,6890.58984375
2025-10-30,270.63433837890625,224.51600646972656,916.2968139648438,305.10748291015625,483.4819030761719,522.4512329101562,223.7910919189453,80.54170989990234,108.9000015258789,440.1000061035156,6822.33984375
2025-10-31,269.60723876953125,214.52000427246094,908.8876953125,306.7639465332031,485.6143798828125,514.5512084960938,223.55133056640625,80.30493927001953,111.88600158691406,456.55999755859375,6840.2001953125
2025-11-03,268.2909851074219,208.53817749023438,925.4310302734375,305.0187683105469,481.7245788574219,513.776123046875,234.4706573486328,80.67982482910156,110.00900268554688,468.3699951171875,6851.97021484375
2025-11-04,269.2781982421875,212.40472412109375,938.0953979492188,304.920166015625,478.80230712890625,511.0931091308594,217.8169403076172,80.59103393554688,109.2959976196289,444.260009765625,6771.5498046875
2025-11-05,269.3778991699219,213.27052307128906,932.4014282226562,307.3161315917969,467.1131286621094,503.96826171875,237.26791381835938,81.03498077392578,109.84600067138672,462.07000732421875,6796.2900390625
2025-11-06,269.0089416503906,215.5038604736328,920.983642578125,309.0317687988281,462.9468994140625,493.9715576171875,238.09710693359375,80.89686584472656,109.7020034790039,445.9100036621094,6720.31982421875
2025-11-07,267.7126159667969,215.62193298339844,920.1459350585938,309.8106994628906,452.5115051269531,493.6933288574219,237.68748474121094,82.8009033203125,110.36599731445312,429.5199890136719,6728.7998046875
2025-11-10,268.9303283691406,215.17921447753906,912.9861450195312,312.45318603515625,446.34112548828125,502.8155822753906,253.05245971679688,83.62959289550781,112.00700378417969,445.2300109863281,6832.43017578125
2025-11-11,274.73956298828125,221.53489685058594,911.2909545898438,311.200927734375,451.247802734375,505.4786682128906,240.87437438964844,84.60628509521484,113.64399719238281,439.6199951171875,6846.60986328125
2025-11-12,272.962890625,229.46478271484375,911.4304809570312,315.92388916015625,451.21820068359375,507.9231872558594,244.66067504882812,84.73452758789062,115.75,430.6000061035156,6850.919921875
2025-11-13,272.4438171386719,228.5399627685547,922.4793701171875,305.14697265625,450.0433654785156,500.12261962890625,236.71844482421875,82.86009216308594,115.4229965209961,401.989990234375,6737.490234375
2025-11-14,271.90484619140625,228.6088409423828,920.38525390625,299.35906982421875,459.83697509765625,506.96923828125,246.5887908935547,82.7515640258789,111.21700286865234,404.3500061035156,6734.10986328125
2025-11-17,266.9639892578125,230.2223663330078,910.0245361328125,296.1644592285156,464.7831726074219,504.2961730957031,241.71356201171875,84.5964126586914,110.29000091552734,408.9200134277344,6672.41015625
2025-11-18,266.94403076171875,230.09446716308594,892.563720703125,295.2179260253906,468.6729736328125,490.6824035644531,228.27670288085938,83.50135040283203,114.08999633789062,401.25,6617.31982421875
2025-11-19,268.0619812011719,229.14996337890625,888.0963134765625,299.0238342285156,463.9242858886719,484.05438232421875,225.69921875,83.13632202148438,110.0,403.989990234375,6642.16015625
2025-11-20,265.7562561035156,225.74581909179688,890.7787475585938,294.20233154296875,462.2952880859375,476.3088684082031,201.1732177734375,83.16593170166016,105.66999816894531,395.2300109863281,6538.759765625
2025-11-21,270.98651123046875,232.46554565429688,896.482666015625,293.84735107421875,454.9105529785156,470.0268249511719,207.16734313964844,82.91463470458984,104.30999755859375,391.0899963378906,6602.990234375
2025-11-24,275.4083557128906,225.80484008789062,883.62890625,293.8276672363281,445.3143615722656,471.8985290527344,223.71116638183594,83.65956115722656,106.97000122070312,417.7799987792969,6705.1201171875
2025-11-25,276.45635986328125,228.05787658691406,891.8157958984375,298.7576599121094,446.6471862792969,474.8752136230469,224.31057739257812,84.2554931640625,104.4000015258789,419.3999938964844,6765.8798828125
2025-11-26,277.0353088378906,223.98471069335938,905.7066650390625,303.33270263671875,448.3748779296875,483.3475036621094,230.03497314453125,84.96068572998047,106.13999938964844,426.5799865722656,6812.60986328125
2025-11-28,278.3328857421875,224.02406311035156,911.021728515625,308.6965026855469,452.0277404785156,489.82867431640625,236.24891662597656,85.70560455322266,107.58000183105469,430.1700134277344,6849.08984375
2025-12-01,282.57501220703125,221.4758758544922,909.3963012695312,304.5947570800781,436.8875427246094,484.5820007324219,240.2250213623047,84.07671356201172,109.12999725341797,430.1400146484375,6812.6298828125
2025-12-02,285.6592712402344,220.74781799316406,919.43798828125,303.5693359375,439.5037536621094,487.82757568359375,239.25596618652344,84.00718688964844,109.3499984741211,429.239990234375,6829.3701171875
2025-12-03,283.623046875,226.52305603027344,919.6672973632812,307.75982666015625,444.4576416015625,475.6119689941406,233.93118286132812,84.37467956542969,103.95999908447266,446.739990234375,6849.72021484375
2025-12-04,280.179443359375,225.0177764892578,893.3414916992188,311.67425537109375,445.99951171875,478.7081604003906,226.4285125732422,82.82524108886719,103.22000122070312,454.5299987792969,6857.1201171875
2025-12-05,278.26300048828125,222.4302215576172,892.1648559570312,310.62908935546875,449.829345703125,481.01788330078125,236.98817443847656,82.56700134277344,100.23999786376953,455.0,6870.39990234375
2025-12-08,277.3746643066406,219.51800537109375,885.0249633789062,310.79669189453125,462.94024658203125,488.8430480957031,246.6787109375,80.00447845458984,96.79000091552734,439.5799865722656,6846.509765625
2025-12-09,276.6659851074219,219.39010620117188,885.9423828125,296.30255126953125,464.44232177734375,489.8385925292969,252.17332458496094,79.10063934326172,96.70999908447266,445.1700134277344,6840.509765625
2025-12-10,278.26300048828125,221.54473876953125,871.9517822265625,305.76806640625,465.48681640625,476.4382629394531,263.4522705078125,80.71959686279297,92.70999908447266,451.45001220703125,6886.68017578125
2025-12-11,277.514404296875,220.36412048339844,881.9934692382812,312.9363098144531,472.39044189453125,481.3265075683594,258.2074279785156,80.6600112915039,94.08999633789062,446.8900146484375,6901.0
2025-12-12,277.763916015625,219.71478271484375,881.9834594726562,314.06036376953125,477.7322692871094,476.4084167480469,240.90435791015625,81.09703063964844,95.19000244140625,458.9599914550781,6827.41015625
2025-12-15,273.6016540527344,223.77810668945312,858.1407470703125,315.53936767578125,481.88043212890625,472.7148742675781,237.26791381835938,81.09703063964844,93.7699966430664,475.30999755859375,6816.509765625
2025-12-16,274.1007385253906,220.0591278076172,857.9712524414062,311.1319580078125,474.5589904785156,474.2779235839844,232.2827911376953,80.7692642211914,94.56999969482422,489.8800048828125,6800.259765625
2025-12-17,271.33587646484375,220.68878173828125,860.2249145507812,310.5699157714844,472.3009033203125,474.00909423828125,225.29962158203125,79.7462387084961,94.79000091552734,467.260009765625,6721.43017578125
2025-12-18,271.68524169921875,219.2228546142578,855.1790771484375,308.61767578125,467.67529296875,481.8342590332031,248.30711364746094,80.30244445800781,94.0,483.3699951171875,6774.759765625
2025-12-19,273.1625061035156,223.1582794189453,853.214599609375,312.7686767578125,471.6443786621094,483.7656555175781,265.66015625,79.0013198852539,94.38999938964844,481.20001220703125,6834.5
2025-12-22,270.4674987792969,224.23068237304688,847.6104736328125,318.56634521484375,481.0348815917969,482.7701110839844,276.3197021484375,79.49793243408203,93.2300033569336,488.7300109863281,6878.490234375
2025-12-23,271.85491943359375,225.09646606445312,852.386962890625,321.3666076660156,480.02020263671875,484.6915588378906,276.0000305175781,79.24962615966797,93.5,485.55999755859375,6909.7900390625
2025-12-24,273.3022155761719,226.17872619628906,869.4089965820312,324.5612487792969,483.20343017578125,485.8563232421875,286.39984130859375,79.9051513671875,93.63999938964844,485.3999938964844,6932.0498046875
2025-12-26,272.89300537109375,226.26724243164062,870.894775390625,323.3188781738281,480.4977111816406,485.5477294921875,284.51171875,79.86543273925781,94.47000122070312,475.19000244140625,6929.93994140625
2025-12-29,273.2523498535156,227.11337280273438,865.4003295898438,319.2171325683594,486.30706787109375,484.9404296875,294.2011413574219,79.72637176513672,94.1500015258789,459.6400146484375,6905.740234375
2025-12-30,272.57354736328125,226.03114318847656,863.2164916992188,318.89178466796875,485.441650390625,485.3187561035156,292.4621276855469,79.98461151123047,93.77999877929688,454.42999267578125,6896.240234375
2025-12-31,271.3558349609375,224.8013153076172,859.915771484375,317.70855712890625,481.1343688964844,481.4758605957031,285.24627685546875,79.7363052368164,93.76000213623047,449.7200012207031,6845.5
2026-01-02,270.5074462890625,225.6080780029297,852.0977783203125,320.92291259765625,494.464111328125,470.84320068359375,315.2391052246094,80.38190460205078,90.98999786376953,438.07000732421875,6858.47021484375
2026-01-05,266.764404296875,216.62547302246094,873.278076171875,329.36309814453125,508.8880920410156,470.75360107421875,311.970947265625,80.7692642211914,91.45999908447266,451.6700134277344,6902.0498046875
2026-01-06,261.87347412109375,220.31492614746094,886.6004638671875,331.41326904296875,519.3031616210938,476.3885192871094,343.23297119140625,80.5010986328125,90.6500015258789,432.9599914550781,6944.81982421875
2026-01-07,259.84722900390625,229.65171813964844,880.098876953125,323.8660583496094,494.26513671875,481.3265075683594,339.355224609375,77.83924865722656,90.7300033569336,431.4100036621094,6920.93017578125
2026-01-08,258.55963134765625,220.51170349121094,912.73681640625,326.63934326171875,515.7220458984375,475.9902648925781,326.8323974609375,78.95165252685547,90.52999877929688,435.79998779296875,6921.4599609375
2026-01-09,258.8890075683594,216.52708435058594,922.2799682617188,326.0450744628906,540.07373046875,477.15509033203125,344.89202880859375,79.34894561767578,89.45999908447266,445.010009765625,6966.27978515625
2026-01-12,259.7673645019531,216.4877166748047,940.4287719726562,321.3899841308594,548.35009765625,475.06439208984375,345.6716003417969,80.57061767578125,89.41000366210938,448.9599914550781,6977.27001953125
2026-01-13,260.5658874511719,217.186279296875,939.281982421875,307.9298095703125,555.3731079101562,468.5832824707031,337.93603515625,81.08709716796875,90.31999969482422,447.20001220703125,6963.740234375
2026-01-14,259.4779052734375,218.307861328125,948.3065185546875,304.9287414550781,569.6976318359375,457.3433532714844,333.1587829589844,81.42479705810547,88.55000305175781,439.20001220703125,6926.60009765625
2026-01-15,257.7311706542969,213.25083923339844,954.060302734375,306.30548095703125,574.8604125976562,454.6354064941406,336.4369201660156,81.63337707519531,88.05000305175781,438.57000732421875,6944.47021484375
2026-01-16,255.05612182617188,212.58636474609375,960.9010620117188,309.48480224609375,579.3765869140625,457.8211975097656,362.5419006347656,83.06361389160156,88.0,437.5,6940.009765625
2026-01-20,246.2425079345703,212.27890014648438,961.5492553710938,299.8477478027344,573.0399780273438,452.5048522949219,364.7906188964844,82.9444351196289,87.26000213623047,419.25,6796.85986328125
2026-01-21,247.1907501220703,214.3715362548828,980.096923828125,299.15447998046875,583.1566772460938,442.1409912109375,388.88677978515625,83.2821273803711,85.36000061035156,431.44000244140625,6875.6201171875
2026-01-22,247.8894500732422,216.31541442871094,973.4257202148438,300.729248046875,590.79638671875,449.1398620605469,397.3519287109375,84.49386596679688,83.54000091552734,449.3599853515625,6913.35009765625
2026-01-23,247.58001708984375,217.45594787597656,980.48583984375,294.875732421875,587.7225952148438,463.8841857910156,399.4207458496094,84.23562622070312,86.12000274658203,449.05999755859375,6915.60986328125
2026-01-26,254.93637084960938,218.9535369873047,974.9215087890625,298.1640319824219,578.610595703125,468.1949768066406,388.8667907714844,84.89115905761719,85.69999694824219,435.20001220703125,6950.22998046875
2026-01-27,257.7910461425781,222.0875244140625,967.5523071289062,297.44097900390625,591.8309936523438,478.4493408203125,410.0046691894531,86.55978393554688,85.58000183105469,430.8999938964844,6978.60009765625
2026-01-28,255.96444702148438,216.8708038330078,958.0790405273438,297.89654541015625,594.1387939453125,479.4946594238281,435.03033447265625,86.97693634033203,84.63999938964844,431.4599914550781,6978.02978515625
2026-01-29,257.801025390625,218.61631774902344,950.211181640625,303.49261474609375,619.2464599609375,431.57806396484375,435.5400390625,87.58280181884766,83.16000366210938,416.55999755859375,6969.009765625
2026-01-30,258.99884033203125,221.1750946044922,938.8876342773438,302.9676818847656,630.8950805664062,428.3822937011719,414.6419982910156,87.30470275878906,83.48999786376953,430.4100036621094,6939.02978515625
2026-02-02,269.50927734375,223.78346252441406,966.9569091796875,305.1961669921875,632.665771484375,421.49298095703125,437.5488586425781,85.7453384399414,82.76000213623047,421.80999755859375,6976.43994140625
2026-02-03,268.98028564453125,223.8032989501953,976.5030517578125,311.8420715332031,624.9663696289062,409.3868713378906,419.1993713378906,88.21846771240234,79.94000244140625,421.9599914550781,6917.81005859375
2026-02-04,275.97723388671875,215.32363891601562,976.9324340820312,314.23895263671875,599.6000366210938,412.35369873046875,379.1823425292969,89.36067962646484,80.16000366210938,406.010009765625,6882.72021484375
2026-02-05,275.3983459472656,217.21792602539062,987.8565673828125,307.1968688964844,605.986328125,391.9246520996094,382.6703796386719,88.60582733154297,80.87000274658203,397.2099914550781,6798.39990234375
2026-02-06,277.6042175292969,221.5916290283203,999.7093505859375,319.3199462890625,620.3108520507812,399.3615417480469,394.4635925292969,88.86406707763672,82.19999694824219,411.1099853515625,6932.2998046875
2026-02-09,274.3672180175781,221.42303466796875,996.1445922851562,319.0228271484375,634.9437255859375,411.76629638671875,383.280029296875,88.8740005493164,81.47000122070312,417.32000732421875,6964.81982421875
2026-02-10,273.4280700683594,220.6097869873047,969.82275390625,315.2392883300781,626.259521484375,411.437744140625,373.035888671875,90.21485900878906,82.20999908447266,425.2099914550781,6941.81005859375
2026-02-11,275.24639892578125,219.07254028320312,976.7227783203125,307.8505554199219,625.404052734375,402.5771789550781,410.1046142578125,90.74127197265625,79.62000274658203,428.2699890136719,6941.47021484375
2026-02-12,261.4891052246094,225.62815856933594,997.4127197265625,299.7487487792969,634.0882568359375,400.05841064453125,413.7325439453125,91.30741119384766,75.86000061035156,417.07000732421875,6832.759765625
2026-02-13,255.5445556640625,229.59524536132812,1017.0042724609375,299.6595764160156,649.1588745117188,399.5407409667969,411.42388916015625,93.16474914550781,76.87000274658203,417.44000244140625,6836.169921875
2026-02-17,263.6371154785156,230.94406127929688,1010.5836181640625,304.1958312988281,646.174560546875,395.1004943847656,399.5506591796875,92.08212280273438,77.0,410.6300048828125,6843.22021484375
2026-02-18,264.106689453125,226.83811950683594,994.6367797851562,305.8300476074219,646.4033813476562,397.8283386230469,420.70855712890625,90.60221862792969,77.98999786376953,411.32000732421875,6881.31005859375
2026-02-19,260.3401184082031,222.5040740966797,986.3887329101562,305.10699462890625,663.0158081054688,397.5988464355469,417.110595703125,91.01937103271484,77.0,411.7099914550781,6861.89013671875
2026-02-20,264.3364562988281,222.9602813720703,983.8424072265625,307.82086181640625,654.80908203125,396.37152099609375,427.92437744140625,91.55571746826172,78.66999816894531,411.82000732421875,6909.509765625
2026-02-23,265.9349670410156,227.59185791015625,984.5913696289062,294.8262023925781,657.1566772460938,383.6390686035156,420.728515625,93.42298126220703,76.0199966430664,399.8299865722656,6837.75
2026-02-24,271.8895263671875,226.5604248046875,996.9833374023438,294.459716796875,660.9467163085938,388.1593017578125,417.7702331542969,95.03201293945312,78.04000091552734,409.3800048828125,6890.06982421875
2026-02-25,273.97760009765625,225.0529327392578,993.3186645507812,300.40240478515625,644.10546875,399.7342224121094,428.75390625,94.46587371826172,82.69999694824219,417.3999938964844,6946.1298828125
2026-02-26,272.6987609863281,222.84127807617188,985.310302734375,303.20538330078125,638.2662353515625,400.851806640625,415.3216247558594,91.36699676513672,84.58999633789062,408.5799865722656,6908.85986328125
2026-02-27,263.93682861328125,230.17047119140625,1009.325439453125,297.4310607910156,654.6300048828125,391.8912048339844,412.1334533691406,93.7699966430664,96.23999786376953,402.510009765625,6878.8798828125
2026-03-02,264.476318359375,232.33253479003906,1001.3170776367188,294.7172546386719,676.7000122070312,397.6886291503906,412.4333190917969,92.70999908447266,97.08999633789062,403.32000732421875,6881.6201171875
2026-03-03,263.5072326660156,231.93582153320312,1006.309814453125,297.3914489746094,667.8200073242188,403.0570068359375,379.4621887207031,92.58999633789062,97.69999694824219,392.42999267578125,6816.6298828125
2026-03-04,262.2783508300781,234.2466583251953,1005.2813110351562,296.52978515625,664.47998046875,404.32427978515625,400.5400695800781,92.5999984741211,98.66000366210938,405.94000244140625,6869.5
2026-03-05,260.0504150390625,230.43826293945312,981.1463623046875,290.74554443359375,655.0,409.79241943359375,396.8222351074219,91.12999725341797,99.16999816894531,405.54998779296875,6830.7099609375
2026-03-06,257.2229919433594,228.2166748046875,996.65380859375,286.7144470214844,671.77001953125,408.0761413574219,370.08758544921875,91.0199966430664,99.0199966430664,396.7300109863281,6740.02001953125
2026-03-09,259.6407775878906,225.5785675048828,1003.8433837890625,287.1502685546875,664.1500244140625,408.5251770019531,389.0966796875,92.01000213623047,98.31999969482422,398.67999267578125,6795.990234375
2026-03-10,260.58990478515625,225.14218139648438,995.9148559570312,285.97161865234375,651.219970703125,404.8830871582031,402.8787536621094,91.54000091552734,96.94000244140625,399.239990234375,6781.47998046875
2026-03-11,260.5699157714844,225.80667114257812,990.7922973632812,284.77313232421875,649.469970703125,404.0049743652344,418.4498291015625,91.66000366210938,94.88999938964844,407.82000732421875,6775.7998046875
2026-03-12,255.52456665039062,223.5156707763672,1001.8662719726562,280.1874084472656,652.8300170898438,400.9914855957031,405.1174621582031,91.7300033569336,94.30999755859375,395.010009765625,6672.6201171875
2026-03-13,249.8897705078125,217.87249755859375,1006.9688720703125,280.7321472167969,646.0,394.69512939453125,425.88555908203125,92.77999877929688,95.30999755859375,391.20001220703125,6632.18994140625
2026-03-16,252.58729553222656,219.6279296875,1000.2885131835938,283.4261474609375,645.2000122070312,399.08563232421875,441.54656982421875,92.81999969482422,95.19999694824219,395.55999755859375,6699.3798828125
2026-03-17,253.99598693847656,217.9518280029297,994.7166137695312,284.1492004394531,636.3300170898438,398.5467834472656,461.4251708984375,92.52999877929688,94.36000061035156,399.2699890136719,6716.08984375
2026-03-18,249.70994567871094,206.62579345703125,978.5001220703125,284.9910583496094,642.280029296875,390.9432678222656,461.46514892578125,90.95999908447266,94.69999694824219,392.7799987792969,6624.7001953125
2026-03-19,248.73085021972656,204.5331573486328,973.3676147460938,285.2188415527344,637.510009765625,388.1792297363281,444.01513671875,92.41000366210938,91.73999786376953,380.29998779296875,6606.490234375
2026-03-20,247.76173400878906,203.38272094726562,970.9212036132812,283.8223571777344,627.4299926757812,381.0447082519531,422.65740966796875,89.5,91.81999969482422,367.9599914550781,6506.47998046875
2026-03-23,251.25851440429688,203.2438507080078,964.3306884765625,287.14031982421875,616.25,382.1722717285156,404.1180419921875,90.2300033569336,93.37999725341797,380.8500061035156,6581.0
2026-03-24,251.4083709716797,203.5116424560547,972.4089965820312,289.6065368652344,610.1699829101562,371.9344177246094,395.3031005859375,91.62000274658203,90.91999816894531,383.0299987792969,6556.3701171875
2026-03-25,252.38746643066406,205.475341796875,973.447509765625,292.59771728515625,624.2000122070312,370.2381286621094,381.8708190917969,91.16000366210938,92.27999877929688,385.95001220703125,6591.89990234375
2026-03-26,252.6572265625,209.38291931152344,978.2305908203125,288.8736267089844,627.3300170898438,365.1790771484375,355.256103515625,91.16000366210938,93.31999969482422,372.1099853515625,6477.16015625
2026-03-27,248.57098388671875,207.6770782470703,982.4344482421875,280.13787841796875,615.8400268554688,355.9989318847656,357.01507568359375,91.4000015258789,93.43000030517578,361.8299865722656,6368.85009765625
2026-03-30,246.40298461914062,211.36647033691406,995.1360473632812,281.0589904785156,598.5700073242188,358.1842041015625,321.75048828125,92.05000305175781,92.97000122070312,355.2799987792969,6343.72021484375
2026-03-31,253.55638122558594,215.7005157470703,994.9862060546875,291.3497314453125,604.3900146484375,369.3699951171875,337.7880554199219,92.87999725341797,96.1500015258789,371.75,6528.52001953125
2026-04-01,255.3946990966797,213.21116638183594,995.1160278320312,292.5580749511719,617.6400146484375,368.57171630859375,367.7934265136719,92.8499984741211,95.55000305175781,381.260009765625,6575.31982421875
2026-04-02,255.68443298339844,207.12168884277344,1013.4894409179688,291.7855224609375,622.7899780273438,372.6528625488281,366.18365478515625,93.1500015258789,98.66000366210938,360.5899963378906,6582.68994140625
2026-04-06,258.6217041015625,204.9893798828125,1017.0741577148438,294.125,637.9000244140625,372.0741271972656,377.701904296875,92.7300033569336,98.93000030517578,352.82000732421875,6611.830078125
2026-04-07,253.26666259765625,204.67201232910156,1011.741943359375,296.0662536621094,627.7000122070312,371.48541259765625,377.52191162109375,93.66999816894531,98.81999969482422,346.6499938964844,6616.85009765625
2026-04-08,258.66168212890625,209.84906005859375,1028.7772216796875,306.5888366699219,628.5,373.52099609375,406.6674499511719,94.16999816894531,99.38999938964844,343.25,6782.81005859375
2026-04-09,260.2502136230469,210.6523895263672,1030.53466796875,308.938232421875,623.8699951171875,372.26373291015625,421.4451904296875,94.4800033569336,102.05000305175781,345.6199951171875,6824.66015625
2026-04-10,260.240234375,206.22909545898438,997.0232543945312,308.4803161621094,613.719970703125,370.0684814453125,420.52532958984375,94.08000183105469,103.01000213623047,348.95001220703125,6816.89013671875
2026-04-13,258.96142578125,204.7711944580078,979.4287719726562,312.2732238769531,619.6900024414062,383.539306640625,426.4944152832031,92.30000305175781,103.16000366210938,352.4200134277344,6886.240234375
2026-04-14,258.59173583984375,208.52999877929688,973.3875732421875,309.7247009277344,611.5800170898438,392.2604064941406,465.5884094238281,91.30999755859375,106.27999877929688,364.20001220703125,6967.3798828125
2026-04-15,266.18475341796875,208.4199981689453,983.3231811523438,304.5579833984375,611.0999755859375,410.3312683105469,456.15985107421875,91.23999786376953,107.70999908447266,391.95001220703125,7022.9501953125
2026-04-16,263.15753173828125,208.99000549316406,985.7796020507812,308.5599670410156,607.489990234375,419.35174560546875,457.1596984863281,91.83000183105469,107.79000091552734,388.8999938964844,7041.27978515625
2026-04-17,269.98126220703125,208.3800048828125,998.4412231445312,308.8984375,592.1900024414062,421.87628173828125,455.0000305175781,91.9800033569336,97.30999755859375,400.6199951171875,7126.06005859375
2026-04-20,272.79864501953125,203.7100067138672,996.3942260742188,315.5683898925781,581.280029296875,417.1664733886719,448.3510437011719,92.01000213623047,94.83000183105469,392.5,7109.14013671875
2026-04-21,265.9250183105469,205.1199951171875,1004.3526611328125,311.5962829589844,571.9500122070312,423.2433166503906,449.3109130859375,90.5999984741211,92.58000183105469,386.4200134277344,7064.009765625
2026-04-22,272.9185791015625,200.5,1002.2457275390625,311.6161804199219,555.4299926757812,431.984375,487.4050598144531,90.0,93.23999786376953,387.510009765625,7137.89990234375
2026-04-23,273.1783142089844,200.9499969482422,1012.9102172851562,310.29217529296875,529.7899780273438,414.8514709472656,481.64593505859375,96.25,92.81999969482422,373.7200012207031,7108.39990234375
2026-04-24,270.81048583984375,198.7100067138672,1009.6849365234375,306.8974609375,513.4500122070312,423.7023010253906,496.64361572265625,95.27999877929688,92.44000244140625,376.29998779296875,7165.080078125
2026-04-27,267.3636474609375,197.3800048828125,996.56396484375,310.232421875,513.3499755859375,423.9018859863281,524.4793090820312,94.83000183105469,91.37000274658203,378.6700134277344,7173.91015625
2026-04-28,270.4608154296875,197.69000244140625,992.5597534179688,310.0532531738281,512.2899780273438,428.3222961425781,504.21246337890625,96.51000213623047,92.2699966430664,376.0199890136719,7138.7998046875
2026-04-29,269.92132568359375,203.88999938964844,997.2229614257812,307.86309814453125,509.80999755859375,423.5426330566406,518.3803100585938,94.16999816894531,92.12000274658203,372.79998779296875,7135.9501953125
2026-04-30,271.1002502441406,211.32000732421875,1013.06005859375,311.82525634765625,517.969970703125,406.8987121582031,517.0804443359375,97.87999725341797,93.61000061035156,381.6300048828125,7209.009765625
2026-05-01,279.88214111328125,206.60000610351562,1011.7000122070312,311.06866455078125,512.77001953125,413.5443115234375,542.1266479492188,96.94999694824219,92.05999755859375,390.82000732421875,7230.1201171875
2026-05-04,276.5751647949219,208.16000366210938,1012.7899780273438,306.270263671875,518.1500244140625,412.72607421875,576.3613891601562,95.51000213623047,91.0199966430664,392.510009765625,7200.75
2026-05-05,283.9184265136719,206.11000061035156,1016.4199829101562,308.0124206542969,508.92999267578125,410.4909362792969,640.1015625,96.27999877929688,87.88999938964844,389.3699951171875,7259.22021484375
2026-05-06,287.245361328125,205.02999877929688,995.75,313.4877624511719,514.260009765625,413.0653381347656,666.487548828125,95.38999938964844,88.2699966430664,398.7300109863281,7365.1201171875
2026-05-07,287.1754150390625,202.7100067138672,1012.0599975585938,304.8964538574219,512.4099731445312,419.8606262207031,646.5305786132812,93.31999969482422,88.25,411.7900085449219,7337.10986328125
2026-05-08,293.0500183105469,201.5500030517578,1008.7899780273438,300.74517822265625,506.510009765625,414.22283935546875,746.6951293945312,93.0999984741211,87.48999786376953,428.3500061035156,7398.93017578125
2026-05-11,292.67999267578125,202.77999877929688,999.469970703125,298.6545715332031,512.25,411.7681579589844,795.2077026367188,94.83999633789062,85.44999694824219,445.0,7412.83984375
2026-05-12,294.79998779296875,207.86000061035156,1021.8800048828125,303.5126953125,521.0,406.8887023925781,766.462158203125,94.58999633789062,87.66000366210938,433.45001220703125,7400.9599609375
2026-05-13,298.8699951171875,208.5,1033.0799560546875,298.9034729003906,519.9400024414062,404.3342590332031,803.5064086914062,94.8499984741211,87.55999755859375,445.2699890136719,7444.25
2026-05-14,298.2099914550781,210.77000427246094,1041.25,298.56500244140625,520.4099731445312,408.5451354980469,775.8906860351562,95.68000030517578,86.94000244140625,443.29998779296875,7501.240234375
2026-05-15,300.2300109863281,210.38999938964844,1048.949951171875,296.4743957519531,516.010009765625,421.0081481933594,724.5485229492188,93.36000061035156,87.0199966430664,422.239990234375,7408.5
2026-05-18,297.8399963378906,209.41000366210938,1076.469970703125,299.3813171386719,528.3099975585938,422.6246643066406,681.4351806640625,89.04000091552734,89.6500015258789,409.989990234375,7403.0498046875
2026-05-19,298.9700012207031,213.75999450683594,1094.3199462890625,294.3738708496094,526.6300048828125,416.51788330078125,698.632568359375,90.05999755859375,89.33000183105469,404.1099853515625,7353.60986328125
2026-05-20,302.25,212.3000030517578,1074.010009765625,300.625732421875,522.5900268554688,420.1499938964844,731.87744140625,88.2699966430664,88.08999633789062,417.260009765625,7432.97021484375
2026-05-21,304.989990234375,214.5,1050.449951171875,301.6411437988281,522.7899780273438,419.0899963378906,761.9827880859375,89.69000244140625,89.30000305175781,417.8500061035156,7445.72021484375
2026-05-22,308.82000732421875,215.6999969482422,1028.239990234375,305.0059814453125,533.239990234375,418.57000732421875,750.884521484375,88.55000305175781,88.5999984741211,426.010009765625,7473.47021484375
2026-05-26,308.3299865722656,213.1199951171875,1002.9299926757812,305.3643493652344,532.9000244140625,416.0299987792969,895.7422485351562,87.6500015258789,87.68000030517578,433.5899963378906,7519.1201171875
2026-05-27,310.8500061035156,215.39999389648438,1003.6900024414062,297.93780517578125,531.1400146484375,412.6700134277344,928.2672119140625,87.6500015258789,87.3499984741211,440.3599853515625,7520.35986328125
2026-05-28,312.510009765625,218.6300048828125,995.2000122070312,295.3992614746094,537.2100219726562,426.989990234375,923.3779907226562,87.25,86.36000061035156,442.1000061035156,7563.6298828125
2026-05-29,312.05999755859375,217.72000122070312,956.3200073242188,297.9676818847656,530.4500122070312,450.239990234375,970.8507080078125,87.01000213623047,86.0199966430664,435.7900085449219,7580.06005859375
2026-06-01,306.30999755859375,212.92999267578125,946.1099853515625,295.2499084472656,516.5,460.5199890136719,1035.3408203125,83.66000366210938,85.8499984741211,415.8800048828125,7599.9599609375
2026-06-02,315.20001220703125,215.39999389648438,954.27001953125,299.6102600097656,513.4299926757812,441.30999755859375,1063.936279296875,85.68000030517578,83.33000183105469,423.739990234375,7609.77978515625
2026-06-03,310.260009765625,217.1300048828125,961.8300170898438,299.50079345703125,512.030029296875,427.3399963378906,1079.4039306640625,84.58000183105469,81.5199966430664,423.70001220703125,7553.68017578125
2026-06-04,311.2300109863281,224.94000244140625,972.3499755859375,309.4957580566406,519.0499877929688,428.04998779296875,995.8468627929688,85.68000030517578,81.55999755859375,418.45001220703125,7584.31005859375
2026-06-05,307.3399963378906,227.22999572753906,971.8699951171875,310.9691162109375,523.760009765625,416.6700134277344,863.8771362304688,85.83999633789062,82.18000030517578,391.0,7383.740234375
2026-06-08,301.5400085449219,223.07000732421875,974.75,309.7147521972656,520.0700073242188,411.739990234375,949.134033203125,84.01000213623047,82.63999938964844,408.95001220703125,7405.72998046875
2026-06-09,290.54998779296875,225.4199981689453,968.5900268554688,311.2976379394531,530.1300048828125,403.4100036621094,935.74609375,84.83000183105469,81.41000366210938,396.67999267578125,7386.64990234375
2026-06-10,291.5799865722656,224.9499969482422,983.3699951171875,307.75360107421875,525.02001953125,397.3599853515625,891.7428588867188,85.12000274658203,82.0,381.5899963378906,7266.990234375
2026-06-11,295.6300048828125,224.77000427246094,975.6900024414062,312.0840759277344,548.6799926757812,390.3399963378906,995.7168579101562,84.83999633789062,81.2699966430664,399.1499938964844,7394.2998046875
2026-06-12,291.1300048828125,227.72999572753906,982.3499755859375,319.28167724609375,540.3300170898438,390.739990234375,981.4590454101562,85.98999786376953,80.33999633789062,406.42999267578125,7431.4599609375
2026-06-15,296.4200134277344,221.58999633789062,979.4500122070312,317.96759033203125,530.3599853515625,399.760009765625,1087.8226318359375,86.12000274658203,81.66999816894531,411.1499938964844,7554.2900390625
2026-06-16,299.239990234375,222.47000122070312,986.6799926757812,329.6549377441406,535.9500122070312,393.8299865722656,1020.60302734375,86.2300033569336,78.72000122070312,404.6600036621094,7511.35009765625
2026-06-17,295.95001220703125,221.22999572753906,965.5900268554688,331.9645080566406,532.3200073242188,378.9100036621094,1043.029541015625,85.7300033569336,76.95999908447266,396.3800048828125,7420.10009765625
2026-06-18,298.010009765625,216.49000549316406,951.4500122070312,323.761474609375,510.95001220703125,379.3999938964844,1133.8155517578125,86.75,77.37999725341797,400.489990234375,7500.580078125
2026-06-22,297.010009765625,230.00999450683594,951.3499755859375,329.993408203125,493.6000061035156,367.3399963378906,1211.1937255859375,86.08000183105469,72.87999725341797,405.04998779296875,7472.7900390625
2026-06-23,294.29998779296875,234.75999450683594,957.6799926757812,332.6414794921875,503.6700134277344,373.94000244140625,1051.6082763671875,86.43000030517578,72.81999969482422,381.6099853515625,7365.4599609375
2026-06-24,293.0799865722656,234.88999938964844,961.0900268554688,331.95458984375,491.6400146484375,365.4599914550781,1048.3487548828125,87.62000274658203,71.83999633789062,375.5299987792969,7358.22021484375
2026-06-25,275.1499938964844,243.13999938964844,942.239990234375,333.6170654296875,505.0199890136719,352.8299865722656,1213.3734130859375,87.69999694824219,70.9000015258789,375.1199951171875,7357.490234375
2026-06-26,283.7799987792969,253.35000610351562,952.5399780273438,327.57427978515625,507.3999938964844,372.9700012207031,1132.1558837890625,88.55999755859375,73.80999755859375,379.7099914550781,7354.02001953125
2026-06-29,281.739990234375,254.30999755859375,946.6799926757812,327.91278076171875,502.07000732421875,368.57000732421875,1145.1038818359375,88.66000366210938,73.77999877929688,411.8399963378906,7440.43017578125
2026-06-30,289.3599853515625,251.63999938964844,935.469970703125,325.86199951171875,509.4599914550781,373.0199890136719,1154.112548828125,87.7699966430664,71.4000015258789,420.6000061035156,7499.35986328125
